v1,v2,v3,,
"In other words #katandandre, your food was crapilicious! #mkr",0,not_cyberbullying,,
Why is #aussietv so white? #MKR #theblock #ImACelebrityAU #today #sunrise #studio10 #Neighbours #WonderlandTen #etc,0,not_cyberbullying,,
@XochitlSuckkks a classy whore? Or more red velvet cupcakes?,0,not_cyberbullying,,
"@Jason_Gio meh. :P  thanks for the heads up, but not too concerned about another angry dude on twitter.",0,not_cyberbullying,,
"@RudhoeEnglish This is an ISIS account pretending to be a Kurdish account.  Like Islam, it is all lies.",0,not_cyberbullying,,
"@Raja5aab @Quickieleaks Yes, the test of god is that good or bad or indifferent or weird or whatever, it all proves gods existence.",0,not_cyberbullying,,
Itu sekolah ya bukan tempat bully! Ga jauh kaya neraka,0,not_cyberbullying,,
Karma. I hope it bites Kat on the butt. She is just nasty. #mkr,0,not_cyberbullying,,
@stockputout everything but mostly my priest,0,not_cyberbullying,,
Rebecca Black Drops Out of School Due to Bullying:,0,not_cyberbullying,,
@Jord_Is_Dead http://t.co/UsQInYW5Gn,0,not_cyberbullying,,
The Bully flushes on KD http://twitvid.com/A2TNP,0,not_cyberbullying,,
Ughhhh #MKR,0,not_cyberbullying,,
RT @Kurdsnews: Turkish state has killed 241 children in last 11 years http://t.co/JlvkE1epws  #news  ##Google«eviriciToplulu?uK¸rtÁeyideEÖ,0,not_cyberbullying,,
"Love that the best response to the hotcakes they managed to film was a non-committal ""meh"" from some adolescent. #MKR",0,not_cyberbullying,,
@yasmimcaci @Bferrarii PAREM DE FAZER BULLYING COMIGO =( UHAHUAH BANDO DE PRETO,0,not_cyberbullying,,
"@sarinhacoral @Victor_Maggi tadinhu de mim , sofrendo bulling viu MIMI'",0,not_cyberbullying,,
@0xabad1dea @kelseytheodore2 twitter is basically the angry letters of our generation.,0,not_cyberbullying,,
"Best pick up line? Hi, you're cute... ?: I love how people call James Potter is a bully. - mypatronusisyou: http://tumblr.com/xol3xl14zy",0,not_cyberbullying,,
Now I gotta walk to classss?! I officially hate the stupid bus system! -_-,0,not_cyberbullying,,
@halalcunty @biebervalue @liamxkiwi @greenlinerzjm @halalflaws I know Saudis chased girls into a burning building. http://t.co/8b1AclczN9,0,not_cyberbullying,,
Kids Love??? @ Mohamad Bin Zayed City ????? ???? ?? ???? http://t.co/0xrOZSNn,0,not_cyberbullying,,
"I still have Jack, Amsterdam, Ciroc, Crown, Bud Light, Lime-a-rita, and CRU in my love handles. I feel the jiggle when I walk...",0,not_cyberbullying,,
"@scottyswaggod men are the ones that are going to push the real change. they are the ones in power, generally. we need their help.",0,not_cyberbullying,,
Wishing my arena partner was on. &gt;.&gt;  Really want to get some PvP happening.,0,not_cyberbullying,,
Education Nation: Bullying | Turn to 10 http://t.co/sxTIWtp,0,not_cyberbullying,,
@sand_dejesus Isso È bullying! @O_Patriarca,0,not_cyberbullying,,
@gcarothers eek. i can't stand split keyboards. doesn't work well with MMOs.,0,not_cyberbullying,,
@MaxBlumenthal @cpassevant @anadumitrescu13 Post-Hebdo? LOL. Events like it are a daily occurrence around the world. Why isolate one.,0,not_cyberbullying,,
You know there are people out there who like @joeyBADASS_ but don't listen to old school.,0,not_cyberbullying,,
@Firebomb173 @ANDAASONSAN not the first time it's happened. That was probably the worst though.,0,not_cyberbullying,,
@KamilaaRudenko how are u ?,0,not_cyberbullying,,
"The contact form on the site was bugged. Turns out that if you use a ']' in the email subject prefix, it breaks everything. silly wordpress.",0,not_cyberbullying,,
"The thing about Uber is, even if it wasn't a horrible, sexist, shitty company, I would still be against it.",0,not_cyberbullying,,
I think @bxokrissy third period teacher doesn't like me he always tells me to go to class when I walk u to class,0,not_cyberbullying,,
@andythewookie1 what's that quote about jacking off with one hand and pointing with the other?,0,not_cyberbullying,,
"I hope this round humbled the girls, they can't cook #MKR",0,not_cyberbullying,,
@MelissaRyan Look at what DC Public Schools are doing for bullying LGBT students now that @m_rhee is gone. http://t.co/ZegLmS7,0,not_cyberbullying,,
Really miss my classmates n schoolmates. See you all soon people,0,not_cyberbullying,,
Fuck. #MKR,0,not_cyberbullying,,
#mkr Promo girls are going to BRING IT in the next round. Yeah! Bring it! Bring your store bought capsicums!,0,not_cyberbullying,,
Hey Ma in the orange skirt,0,not_cyberbullying,,
Fuck this paper bullshit,0,not_cyberbullying,,
Elephants??? Direct them to #cuntandandre,0,not_cyberbullying,,
Film ini salah satu potret bullying dikalangan anak2 #mynameiskhan,0,not_cyberbullying,,
#NowWatching a Charlie Brown Thanksgiving #classic,0,not_cyberbullying,,
Let's talk about what it means to be a victim. http://t.co/FInA7zfTTT,0,not_cyberbullying,,
"@MileyCyrus @JuliaAllynn no, you are ahhhhhmazing! &lt;3",0,not_cyberbullying,,
"@janaane poise, odiei aquilo ele sofria bullying de meninas porisso matou muitas meninas, mais mesmo assim aquelas crianÁas nao tinham culpa",0,not_cyberbullying,,
no one ever help.me like my bully @AlwaysVero_ did /:,0,not_cyberbullying,,
"@Giia_marengo le hace bulling a @Karol__Dance por que se ""gana"" en todos lados jajajaj y dice que los washiturros NO son flaites jajaj WENA",0,not_cyberbullying,,
#Kerala RTE will lead to shutting down of 'Badal' schools in backward areas &amp; parents will mostly not allow them to join far away schools.,0,not_cyberbullying,,
"If you are feeling perturbed about women that aren't humble, kindly go set yourself on fire.",0,not_cyberbullying,,
You look like a gypsy. Sorry I'm not sorry.,0,not_cyberbullying,,
"Oh hey, you should be ashamed of your disgusting self. @TheMajesticPlum http://t.co/B4obsliTUg",0,not_cyberbullying,,
BULLSHIT!!!! #MKR #MKR2015,0,not_cyberbullying,,
"@hayhenning good news, if i ever have a problem with a big mean bully, i know who to call!",0,not_cyberbullying,,
I'm done - won't bother with the rest of this pathetic shit show #mkr,0,not_cyberbullying,,
"@GlennF @Spacekatgal it is rather funny how all of us are so completely different, yet complement each other's skill sets so well.",0,not_cyberbullying,,
"@sbrew11 If you hadn't noticed, I save my witty replies for sexists with a little more panache. I don't want to get above your reading level",0,not_cyberbullying,,
"@nader_haq @MadDr11 Yeap, breeding and violence are the only thing they do well.",0,not_cyberbullying,,
@SirajZarook @BilalIGhumman @OdiniaInvictus @IsraeliRegime A. I don't have a faith. B. Your tweet is incoherent.,0,not_cyberbullying,,
Lil bro @Mackmanee_15 was on the bully last night,0,not_cyberbullying,,
@Bahai144 ROFLMAO.  So all this time I've been trying to squeeze logic out of a religious nut that is as crazy as ISIS.,0,not_cyberbullying,,
"@jaredchase i kept being the last person alive AND topping damage. it's like, what. this isn't hard.",0,not_cyberbullying,,
Follow News Reports Of #BrandonMcInerney Shooting Death Of #LarryKing Trial http://t.co/WgrutwF #Gay #GLBT #LGBT #Bullying #Murder,0,not_cyberbullying,,
"@CarSalesBossMan Unlike men, who can't fix cars because they can't fit their giant fucking swelled heads under them.",0,not_cyberbullying,,
RT @Hanar_Marouf: Daesh is distrbuting Stolen U.N. Humanitarian Aid W/ Its Own Logo!! #Iraq #twitterkurds http://t.co/kSkGLrh1jt http://t.cÖ,0,not_cyberbullying,,
@TURBOCUNT i have no idea what red bean tastes like. i'm assuming it tastes like beans? i'm not really down with beans.,0,not_cyberbullying,,
Wait so are we voting again when we come back to school ?,0,not_cyberbullying,,
The worst hoe is a hoe who can't admit she was a hoe.!,0,not_cyberbullying,,
"RT @srhbutts: CEO of sony europe vehemently, unequivocally condemns #gamergate as misogynistic harassment. http://t.co/0M07MuT5AY",0,not_cyberbullying,,
even alle bully beatdown afleveringen gedownload van season 1 en 2 :),0,not_cyberbullying,,
"How can you sleep with make-up? Like ew, your skin will be so oily the next day.",0,not_cyberbullying,,
freaky ass ready ass hoes,0,not_cyberbullying,,
@jukes303 The old oil cliche again. The US pays for every drop of oil they get from the ME on the open market just like every other country.,0,not_cyberbullying,,
Is Colin hot? #MKR,0,not_cyberbullying,,
aposto que vou sofrer bullying depois do meu prÛximo tweet,0,not_cyberbullying,,
RT @BliggiVee: Round and round we go where it stops nobody knows. How much more will this drag on?!? #MKR,0,not_cyberbullying,,
First social test of the year...,0,not_cyberbullying,,
@iMrBarfield it starts Thursday. My classes are canceled for tomorrow tho??.,0,not_cyberbullying,,
Me my self and I,0,not_cyberbullying,,
"The only thing Facebook does well, is cause shit and promote cyber bullying.",0,not_cyberbullying,,
Frio È bullying contra os solteiros..,0,not_cyberbullying,,
õ Meninos do Tumblr s„o assim: õ õ Meninas do Tumblr s„o assim: õ õ E eu sou assim: õ õ Isso È bullying. http://t.co/dr0Yql4,0,not_cyberbullying,,
"@AMohedin Even Pickthall, who is an Englishman, was a Muslim convert.",0,not_cyberbullying,,
@daimau5 Your boy gianluca toni was class another big 6ft 5 lunk,0,not_cyberbullying,,
"Mum; You need a college bad not a handbag. Me; But mommmmmmm, it's phinkkk :&lt;",0,not_cyberbullying,,
"serio, falsidade È bullying",0,not_cyberbullying,,
I really wish i could graduate already and go to college to get away from my siblings.... Sick of all of this!!!!!!!,0,not_cyberbullying,,
I knew Nikki reminded me of someone. #mkr http://t.co/yWjMAyphJm,0,not_cyberbullying,,
Best Bully Sticks Spotlight on a Breed: We Honor Maddie the American Eskimo: We always love getting emails from ... http://bit.ly/rlUS4m,0,not_cyberbullying,,
COL…GIOS ADVENTISTAS DE S√O PAULO DISCUTEM O BULLYING - BOM DIA S√O PAULO http://t.co/YyfPou0,0,not_cyberbullying,,
pratico bullying para ser aceito socialmente,0,not_cyberbullying,,
@Kaya786 @fai3an_H And I don't walk in circles around a black meteor in Mecca under the delusion that it will please god.,0,not_cyberbullying,,
@RealandIllusory = ranting idiot.,0,not_cyberbullying,,
"@AAlwuhaib1977 I know hundreds of Christians, but not a single one that fits the discription.",0,not_cyberbullying,,
She a pussy Hoe till I get the Pussy HOE!,0,not_cyberbullying,,
"@diandrasallini Claro que nao, mas ela pode falar kkkkkkk, agora tudo È bullying kkk",0,not_cyberbullying,,
"RT @Emoroffle: @freebsdgirl Gotta love that ""We determine the good feminists, and it's men"" mentality that GG has. Zero self-awareness.",0,not_cyberbullying,,
@mirebotan84 @RamiAlLolah I support that. I don't like people like Rami who complain about the things he supports when done to others.,0,not_cyberbullying,,
#SelfDefense The Best Martial Art for stopping Bullying http://t.co/cQajVOl,0,not_cyberbullying,,
@_jearbear__ @kv3rch he swore the ravens were gonna whoop our ass.. Jj watt is gonna destroy that o-line lol,0,not_cyberbullying,,
@edgeofthesandbx @batchelorshow @FearDept And there have been dozens of witnesses who have seen the Russians target civilians for propaganda,0,not_cyberbullying,,
RT @peteevansnot: Seriously why wouldn't you feed #paleo formula to your newborns with TWENTY TIMES the vitamin A of breastmilk? #mkr http:Ö,0,not_cyberbullying,,
"Anti-bullying workshop offers parents practical, legal solutions: With 30 percent of students nationwide being h... http://t.co/xjkhms6",0,not_cyberbullying,,
"If your benchmark for success is Team Greek next door, then you're always going to be feeling confident. #MKR",0,not_cyberbullying,,
Yo. Who do I know at @pagerduty? I can never recall names + employers.,0,not_cyberbullying,,
RT @TVWEEKmag: #katandandre might have to eat her words after receiving some not so great feedback on their ham and gruyere dish. #MKR #tvwÖ,0,not_cyberbullying,,
"White dude wins the Nobel for lit again, shocking, next you'll tell me his novels speak to a universal human experience",0,not_cyberbullying,,
@normaojeda000 yupperz!! Why?,0,not_cyberbullying,,
"@GiacomoBert8008 Honestly, WHAT",0,not_cyberbullying,,
You know...kudos to #MKR for being able to stretch out a show....over a month onto the show and we still dont have final teams...,0,not_cyberbullying,,
"@Llydisblur people seem to have a really warped view of what republican even means, lately. party lines have majorly shifted. :\",0,not_cyberbullying,,
RT @brownlee_dr: #Yazidi #girls tell of escape from #IS http://t.co/6FVwGLCP24,0,not_cyberbullying,,
@MacaLofish_UC  oajoajoajajo creo que todos me hacen bullying porr no tomar ojaojaojaoajoajoja,0,not_cyberbullying,,
Lolol that boy is whipped AF,0,not_cyberbullying,,
@KnightfanNeal #UCFPINKPARTY come on stay alive knights nation!!!! This is still the early bird special. #ComeAtMeUT,0,not_cyberbullying,,
The girls need to learn how to churn #MKR,0,not_cyberbullying,,
Stick to your day jobs girls #MKR,0,not_cyberbullying,,
How are You? @edcrossfineart We are well...,0,not_cyberbullying,,
@ugobananas OBVIOUSLY,0,not_cyberbullying,,
That's crap Lynn and Tony should have stayed #MKR,0,not_cyberbullying,,
I GUESS I NEED YOU BABYY~,0,not_cyberbullying,,
@yuskan0723 Just as I thought.  There is no evidence of intentionally targeting children. And it's not even certain it was an Israeli boat.,0,not_cyberbullying,,
"@LynnMagic turning it into a block list could be pretty rad, too. ;)",0,not_cyberbullying,,
"Sure is Monday! Up at 4am for work, the boss is in a bad mood, he messed up my schedule, and our DC driver ran into our dumpster!",0,not_cyberbullying,,
#MKR my guess. bottom 2 teams from each round are going back into instant restaurants. Just saying.,0,not_cyberbullying,,
"@Lovemycoffeetoo @hidden_horcrux there were 4 top teams, 1 from ea round, &amp; didn't #AdamAndCarol  top their round &amp; are also safe? #mkr",0,not_cyberbullying,,
When someone gets bitten by a rabid dog and has to get six inch needles in the belly be there to say NOT ALL DOGS #notalleverything,0,not_cyberbullying,,
@SirajZarook @BilalIGhumman @OdiniaInvictus @IsraeliRegime There is no ongoing endless occupation anywhere.,0,not_cyberbullying,,
"Minnesota gay teens bullied by adults, peers, say activists (Reuters): Reuters ñ Barb Schroeder knew about her s... http://t.co/ujqd9K2",0,not_cyberbullying,,
"And a 7 for ""smear of lemon tart""??? #MKR",0,not_cyberbullying,,
"@Censored31 @rupertmurdoch I don't have a religion, microbrain.  Have you found what hole that coward Baghdadi crawled into at Gwer?",0,not_cyberbullying,,
@Assiye61 @MaxBlumenthal The Quran.,0,not_cyberbullying,,
mmmm #MKR Forget Deconstruction @lisamromano @garydlum @mattsparks88 THIS is Lemon Tart ?????? mmmm http://t.co/iiLigXbbzw,0,not_cyberbullying,,
Pretty sure they're hiding any ability to actually cook.,0,not_cyberbullying,,
im@s: takes 20 hours to download,0,not_cyberbullying,,
"Walked out of the shelter with no puppy, but now I have a date. Uh. Success has many definitions.",0,not_cyberbullying,,
Today i just did not want to get up. Am dragging myself to college.,0,not_cyberbullying,,
"@DNas shyt iono.. i got hella shyt.. esp rockstar.. off the top of my head, the gta's..bully..re4..PrinceOfPersias..TwistedMetalBlack..etc",0,not_cyberbullying,,
To the extreme I rock a mic like a vandal,0,not_cyberbullying,,
"RT @nrrrdcore: At the very least, questions will be raised. And we now understand that women in our industry must choose between incompetenÖ",0,not_cyberbullying,,
"I'm much happier as a financially secure adult than as a kid in a paycheck to paycheck household (and I had great parents, just no $$$)",0,not_cyberbullying,,
RT @mykitchenrules: Nawwww ?????? #MKR,0,not_cyberbullying,,
Annie &amp; Loyd,0,not_cyberbullying,,
@chris_gray91 no I'm keeping that for later trackies and a tshirt on #LuckyNooneCanSeeMe :( ha x,0,not_cyberbullying,,
"The current system is inadequate. Some of us are experienced at navigating these pitfalls, and we can help you.",0,not_cyberbullying,,
"@RichardDawkins As a child, my parents sent us to Sunday School but I think it was so they had time on their own.I can forgive them for that",0,not_cyberbullying,,
When is the drag show ? #ECU,0,not_cyberbullying,,
Bullying : Quando vocÍ esta no onibus e tem um lugar vago no seu lado e as pessoas preferem ficar em pÈ,0,not_cyberbullying,,
@justinbieber Your How I Get Through Bullying And Tough Times Thinking Of You & How You Got Through It Makes Me See A Light At The End NSN?,0,not_cyberbullying,,
@buellerishere I've watched the ISIS guys argue with Saudi Muslim scholars here on twitter. The scholars always loose.,0,not_cyberbullying,,
@onebrightlight i've been talking to 2 employees and i heard about a lot of the internal politics re: GG. it's enough to make me stay.,0,not_cyberbullying,,
@xoxoMs_smith never ever serve a nigga where you sleep at police be at ya door and nigga you ain't tryna see that,0,not_cyberbullying,,
"@Censored31 @islamic_john Good, that trash should be mocked by the world.",0,not_cyberbullying,,
"Oh my gosh they played ""Ready to Run"" on #MKR tonight!! I was soo happy!!",0,not_cyberbullying,,
Heidi that's no argument! Not everyone who was bullied feels the need to get a nose job and eyelid surgery #InsightSBS,0,not_cyberbullying,,
Anyone went to church services this morning?  Does your little one stay with you or go to a nursery or Sunday School class?,0,not_cyberbullying,,
this has been the longest most uneventful weekend of my life. I feel like I just came from a vacation break.,0,not_cyberbullying,,
ITS BEAUTIFULLLLLLL :'( :'( :'( :'(,0,not_cyberbullying,,
"@RexMundane @gamerfortruth @a_man_in_black i'm not 100% sure where it started, but it's not going anywhere good.",0,not_cyberbullying,,
RT @NewIdeamagazine: Just when they thought it was safe to go back into the kitchen... Instant restaurant redemption round! #mkr,0,not_cyberbullying,,
@LifeInKhilafah LOL. YPG and Pesh are showing videos of truckloads of Daesh bodies. I'm still waiting for the big event you promised.,0,not_cyberbullying,,
Being a Bully Dont Make You Cool,0,not_cyberbullying,,
"@discerningmumin But regardless, ISIS will be completely defeated. I guarantee it. They are too technologically backward to win a modern war",0,not_cyberbullying,,
@RodGarraud @conivergara perdoname :( no puedo vivir sin hacer bullying es parte de mi! jajajajaja,0,not_cyberbullying,,
Video: Kevin Durant Gets Flushed On By Geoff Aka Big Bully At Dyckman! http://t.co/b0zyxeQ via @worldstar,0,not_cyberbullying,,
"@_MacaAlejandra @xsiempreJcyFer @camiiHidalgo_ Oigan , me Siento discriminada :'c me hacen Bulling aaaag* Las Denunciare xd",0,not_cyberbullying,,
#reasonifailatbeingagirl would much prefer to watch Cowboy Bebop than Made in Chelsea,0,not_cyberbullying,,
@LifeInKhilafah ROFL.  Where is Kobani in the picture? Answer - they have lost it.,0,not_cyberbullying,,
"@1Life0Continues i've got the code to interpret &amp; analyze, but the weights themselves are going to take a lot of fiddling.",0,not_cyberbullying,,
"Dou um empurr„o em uma pessoa, isso se chama : - õ empurr„o. õ õ SOCIEDADE: bullying! http://tumblr.com/xun3xycfun",0,not_cyberbullying,,
#simpleasthat,0,not_cyberbullying,,
Me and @LaDyMavV11 stay on instagram and twitter in this class!!,0,not_cyberbullying,,
RT @jurijuri: @freebsdgirl It's like Total Recall but with only two breasts. MAYBE.,0,not_cyberbullying,,
"Curious - so, for the rest of the (non bay area) country - is it normal to see a tweet make news?",0,not_cyberbullying,,
@girlziplocked jfc.,0,not_cyberbullying,,
@classic_KZ @kevin_kohout @sbroph93 @BillDollarton @inSpector_Drew Todays the day maafucks! #readytorage,0,not_cyberbullying,,
@Blaq_Kocaine I'll have to check when I go home,0,not_cyberbullying,,
Lets hear it for a short work/school week!!!,0,not_cyberbullying,,
@yhdjgdjhyghghgj Thanks. I'm glad that all the genocidal Daesh slavers were cleared out.,0,not_cyberbullying,,
Pete eating... #mkr http://t.co/3wcIykPqX3,0,not_cyberbullying,,
@emily_esque I would love that. would you mind DMing me your email address? can shoot you an email later today.,0,not_cyberbullying,,
@GetEmEasy that don't make u a hater..if u said u didn't think it was good u would be a hater..I think it's classic tho..to each his own.,0,not_cyberbullying,,
Caller wanted MIKE's opinion if they r liable.,0,not_cyberbullying,,
"@doofsmack @wadhwa YUP. incidentally, I know the editor. She's a woman, a gamer, and in tech. It's all factual info.",0,not_cyberbullying,,
This person thinks that ~6 people tweeting at them for being a sealioning ass is the worst thing in the world.,0,not_cyberbullying,,
"@Like_Nino remember the girl that was passed out in that wet spot, and I was like ""is that pee..or liquor?"" She was behind us in the corner",0,not_cyberbullying,,
#face #hope #bullying http://t.co/taLCQMj,0,not_cyberbullying,,
RT @mcRelyt: @MT8_9 We have bucookie? http://t.co/Iai78l6KCV,0,not_cyberbullying,,
"@joanneleon @ChristophHeer52 First, Bandera fought for Nazis, but he was also in a Nazi prison.",0,not_cyberbullying,,
"Have 2 team members, sticking with this for now. Thanks, everyone. ^.^",0,not_cyberbullying,,
@rileysomething I'm not adverse to putting boots on the ground at Raqqa and letting our boys kill ISIS through a scope sight.,0,not_cyberbullying,,
"Yep, me too RT@gregbugden @smh @janecaro I always like her public school affirmations too",0,not_cyberbullying,,
"@DaveGreene11 And I'm sure you sew all the tiny stitches on your own clothes, not underpaid women overseas.",0,not_cyberbullying,,
@caitbit BLACKMILK IS AMAZING. have you seen them before?,0,not_cyberbullying,,
FUCKIN' SEE YA @Ztd619Dupuis,0,not_cyberbullying,,
So I see channel 7 have found another way to drag #MKR out for an extra few months this year,0,not_cyberbullying,,
The perfect seat in class would be one where you are surrounded by your best friend and your crush.,0,not_cyberbullying,,
RT @Everestedup: Omg double elimination?! #MKR,0,not_cyberbullying,,
@CarlyandTresne: I still can't believe that Katie and Nikki are out! Seriously... (Oops prob shouldn't say that) #mkr  totes awkward lol,0,not_cyberbullying,,
@AyeOkay89 shittiest day of the week #Monday,0,not_cyberbullying,,
There's one player on this pitch who's just a class above. Juan Mata. #supersunday,0,not_cyberbullying,,
"RT @RichardDawkins: Watching ""India's Daughter"", horrifying. Lawyer defending rapists: ""We have the best culture. In our culture there's noÖ",0,not_cyberbullying,,
"I hope their cooking shows through the next round. I mean, they have to plate it up right? All their (lacking) skills. #MKR",0,not_cyberbullying,,
Wow...I feel so sorry for Colin having to eat what those 2 are serving! #MKR #MKR2015 #vomit,0,not_cyberbullying,,
"@milfgaardian N'rage pink after ~1 week, turquoise is a mix of special fx. Nrage pink holds very well. http://t.co/MqX0jZSIlP",0,not_cyberbullying,,
"Michelle ( Heartless Bitch) Bachman WON'T Sign Anti-bullying law Cause She Doesn't want 2 ""turn boys in2 girls"" WTF ?@ChrisLarson82",0,not_cyberbullying,,
"@Ammaawah @jm111t Yeah, it says that men can beat women.  So what is your point?",0,not_cyberbullying,,
What's better than college basketball?,0,not_cyberbullying,,
"Bullying linked to decreases in GPA, longer lasting negative psychological effects, and obesity. More evidence... http://t.co/UCdxYcj",0,not_cyberbullying,,
"Old school, Degrassi&gt;&gt;&gt;&gt;&gt; #ThatsMyShit",0,not_cyberbullying,,
"Gonna cry in a minute, I can't fucking cope with maths",0,not_cyberbullying,,
STOP LYING @XaiaX,0,not_cyberbullying,,
@petechesbot @tmclaughbos APPARENTLY NOT,0,not_cyberbullying,,
RT @GidgitVonLaRue: #MKR France Vs Ireland Vs Paleo Pete...LETS RUMBLE!,0,not_cyberbullying,,
tbh rooting for jane and emma bc we have that lawyer bond #opposites #mkr,0,not_cyberbullying,,
#theawkwardmoment when you make a status on facebook saying you hate bullies then a bully likes it.,0,not_cyberbullying,,
@Paigey_x hahaha we will see #doubtful,0,not_cyberbullying,,
RT @girlziplocked: WTF @onthemedia @tldr? Man gets upset that women in tech are upset that said man silences women. So you take it down? htÖ,0,not_cyberbullying,,
This is just ridiculous. #mkr Another 7 FFS.,0,not_cyberbullying,,
@UnitePink my apt complex turns away all packages ??,0,not_cyberbullying,,
the fact that there are 4958239689587 cute boys in the world and 0% go to my school i am sick of this shit,0,not_cyberbullying,,
RT @barbara_volkwyn: Islamic State Resupply Route Extended to 400 km After Peshmerga Take #Mosulñ #Sinjar Road  http://t.co/bvrcRNAn1w #ISIÖ,0,not_cyberbullying,,
@_alianicole i kno a play where u i was always the bully n champion !!  ooowwwww,0,not_cyberbullying,,
JustiÁa Estadual informa que bullying escolar ser· caso de PolÌcia em Cuiab· http://t.co/66xzSz8,0,not_cyberbullying,,
@EvvyKube not sure.,0,not_cyberbullying,,
"@Saeed6Ali @MaxBlumenthal @DaraDeBrun Since the slug is closer to your IQ, I can understand the fascination.",0,not_cyberbullying,,
@ShariRomine @emaleroland @dehneh1   Got it!  I'm learning.,0,not_cyberbullying,,
"@drlovegrove right?! I can't stop singing it, and I'm only 18..",0,not_cyberbullying,,
Ubisoft's attempts at pushing Uplay is rage-inducing.,0,not_cyberbullying,,
@TURBOCUNT they have some crazy flavors. wasabi? red bean?,0,not_cyberbullying,,
Twitter makes me laugh....Better than the series ;)))))) Very funny ??????????  #MKR,0,not_cyberbullying,,
Did you say Ninjas???!,0,not_cyberbullying,,
@ErikaLopezDurel Definitions mean jack.  Actions do.,0,not_cyberbullying,,
#mkr those carrots look overdone,0,not_cyberbullying,,
@PoliticalAnt @Lithobolos And of course I would also fight against any theocracy - regardless of religion.,0,not_cyberbullying,,
Espero que ele fique bem! E que isso sirva de exemplo para todos ficarem em alerta em relaÁ„o as pr·ticas de bullying... o quanto È perigoso,0,not_cyberbullying,,
K! Now I see why coaches get mad when the players go out late at night. #Exhausted,0,not_cyberbullying,,
@GemmaBurnsX @_georgepumphrey my iphone is fucked it doesn't come up properly!,0,not_cyberbullying,,
@tpw_rules nothings broken. I was just driving througg a lot of water.,0,not_cyberbullying,,
"Not really feelin social for Xmas parties but just realized I don't have to deal with people saying""You're not done w school YET?"" this yr!",0,not_cyberbullying,,
YES. I LOVE @lenadunham. http://t.co/ycgTBmmdxb,0,not_cyberbullying,,
One of our strongest tools in stopping violence against women is public shame of the abuser and public support of the victim.,0,not_cyberbullying,,
Wish I was with my buddies @ALLLiiXXX and @paiwai in Staunton rather than this terrible driving class! I'm not even a bad driver #granny,0,not_cyberbullying,,
"@SSTwinrova I'm still at the stage where I've given up on finding a good task list mgt app that fits with my workflow, so I use a notepad.",0,not_cyberbullying,,
#MKR time. Have a feeling that the remote may go through the TV over the next hour with these two clowns.,0,not_cyberbullying,,
"@_joannedelacruz Oh, so I watched the wrong film first. haha that's why! :) I'll download it now hehe thanks!",0,not_cyberbullying,,
My review of Kindle Voyage: a resounding 'meh',0,not_cyberbullying,,
"Go jac n Shaz, looks great #mkr",0,not_cyberbullying,,
This yogurt made my morningg :),0,not_cyberbullying,,
Bubble and squeak for breakfast..are you mad? #mkr,0,not_cyberbullying,,
"Annie and Lloyd: ""vote"" is. It pronounced ""voite"". #mkr",0,not_cyberbullying,,
"@__QN i work monday 2-7, yayyy i get to see you again :) this is more than i saw you at school :O",0,not_cyberbullying,,
"RT @waxpancake: Awww, Vivek made a new friend! http://t.co/B482drk2pN",0,not_cyberbullying,,
Nome: Cantinho do sof· | FunÁ„o: Praticar bullying contra meu dedinho. http://t.co/IdB3frq,0,not_cyberbullying,,
"#50factsaboutme I always feel like my ""friends"" just pretend to like me because they only talk to me in school",0,not_cyberbullying,,
Bullying felino http://t.co/h3lUhN7,0,not_cyberbullying,,
Today in 1910  Dr. Crippen is convicted at the Old Bailey of poisoning his wife and is subsequently hanged at Pentonville Prison in London.,0,not_cyberbullying,,
@BJB_22 Of course you can. Do you go to school wit Eddie?,0,not_cyberbullying,,
@puzzle_oni having a baby doesn't end your world.And none of the young mums I know were thinking about how they were gonna be yummy mummies!,0,not_cyberbullying,,
Thats bullying unghh!,0,not_cyberbullying,,
@NATgotemall never that not me lls,0,not_cyberbullying,,
I can't believe people are still surprised that Annie and Lloyd can't cook! #mkr,0,not_cyberbullying,,
"@nitin yes, absolutely. Almost exclusively used against women that are arguing against men.",0,not_cyberbullying,,
@RodrigoToller_ @20matarcom1tiro se ele colocou minha ft no twitpic me autorizou a cometer bullying Lei n∫ 930138978947324,0,not_cyberbullying,,
Reserve game is cancelled so that means I'm sitting on the bench the rest of the year,0,not_cyberbullying,,
"Birdman is more racist, misogynist trash masquerading as high art. Skip.",0,not_cyberbullying,,
"@Zillytbh @leighalexander oh shit, i accidentally blocked you. whoops.",0,not_cyberbullying,,
"@cheeseplus yeah. i'm kind of feeling like for what i'm doing, wsp is ok. for doing more granular monitoring, redis would be good.",0,not_cyberbullying,,
"@dampscot yup, i'm aware. :)",0,not_cyberbullying,,
I hate art. It's my hardest class.,0,not_cyberbullying,,
Hello birthday week!,0,not_cyberbullying,,
Here's an idea. How about the ability to mute someone for N period of time?,0,not_cyberbullying,,
"@THEBULL_T ur bully's look official ""no homo"" lol",0,not_cyberbullying,,
"RT @girlziplocked: .@Jason you have no idea what ""crazy internet mob"" looks like until you've seen what @femfreq @freebsdgirl and @TheQuinnÖ",0,not_cyberbullying,,
"@kebesays no, my blog post. :)",0,not_cyberbullying,,
@xCali_Boundx See: History of computer science and textile workers,0,not_cyberbullying,,
"@jihadiA_A By people, you mean men only.  The women are clearly imprisoned in their homes.",0,not_cyberbullying,,
@ANDAASONSAN https://t.co/dtjOHnRNhQ,0,not_cyberbullying,,
SAVE $12.52 - Bully Dog 33307 Custom A Pillar Mount $67.47 http://bit.ly/qwpC1I,0,not_cyberbullying,," just Keep-in-touch\"" gdeve.."""
.@philippenis @ApuPunchau Proof?  Reliable source?,0,not_cyberbullying,,
@LifeInKhilafah That just means that the only kinds of Europeans you will get are crazy. Other places have the brainwashed and uneducated.,0,not_cyberbullying,,
"@lisawest99 ...falls in love with a young handsome... (continue to describe Tom Hiddleston:)))) She wants him to belong her entirely, but...",0,not_cyberbullying,,
I hope I can finish it in time,0,not_cyberbullying,,
@JordanL yup!,0,not_cyberbullying,,
"@SmoothStartup all tha time, info is meant 2b shared that way I can get more from a diff perspective, my page has a variety a ppl I follow",0,not_cyberbullying,,
"I need to invest in a YakBak so I can just press a button when I need to say ""ironic sexism is still sexism.""",0,not_cyberbullying,,
Bullying masivo para #LosCruzadoTwitteros que andaban en Talcahuano.,0,not_cyberbullying,,
#MKR Finally food I can relate to,0,not_cyberbullying,,
Asap rocky mmm mmmmm his voice is so sexy I don't care.,0,not_cyberbullying,,
Ever since I met you no one else has even been worth thinking about.,0,not_cyberbullying,,
Only half a semester left ????,0,not_cyberbullying,,
"@a_man_in_black sigh. prob w/being a public figure (which you are, like it or not) is that when you say shit like this, it causes a storm.",0,not_cyberbullying,,
@Zahoorgorsi The Daesh are doing a great job of producing hell on earth for the people living in their areas.,0,not_cyberbullying,,
"How come it is that the minute I get home, my family wind me up when I'm never annoyed like that at school? Grr #annoyingfamily",0,not_cyberbullying,,
#Koscielny off which #LiverpoolFC have to take advantage of. 2 rookies in this #Arsenal back 4 and Carroll needs to bully them,0,not_cyberbullying,,
"Asiik skarang aji yg jadi bhn bully? Nyekil siapose?""@sheilamatmalam: @ajiehatadji @pascaarafah tuh cha, si ajie nyekilllllll ( ¨??? ¨??î)""",0,not_cyberbullying,,
@femfreq You cannot make this shit up. It writes itself!,0,not_cyberbullying,,
I feel like this is necessary today: http://t.co/W70c7yjnpY,0,not_cyberbullying,,
Why are Annie and Lloyd cooking that for breakfast? #mkr,0,not_cyberbullying,,
"Remember RogueStar, dude that doxxed and led the mob against many, &amp; never delivered on 1st kickstarter? Has another https://t.co/6nbX7dXCvu",0,not_cyberbullying,,
"Preciso fazer um script de 10 minutos sobre bullying, Morra lÌngua portuguesa ; Morra Professora !",0,not_cyberbullying,,
I appreciate every donation received. But ppl that threaten to pull funding if I don't say the things they want to hear can fuck themselves.,0,not_cyberbullying,,
RT @cvoter: The only way Global Media can pay respect to #CharlieHebdo martyrs is by reprinting and republishing them. Again &amp; again &amp; agaiÖ,0,not_cyberbullying,,
"New Idea headline: ""#MKR shock! What are they hiding?"". Pretty sure they're hiding any ability to actually cook.",0,not_cyberbullying,,
:D,0,not_cyberbullying,,
"I'm with manu, if camping was involved I wouldn't show up either #MKR",0,not_cyberbullying,,
"Can't believe he did that AGAIN. Jesus. Hey dudes? Don't do that. Not ever. Ask yourself, would I do this to a guy? No? Then fucking STOP.",0,not_cyberbullying,,
"@discerningmumin We didn't overturn elections in either place, the people did, and the people have that right, as long as they elect new ppl",0,not_cyberbullying,,
"ethics in journalism. ETHICS. IN. JOURRRRRRRNALISM. No wonder he's friends with that walking burrito fart, milo.",0,not_cyberbullying,,
"You aren't just one person. There are many of us, and we all have voices. But more than that, we have resources, experience, and passion.",0,not_cyberbullying,,
"@stockputout not that high yet. Only like 1800 I think. I'm not even as geared as I should be, I haven't been playing that much.",0,not_cyberbullying,,
Preseason,0,not_cyberbullying,,
They need a couple of 8's? #MKR,0,not_cyberbullying,,
"Borad St Bully ,",0,not_cyberbullying,,
@anbaari16 Looks like things have turned around and the Daesh are now very quick to run away.,0,not_cyberbullying,,
I feel like change is gonna happen soon.,0,not_cyberbullying,,
stan got this A+ last word before blocking me: Ever heard of caustic #sarcasm? Rename yourself @yesyoureaBellend Thanks Awfully *mwah!* xxx,0,not_cyberbullying,,
@Slim_chaney I LOVE YOU,0,not_cyberbullying,,
Whether life's disabilities left you outcast bullied or teased rejoice and love yourself today cause babyyy u where born this way!!!!,0,not_cyberbullying,,
@JetsDoIt93 thankssss Joey!,0,not_cyberbullying,,
@Vrais66 And these. http://t.co/V3cf0aGlcp,0,not_cyberbullying,,
god bless my mom for bringing home chinese food,0,not_cyberbullying,,
"@YesYoureSexist If anyone is interested in contributing to the project in their discipline, I have an Excel template you can go to town on.",0,not_cyberbullying,,
whats Ja'mie doing in #MKR ? #summerheightshigh @ChrisLilley http://t.co/9npCYLVNLl,0,not_cyberbullying,,
Have you ever wondered where the idea of the 72 virgins comes from in Islam.  Here is the Hadith describing it. http://t.co/I978JpdfV2,0,not_cyberbullying,,
@aninkyaffair I am jealous.,0,not_cyberbullying,,
LIKE THE TIME IN SCHOOL WE GOT FREE LUNCH AND THE COOL KIDS BEAT US UP.,0,not_cyberbullying,,
@Matt_Cooke86 Nutrition is key to closing the .#Aboriginal life expectancy gap http://t.co/IHtNiRJMa9 @croakeyblog http://t.co/ktnqAD0TM3,0,not_cyberbullying,,
"It's refined and it's pretty. Like us!Seriously, someone get these girls English lessons, they have no idea what they're saying. #MKR",0,not_cyberbullying,,
#HowToGetAwayWithMurder? Serve raw #Spatchcock! #MKR #MKR2015,0,not_cyberbullying,,
Its great to hear @danyneville voice after a long day at work ?,0,not_cyberbullying,,
FFS,0,not_cyberbullying,,
It was difficult. I questioned if it was a good idea until someone in the crowd came forward for a hug &amp; started crying. Then I was crying.,0,not_cyberbullying,,
I don't know how some people can talk about how often they get drunk on Facebook or Twitter. #KeepItClassy,0,not_cyberbullying,,
@RafayAgha I don't like people being bullied. I am the voice for the voiceless.,0,not_cyberbullying,,
When I have children and if I have a girl I'm naming her Frankie cause its such a cute fricking girl name omg..,0,not_cyberbullying,,
"you call me up again just to break me like a promise, so casually cruel in the name of being honest.",0,not_cyberbullying,,
"Kat and Andre celebrating bad cooking, bad attitude and strategic scoring. Absolute champs. #hell #MKR",0,not_cyberbullying,,
"@Palle_Hoffstein @CranBoonitz FreeBSD keeps getting emails about firing me, as well. Y'know, the open source OS i used to contribute to.",0,not_cyberbullying,,
Weíre blowing up the sky like the fifth of November,0,not_cyberbullying,,
".@SlutWalkTO @JustLaurenB @Filotto @TheGags29 @bowtie_guy14 @MyLostGadget @LostSailorNY Agreed, sure but what does that have to do w #Page3?",0,not_cyberbullying,,
"@MisGrace @GBabeuf @RJennromao @DavidJo52951945 @Novorossiyan @gbazov @NewsCoverUp @rougek68 Russia, 157 out of 168 nations on pess freedom.",0,not_cyberbullying,,
My manager just killed a fucking bee in my hair....wtf,0,not_cyberbullying,,
#np Anti-Bully Zone by @charleshamilton.....one of my favorite beats/songs CH has ever done. so fucking deep.,0,not_cyberbullying,,
"Like, we've all got our own shit happening, but we've got to do better.",0,not_cyberbullying,,
#MKR did they even have chickens back in caveman times Pete?,0,not_cyberbullying,,
"take that Kat &amp; Andre, scum of the earth LOL #mkr. I just can't with them... #mykitchenrules.",0,not_cyberbullying,,
"@TherealTaraji Ck us out www.hbhliveapparel.com Sending out a positive messg ""Live"" Health Awareness, stop, gang, drug abuse, bullying ect",0,not_cyberbullying,,
@halalflaws @haroonstyles @AMohedin @islamdefense @greenlinerzjm Only two verses and we are making progress.,0,not_cyberbullying,,
RT @anildash: A friend's Facebook acct might get shut down because their legal name isn't the name they use/are known by. Anyone at FB knowÖ,0,not_cyberbullying,,
Bad bad food. Plain and simple Kat. #MKR,0,not_cyberbullying,,
Hey Hey! Ho Ho! Union Bullying is Getting Really Old and Has to Stop http://t.co/8FISDJ4,0,not_cyberbullying,,
"@CavusSeyit I have no idea what makes you think that you are clever, because so far every one of your tweets has been moronic.",0,not_cyberbullying,,
"Stinky ass people, then they wonder why I don't come to school",0,not_cyberbullying,,
Will @Channel7 be offering us a pension... Seems that this season of #MKR2015 is never going to finish.. #MKR,0,not_cyberbullying,,
Wait did I see Pete &amp; Manu flying cattle class on Jetstar? Even I don't sink that low. ?? #MKR,0,not_cyberbullying,,
@IHatebd I apologize if I wasn't clear. I think that statement is equally racist as the original tweet was sexist.,0,not_cyberbullying,,
vomit. #stopwadhwa2015 http://t.co/78tLSv56cs,0,not_cyberbullying,,
"while everybody went to school, i enjoyed my day in my bed sleeping. #feelingbetter",0,not_cyberbullying,,
great ball handling skills Will. Lloyd from #mkr could show you how its done,0,not_cyberbullying,,
"RT @Witchsistah: The Entire History of Anti-Racism, from My Birth To Now #TimWiseBookClub",0,not_cyberbullying,,
RT @wadhwa: I can't believe my Wikipedia page is under attack again. Don't they have policies against all this?,0,not_cyberbullying,,
"@iyad_elbaghdadi You are wrong about that. By definition, if they are really Muslims, they are terrorist.",0,not_cyberbullying,,
Accidentally numbed half my mouth. Dribbling everywhere.,0,not_cyberbullying,,
@AlwaysWrightHoe LMFAOOOOOOOOOOOOOOOOOOOOOOOOOO BRUH STOP!,0,not_cyberbullying,,
"@alwalawalbaraaa @DanieleRaineri LOL.  Making excuses for attacking the Kurds I see. But everything ISIS holds was stolen, including Raqqa.",0,not_cyberbullying,,
Another bloody instant restaurant week?!?! Seriously! They just jumped the shark riding two other sharks powered by shark power #MKR,0,not_cyberbullying,,
Hahahahaha blonde moment! #mkr,0,not_cyberbullying,,
"@obsurfer84 There is no ""interpretation"" to ""I was six years old"". Only Taquiyya Muslims trying to lie about it.",0,not_cyberbullying,,
I liked a @YouTube video http://t.co/gtYIRAo Bullying e Rodeios - #Vlog,0,not_cyberbullying,,
69% of Children Suffer Bullying at School =&gt; http://t.co/dAdyUj9 #bullying #cyberbullying,0,not_cyberbullying,,
"@taliyada @PatyCipriano AI CREDO, olhao bullying  :/  Mano, eu sou um gÍnio, claro que eu vou pra Corvinal (H) HSUAHSUAHUSHAU AQUELES",0,not_cyberbullying,,
"pain make your way to me, to me",0,not_cyberbullying,,
@diesel_frost but since most of the victims are women I guess you can't be arsed to give a shit about them.,0,not_cyberbullying,,
Aussie #mkr judges need to be Aussies I'm sorry ... &amp; ones who know how to comb their hair &amp; look presentable... AUSSIE contestants too pls!,0,not_cyberbullying,,
"RT @uk_expat: ISIS executing 'educated, professional women' http://t.co/6RezldQK9T #Daesh http://t.co/akK6sMvTnm",0,not_cyberbullying,,
"@morangutan AndrÈs, øporquÈ tanto bullying a Mario?  …l aporta con ideas y propuestas. Sugiero parar tanta mala onda.",0,not_cyberbullying,,
"Users want transparency in abuse systems, but there's a difficulty in this. It can allow people to game the system.",0,not_cyberbullying,,
Waiting @ thee orthodontist. Just wish it was actually for ME. (.___.),0,not_cyberbullying,,
"@TGF174 this is both season 2015 and 2016. Next they'll advertise it as ""continuing after the tennis."" #MKR",0,not_cyberbullying,,
Just wanna go home school gay...,0,not_cyberbullying,,
@JohnCena Don't be a Brahma Bully?,0,not_cyberbullying,,
"RT @jlgimenez85: #mkr Annie- go ahead, punch her in the ovaries!",0,not_cyberbullying,,
I can't trust a soul.,0,not_cyberbullying,,
"Haaaa, please let Kat/Andre go to sudden death! #MKR",0,not_cyberbullying,,
"@tpstigers it depends on how you define meaningful. if 3 people listen to you vs 30k, there's a huge difference in voice.",0,not_cyberbullying,,
"Dumb idea to put armed guards in schools. That would be the dumbest job on the planet. So boring, waiting to kill some crazy gunman. #dumb",0,not_cyberbullying,,
Bout to get my keys made,0,not_cyberbullying,,
Can I holla at you??? Lol,0,not_cyberbullying,,
@bradybaggett @LUVSHINECAFE Does talking to a few tell me how many want to kill apostates or implement Sharia?,0,not_cyberbullying,,
"RT @JakeM_1998: RT BillSpindle: It's all about power at the top, but for fighters on the ground #Tikrit is religious war on both sides Ö",0,not_cyberbullying,,
No u. http://t.co/zOr0eWahSS,0,not_cyberbullying,,
@RaikonL ok yeah i am.,0,not_cyberbullying,,
Where are they camping? Wasn't paying attention #mkr,0,not_cyberbullying,,
We only got a few more weeks until school ends praise god,0,not_cyberbullying,,
"@Zoebeastt Wow that undocumented, confirmation bias-stinking comment sure convinces no one!",0,not_cyberbullying,,
I wish he will back............ hahahaha-_-,0,not_cyberbullying,,
I'm thinking there is another round of instants coming  #mkr,0,not_cyberbullying,,
@chrylis @ClarkHat I've met plenty of people educated by private schools who still fail at basic grammar. ;),0,not_cyberbullying,,
Lots of ppl willing to give u that 'punch' you're missing Colin,0,not_cyberbullying,,
RT @HizmetMovement: 'Those committed to #democracy do not bow before #Erdogan' http://t.co/D1GXQR5AWs #YolsuzlukVeR¸?vetY?l?2014 #Turkey hÖ,0,not_cyberbullying,,
@MrMadeULook True &amp; she was still suffering from the backlash of that damn car accident. Her promo has been great this time around tho,0,not_cyberbullying,,
Whatsapp ?,0,not_cyberbullying,,
"If you fear your child is being bullied, this book can help make a difference and change everything. http://t.co/s34H5U8",0,not_cyberbullying,,
RT @beadsland: What find truly astounding is number of thought pieces that fail recognize how offensive the segment was even without the twÖ,0,not_cyberbullying,,
@BRiTT_BRiT90 lmao guh these hoes dne told on me ion care fr fr.,0,not_cyberbullying,,
Give me all the things I need that money cant buy,0,not_cyberbullying,,
It's been several years since I've contributed code. This was due to a conflict with an employer. I *asked* for my commit bit to be retired.,0,not_cyberbullying,,
"Wadhwa had other women write a book about being a woman in tech, then he published it with his own name on the title. #stopwadhwa2015",0,not_cyberbullying,,
@JWYoder ouch.,0,not_cyberbullying,,
@gavinatkinson @karinjiri @devinteske i miss sysinstall. :(,0,not_cyberbullying,,
"@DianH4 The slave girl has no right at all, liar. The owner could kill here and there would be no punishment.",0,not_cyberbullying,,
"[Jonghyun]: Who is that, bring him/her over~! #JjongUFOReplies",0,not_cyberbullying,,
I do like Ash and Camilla the have screen presence #mkr,0,not_cyberbullying,,
No president has ever won without winning Ohio.,0,not_cyberbullying,,
@DannyVelasco @philippenis Just like the moon landing...,0,not_cyberbullying,,
@mykitchenrules time! THE TEXAN IS BACK BABY! #mykitchenrules #mkr,0,not_cyberbullying,,
RT @JamesMakienko: @omeisy @yemenrightsmon People in #Yemen see through #Russia supporting #houthis - already making fun of #putin https://Ö,0,not_cyberbullying,,
"@travel_abstract @hotelsdotcom happy to help, of course. email me at elliottc@gmail.com with details.",0,not_cyberbullying,,
It's not sauerkraut lol!! #mkr,0,not_cyberbullying,,
"Lance Armstrong Award for Sportsmanship 2015 goes to... Trevor Chappell opens envelope, announces winner is Kat! #MKR http://t.co/LHsphaw1cy",0,not_cyberbullying,,
øMayor acceso a la tecnologÌa incrementa el acoso escolar o #bullying? øPor quÈ? http://t.co/Rib8BKk,0,not_cyberbullying,,
"Drama, drama, and more drama",0,not_cyberbullying,,
RT @halletecco: Feminists don't need to be female. Do not #stopWadhwa2015. Instead let's encourage more men to speak up. @wadhwa @jason,0,not_cyberbullying,,
@Abu_Rumaisa @hijra2IS I saw the Kobane clip.  It was 100% Daesh lies. http://t.co/nlZsw1TzsR,0,not_cyberbullying,,
Twitter on school computers...,0,not_cyberbullying,,
"RT @_CHYnese__: Miserable Martha's , Pathetic Patty's &amp; Bullshit Becky'süòÇüòÇüòÇüòÇüòÇü§∑üèΩ‚Äç‚ôÄÔ∏è https://t.co/eB9QH9DyD7",0,not_cyberbullying,,
can u lend me your heart ?,0,not_cyberbullying,,
@comattwow @sweharris i have no idea what that is?!   a spam bot??? what is your malfunction?,0,not_cyberbullying,,
"@pazferanda por q me haces bulling, viste q me pone sensible el estar soltero :B",0,not_cyberbullying,,
Vibrating with excitement. Every day brings us closer to being able to make the announcement.,0,not_cyberbullying,,
@sailorhg @iroc oh my gosh. This is awesome.,0,not_cyberbullying,,
@qmarq @ChrisWarcraft im sitting at dinner and I'm like Chris... Chris... Chris Warcraft,0,not_cyberbullying,,
I now officially hate Kat and Andre I hope karma bites them hard. #mkr,0,not_cyberbullying,,
"Went to school late, got sent home early. Possibly wont be able to attend tomorrow. #spiderbite2",0,not_cyberbullying,,
RT @PSogeco: Little short and to the point ISLAM Lesson's for us which are ignorant http://t.co/m4Jcka5iR0 http://t.co/GANRH4K87a via @PSogÖ,0,not_cyberbullying,,
RT @shanley: literally after months of attacks there has not been one single criticism or response leveled of my actual work. so you know.,0,not_cyberbullying,,
"Yeah Kat I wouldn't laugh so hard you are about to be brought back down to earth, now who's laughing #mkr",0,not_cyberbullying,,
@ZiOrim @_Median_ @RushetteNY @Banko40 I doubt that you have ever been in a street fire fight. It's easy being an armchair hero.,0,not_cyberbullying,,
"http://t.co/F7w7deJ venham, aceito bullying tbm",0,not_cyberbullying,,
"RT @mishbucsai: If I hear ""hot"" ""pretty"" ""sassy"" ""like us"" one more time.. I will deconstruct.. #MKR #killerblondes",0,not_cyberbullying,,
Ideas And Help For Victims Of Bullying:  http://t.co/C0i3iZK,0,not_cyberbullying,,
Mad A'f,0,not_cyberbullying,,
@IAmMatticus @twitter will send an email tomorrow morning ;),0,not_cyberbullying,,
@thatarabianguy Islam is racist. http://t.co/vxkGGzKe8D,0,not_cyberbullying,,
"Akhir2 ini disekolah jadi serba salah, di bully mulu sama @Ady_Oho, Anthony & Budi (?????~?????)??",0,not_cyberbullying,,
@Diesal3426 Lovie is like that kid in school that does just enough to get by. In Lovie's case just enough to not get fired. #firelovie,0,not_cyberbullying,,
@shaner38 Avs REALLY needed the D man too...but they made right pick.,0,not_cyberbullying,,
Started watching Port v Magpies but turned it off. I hate to see bullying in the workplace,0,not_cyberbullying,,
Tongs for the memories campers #MKR,0,not_cyberbullying,,
@GBabeuf @MisGrace @RJennromao @DavidJo52951945 @Novorossiyan @gbazov @NewsCoverUp @rougek68 I see your logic is as screwed as your morals.,0,not_cyberbullying,,
RT @Quinnae_Moon: The distorting effects of the internet make it even worse; relatively minor figures online get scrutiny normally reservedÖ,0,not_cyberbullying,,
"You've got big hearts! Colin, I believe what you're meant to say was that they have enlarged, clogged hearts! #MKR",0,not_cyberbullying,,
WHAT THE SHIT http://t.co/ja2UbCspO3,0,not_cyberbullying,,
"RT @EzidiPress: #Ezidi fighter and his daughter on Mt #Shingal | We fight for what we love, while our enemies fight because they hate http:Ö",0,not_cyberbullying,,
"@DeShilianGuey lo digo por muchas cosas que leo, es una pena en verdad. Nuestros hijos crecer·n rodeados de bullying por pensar diferente",0,not_cyberbullying,,
"Nevermind, Kat and Andre have no hope against the other teams now. #mkr",0,not_cyberbullying,,
Ok I officially dislike Kat the most #mkr,0,not_cyberbullying,,
"&amp; make this our little secret Emotional roller coaster, the pain is almost over the Monkey is off my shoulder",0,not_cyberbullying,,
Or a real #bully in life,0,not_cyberbullying,,
"@EdWardMDBlog @haaretzcom Again, are the Daesh Libya? Executing Egyptians is suppose to make Egyptians do what?",0,not_cyberbullying,,
@AMohedin 4:34 is in the Quran not the Hadith. And you don't explain why 5 translators would use strike.,0,not_cyberbullying,,
@wanyinglah hehehee trying to! But now very tempted!!!,0,not_cyberbullying,,
@kylieminogue @muse,0,not_cyberbullying,,
Seriously stoked the girls got through they are pretty and can cook....they are promo models and sassy  #MKR,0,not_cyberbullying,,
@RudhoeEnglish Living under ground like rats is very appropriate for the Daesh.,0,not_cyberbullying,,
If you tell me to get one of those weird hexa things i will never talk to you again.,0,not_cyberbullying,,
Kat &amp; Andre are terrible sports #mkr #mkr2015,0,not_cyberbullying,,
"@LucasProsty n„o toh ameaÁando mas È um fato.. tah rolando bullying na sala e eu vou na direÁ„o contar, fazendo minha parte, outro fato q +",0,not_cyberbullying,,
#TwitterFamousWhoFollowMe @ItsAkmal &amp; he's my classmate too :) haha !,0,not_cyberbullying,,
Going to Antonios after this lunch,0,not_cyberbullying,,
RT @Kotaku: How Blizzard is taking aim at toxic players in Heroes of the Storm: http://t.co/Ukt4trogVl http://t.co/mrMRW6TcwX,0,not_cyberbullying,,
@_Free_Boosie_ lol did you have to look on facebook?,0,not_cyberbullying,,
Going to have a whale of a time with this trend.. #ReasonsIFailAtBeingAGirl,0,not_cyberbullying,,
Kat and Andre are absolute dickheads! #mkr,0,not_cyberbullying,,
@W_DiamondRacing What have you bought Tom ?,0,not_cyberbullying,,
What a relief! They're lucky they realised their mistake! #MKR,0,not_cyberbullying,,
no problem @pink_supernova we need more people like casey to end bullying.,0,not_cyberbullying,,
@AdnanSadiq01 @sibeledmonds And there would have been no Iraq elections.  Real shame.,0,not_cyberbullying,,
Unions bullying heads to shut schools for public sector strikes - Telegraph.co.uk http://t.co/UBYFU1n,0,not_cyberbullying,,
@Katrin_Salmani Lies. http://t.co/Qax81lnvg0,0,not_cyberbullying,,
"@trishesdishes Go back to the top of this thread and read again, then.",0,not_cyberbullying,,
"So small national service I go do wey I dey go thru hell, ahhhh wey screening too am tired koraa",0,not_cyberbullying,,
@omarboulakjar Thanks for the RTS!,0,not_cyberbullying,,
Can't quite shake the feeling that #MKR is a tiny bit rigged. Since when do bullies add more value to a show? #teamlynnandtony,0,not_cyberbullying,,
"#YesAllWomen are not going to just ""let it go."" There are countless women who are killed every day in single numbers who are forgotten.",0,not_cyberbullying,,
@p8952_ @mjg59 not my field. ^.^ at a guess? you can be just as tied to a pseudonym as your real name - or even more so.,0,not_cyberbullying,,
@pwafork it is awful Come Dine With Me because no one gets drunk on #mkr!,0,not_cyberbullying,,
@Assiye61 What do you want me to do? Hand deliver the Quran to you. The verse numbers are right there. Get a Quran and look it up.,0,not_cyberbullying,,
N„o È bullying se eu te quebrar inteira e dizer que estava brincando de jogos mortais. http://t.co/W3lzR8z,0,not_cyberbullying,,
I have no idea how anyone is seeing blue at all. I see no blue.,0,not_cyberbullying,,
"@UmarFarooq_ radial momentum means that it does not fly away.  In the same way, both the plane and the atmosphere have radial momentum.",0,not_cyberbullying,,
"Nunca faÁa bullying, por que quando aquela pessoa crescer, pode virar um bruxo das trevas e se aliar a Lord... http://tumblr.com/xea3xm99fy",0,not_cyberbullying,,
Someone posted this on facebook in response to that woman tweeting at me earlier today. ^.^ http://t.co/bY9wkRELYO,0,not_cyberbullying,,
"@DineshDSouza @nobigotry In fact, Morgan does not get it. http://t.co/OJQyyICUyO",0,not_cyberbullying,,
Bradford team has 6 debuts: Hansen Flynn Branston Stewart Hanson Compton Mitchell bully syers Moore threlfall. #bcafc,0,not_cyberbullying,,
"@ChuckPfarrer And after each of those events Putin used the event to grab more power and diminish Russian freedoms, supposedly for security.",0,not_cyberbullying,,
RT @femfreq: Let me spell it out. It is deeply misogynist to propagate wild conspiracy theories suggesting women in gaming fake death or raÖ,0,not_cyberbullying,,
@d_lacepanties safe travels girlie,0,not_cyberbullying,,
He's been offered contact info from those he's speaking with should he care to contribute. He's utilized none of this. I am unimpressed.,0,not_cyberbullying,,
"Le dan color con los tuiteros que almorzaron con PiÒera.Tanto bullying,si hubieran sido ustedes los invitados habrÌan ido igual. #Esonom·s.",0,not_cyberbullying,,
"RT @MMMotorsports: @YesYoureSexist @J_Carnivale14 I've navigated Moroccan desert w/o GPS, chase crew, cell phones. Only compass and map. I'Ö",0,not_cyberbullying,,
"Jelly much, Kat? Andre is no catch.  #mkr",0,not_cyberbullying,,
Na palestra da minha escola usaram o restart como exemplo de bullying -.-'kk',0,not_cyberbullying,,
Sometimes I don't know what Colin is saying #mkr,0,not_cyberbullying,,
@DiceTechJobs @Itshella_dom @Maira_Benjamin @jenrpetersen that isn't me.,0,not_cyberbullying,,
Kat the contradictory cow. Says she regrets voting strategically but does it again #mkr #mkr2015,0,not_cyberbullying,,
"Oh, hell. Is Blizzard proxying tweets instead of sending the tweet content directly to twitter from the WoW client?",0,not_cyberbullying,,
@DJCPI @TheQuinnspiracy @metafilter i saw. &lt;3 metafilter. :),0,not_cyberbullying,,
Annie is coated in + 1000 sunscreen. #mkr,0,not_cyberbullying,,
"You confused me... in a good way, -is a that a compliment, Colin? Katie and Nikki think so! #mkr",0,not_cyberbullying,,
@ATLathirox YOU SHOULD HAVE COME MY FRIENDS SNEAKED IN TO THE CONCERT WITHOUT TICKERS,0,not_cyberbullying,,
@WPIAL_Insider if quip played there classification who would u take clairton or quip,0,not_cyberbullying,,
Did that Nandos advert really just happen? #MKR,0,not_cyberbullying,,
@abedhalawi @saedsdk @amaz7_ @ramzimort Hahahaha i suppose so :p,0,not_cyberbullying,,
Omg Stewart has a long middle finger!! Lol!!,0,not_cyberbullying,,
@3x1minus1 What about electroclash? #neverforget,0,not_cyberbullying,,
@Inglonias expanding? O_o,0,not_cyberbullying,,
"The morning after, hung over, struggling to remember how that pile of o'reilly books ended up in your bed. ""WHAT DID I CODE LAST NIGHT""",0,not_cyberbullying,,
@SXOYXOS: Happy birthday @KierraLove2! Love you! (: Thanks girl love u too:),0,not_cyberbullying,,
@isamjs hahaha bercanda bully bully di twitter anak angkatan 6. Apa kabar kak? Gmana lancar gak nih puasanya?,0,not_cyberbullying,,
Colin scoring for the ratings tonight. A 7 for a roasted bird that wasn't stuffed and couscous. Other teams must feel ripped off. #mkr,0,not_cyberbullying,,
@DianH4 Being free to make your own choices is good.,0,not_cyberbullying,,
Don't deny it!,0,not_cyberbullying,,
Rico so mad that I don't get off til 7 ??????,0,not_cyberbullying,,
@gennirobinson well I'm going to BK next yer I moved here from Ohio so I'm just finishing up my last semester through online school,0,not_cyberbullying,,
@TheQuinnspiracy PLZ GET URSELF A BLACKMILK SUPERHERO SWIM,0,not_cyberbullying,,
"@olga_imoet maafin ya, kalau ada bully yang gak diterima. ikhlasin ya... :)",0,not_cyberbullying,,
@tooomski lo tadi di bully ga tom?,0,not_cyberbullying,,
A melhor parte do dia È o bullying com o @CarlosPivetta rs.,0,not_cyberbullying,,
@shehzilk @watan71969 At least Churchill got it right. http://t.co/Bjgk9PdUUO,0,not_cyberbullying,,
Haha yes... Kat and Andre failing!! KARMA MOTHERFCKERS ?? #MKR,0,not_cyberbullying,,
@_RetroQueen_ on the last day of school I seen you at taco bender,0,not_cyberbullying,,
Just now waking up.,0,not_cyberbullying,,
bully beatdown. #intense,0,not_cyberbullying,,
"@holinka if you are, i may try to locate you for another hug.",0,not_cyberbullying,,
"holy shit, i'd rather commit suicide than get bullied by @Laurennicoolee....",0,not_cyberbullying,,
"To all you people saying ""NOOO! #mkr dragging on!"".. there's 14 teams an weeks after these instant restaraunts. It's only 3 more months. :)",0,not_cyberbullying,,
Maybe the girls should have less tickets on themselves and worry about the cooking. #MKR,0,not_cyberbullying,,
Judges were frosty when scoring the rosti #mkr,0,not_cyberbullying,,
@leizlibranza yeah pole dancing was my biggest achievement! Aside from i knew how to actually look and move sexy with some bonus classes!,0,not_cyberbullying,,
if you don't know about the old old old school songs something is wrong.,0,not_cyberbullying,,
@LynnMagic we should def talk later :),0,not_cyberbullying,,
"The ""LOVE PINK CAMPAIGN"" for Self Love, Anti- Bullying, Ovarian Cancer, and NOH8 COMIN SOON!!!!!!! #TEAMISP #UnknownCelebrityPR  #weWorkin",0,not_cyberbullying,,
The teams are so rough in their scoring girls deserve better #MKR,0,not_cyberbullying,,
@FuckingDesean ahaha there's no reason anyone would bully me! X),0,not_cyberbullying,,
"NO matter how talented you are, not everybody is going to like you, but thatís life, just stay strong.",0,not_cyberbullying,,
Cramps from hell. Wah.,0,not_cyberbullying,,
"@buellerishere If you are impressed by madrassa rats, Baghdadi has his Phd in Islam. So who are you to tell him?",0,not_cyberbullying,,
My fav #MKR teams so far are definitely: Eva &amp; Debra Rose &amp; Josh Annie &amp; Loyd Robert &amp; Lynzy Sherie &amp; Emilie Jaz &amp; Shaz (not in order),0,not_cyberbullying,,
@InstantReporter @ALWiss5 And Egypt will have even more air strikes as revenge for taking the hostages.,0,not_cyberbullying,,
@pNibbler @AlterNet @MaxBlumenthal I don't care if someone believes that. As long as they don't assert the right to kill me for leaving.,0,not_cyberbullying,,
@boysies It was worth the trip alone. Blown away. She loves the gays and the gays love her. If photo u took isn't awful then do send it ;),0,not_cyberbullying,,
@bradybaggett @LUVSHINECAFE But at that time we didn't have fools saying that we can't fight Germany because there are good Germans.,0,not_cyberbullying,,
RT @mary__kaye: I blame the other teams for this. #mkr,0,not_cyberbullying,,
@root_tim this is my work :),0,not_cyberbullying,,
"RT @gater_ebooks: You Big Government, anti-freedom fucks are why I am in favour of fat shaming",0,not_cyberbullying,,
@desertfox899 is this 1997??? who uses MSN????,0,not_cyberbullying,,
"@MikeBoom_17 smh , you're in college ! Gtfo.Lol",0,not_cyberbullying,,
"@_DirtyTruths Of the three papers that he references, I have so far only been able to locate the third.",0,not_cyberbullying,,
@truaemusic Now you are drowning in self destructive PC stupidity. Conversation over. Blocked.,0,not_cyberbullying,,
"@MikePrysner @ChristophHeer52 Where is your evidence that any of these people are Nazis, Putin troll.",0,not_cyberbullying,,
"@_d_n_verg_ @stevesalaita Screaming in pure religious hatred, ""Allahu Akbar, Allahu Akbar, Allahu Akbar""",0,not_cyberbullying,,
@Assiye61 @MaxBlumenthal Seen it. But the Bible still has no concept of eternal jihad against all humanity.,0,not_cyberbullying,,
#chevape #paprikash #wogfood #MKR2015,0,not_cyberbullying,,
@98Halima @cdnKhadija @rfrankh53 @BilalIGhumman @johnnygjokaj Mohammed had no excuse at all to attack Khybar Jews.,0,not_cyberbullying,,
A comparison to Santa would be more apt. Lots of talk around the blocker tonight. http://t.co/rTgOj41PMX,0,not_cyberbullying,,
@LynneMcGranger Kat and Andre are a disgrace! They should be booted. To score that low to save themselves.....pffft! #mkr,0,not_cyberbullying,,
"@lucciiernaga7 si, jajajajajajja plan macabro jajajajajja y le hariamos bullying @MonicaLuck",0,not_cyberbullying,,
Obviously strategic voting!! #mkr,0,not_cyberbullying,,
@Popehat i can never tell anymore.,0,not_cyberbullying,,
"6 Italian scientists have been sent to prison for failing to predict the 2009 earthquake. I admit, a lot of people died, but really!!! #joke",0,not_cyberbullying,,
@rConflictNews @HaraldDoornbos What is even more disturbing is the number of people who want to watch.,0,not_cyberbullying,,
@MclendonLakisha That is a lie.  The prophet Mohammed had people executed for criticizing him.,0,not_cyberbullying,,
@_blackglass__ @dumuzi1969 YPG has civilians leave before the fight.  The Daesh holds them prisoner and uses them as shields.,0,not_cyberbullying,,
Im so pissed off i fucking hate everything and everyone,0,not_cyberbullying,,
@scholarshipscom My 2013 education resolution is to go to school for pharmacy and be successful.,0,not_cyberbullying,,
Chickeny thing. Technical terminology here #mkr,0,not_cyberbullying,,
"So she can try &amp; claim innocence, but statistics paint her as being someone to avoid. And I've been in her sights for a while. Oh well.",0,not_cyberbullying,,
Leo status: still zonked out http://t.co/QuSS6Mox8W,0,not_cyberbullying,,
RT @Rildom1: @YesYoureSexist @urmindblown the fact doesn't say intended for cars it literally says the windshield wipers which doesn't limiÖ,0,not_cyberbullying,,
"Really, really curious to see what happens with this.",0,not_cyberbullying,,
@sigje mayyyybe. Is there a CFP? I've done some neat stuff with statsd/graphite and abuse metrics,0,not_cyberbullying,,
"@MartinSenyszak you can have three errors, known errors, unknown errors and unknown unknown errors",0,not_cyberbullying,,
"ì@PublimetroMX: Ninel Conde, vÌctima del bullying en Twitter, cambia su cuenta http://t.co/pFE73I7î/// aaaaaaaaaajajajajajajajahahahajahaja",0,not_cyberbullying,,
@MisGrace @GBabeuf @RJennromao @DavidJo52951945 @Novorossiyan @gbazov @NewsCoverUp @rougek68 Thanks for the intellectual response. Blocked.,0,not_cyberbullying,,
It's go time.,0,not_cyberbullying,,
@atonal440 @ralphcrafts i'm pretty entertained in that i only see half of the conversation. ;),0,not_cyberbullying,,
RT @HayatAlvi: Escaped Syrian Child Soldier: 'Don't Join #ISIS' http://t.co/xpcW4uHwQ1,0,not_cyberbullying,,
"hablando del bullying y el pasado bully de @JoselitoHuerta, @enjoyCARRILLO y @chekozucconi...",0,not_cyberbullying,,
ìAnd so weíll have whittled 18 down to 14 in just a few short monthsî #MKR,0,not_cyberbullying,,
Bullying ? … o caralho . Amg tiver passando porisso agnt resolvee ligeriin .,0,not_cyberbullying,,
God another fucking instant restaurant round #mkr,0,not_cyberbullying,,
This dessert looks I dunno... I'm not feeling it.. #mkr,0,not_cyberbullying,,
Got out of class early today #thankgod,0,not_cyberbullying,,
Woo can't wait to see what happens!!! #mkr,0,not_cyberbullying,,
I always get so hungry watching #mkr,0,not_cyberbullying,,
"@sudixitca @egypt_speaks Unfortunately, Russia is a source of terror. All those Chechens in E. Ukraine are not there for humanitarian reason",0,not_cyberbullying,,
I miss my bestfriend .,0,not_cyberbullying,,
N„o È bullying se a pessoa usa o Internet Explorer,0,not_cyberbullying,,
Which was my first choice.,0,not_cyberbullying,,
@MHWitchfinder you guys don't even know the difference between the 3. Lolnope,0,not_cyberbullying,,
"I'm bringing it up for one reason. GamerGate has brought harassment into the limelight, but rest assured, it's always there.",0,not_cyberbullying,,
@jaaandellekate k. jandelle. ang bully mo tlaga. bully ka!,0,not_cyberbullying,,
"@PardusXY @silverwolfcc Unrelated to Highlander.  I also prefer Fletch Lives over the first for same reason as GB 2.  Funnier, bottom line.",0,not_cyberbullying,,
GET. FUCKING. FUCKED. #mkr,0,not_cyberbullying,,
@JeffreyGuterman It's a joke.  They can't even afford to pay their fighters.  And they don't have close to that kind of budget. #Mosul,0,not_cyberbullying,,
"Caught @FishyKissy sprawled on his side, chewing on his bully bone like a lazy bum. Then he noticed me...",0,not_cyberbullying,,
@Ok_Kay_Kaye around 2:30 ish cause I get outta class at 1:50,0,not_cyberbullying,,
@Citywolf_IS3 The Daesh are fleeing the Kobane countryside. The YPG/YPJ will follow them all the way to Raqqa.,0,not_cyberbullying,,
"@1Protoco1_J1had @ALWiss5 @ISdawah300 Guy makes speech with a gun to his head. But we saw the blown up Churches, beheaded Copts, mass graves",0,not_cyberbullying,,
Surley not another round of instant restaurants?!??! #MKR,0,not_cyberbullying,,
RT @SydneyEditor1: I keep looking for Rob/Lynzey &amp; Debra/Eva but they're safe right? #MKR,0,not_cyberbullying,,
They cant get a can opener working how they going to get the ice cream maker to work. #MKR,0,not_cyberbullying,,
ìThirsty Vagina Warriors is the name of my new girl band. My old girl band -- Bully Pulpit and the Trial Balloons -- broke up.î,0,not_cyberbullying,,
Kat and Andre you need to go! #rude #elimination #MKR @MKR_Official #katandandre,0,not_cyberbullying,,
Who wanna sub tweet . Sub tweet me,0,not_cyberbullying,,
"@TeeYouVee if it's something that needs immediate attention, randi@randi.io works as well.",0,not_cyberbullying,,
Trying to decide if I have time to contact police before call w/lawyer. Never thought I'd say this unless I was in trouble/tequila involved.,0,not_cyberbullying,,
@asem_1994 They are in about 20 verses of the Quran. And they are in the Hadiths. http://t.co/EJO9hpV5cN,0,not_cyberbullying,,
I heard it correctly. 1:57:20. http://t.co/NZQxXXK181,0,not_cyberbullying,,
"@TristanParrish I find more impactful talks are based around a story, but it's a tough balance.",0,not_cyberbullying,,
RT @finicalgal: Stuffing up instant couscous should be an immediate elimination.,0,not_cyberbullying,,
SNAP Manu - best judge reply on #MKR that ur bad score is because of strategic voting.....do they realize they have to cook good well too?,0,not_cyberbullying,,
"@LifeInKhilafah Between 50,000 and 70,000 would be my guess.",0,not_cyberbullying,,
RT @Oh_tobs: If there was a god she would have fallen off #MKR,0,not_cyberbullying,,
RT @UsefuIidiot: Awwww what a lovely sentiment by this caring Imam http://t.co/UzFkAZYU7E,0,not_cyberbullying,,
People from my school are up here. Ew,0,not_cyberbullying,,
im cold i wish i had a bf to give me a sweatshirt but hahahaha yeah right,0,not_cyberbullying,,
@OHLANDmusic I would say me but that's egotistical so let's go with danger mouse or childish gambino,0,not_cyberbullying,,
I bought crepes but I don't really know what they are so I am just going to call this a fruit burrito. http://t.co/p7gZt7P0Oh,0,not_cyberbullying,,
"Now that person has been doxxed on 8chan. And despite this being the person who posted my &amp; others' home address, suddenly he sees a problem",0,not_cyberbullying,,
We Got School On Thursday,0,not_cyberbullying,,
@Fc_LCastan bullying ?! palhaÁo te mancaaa,0,not_cyberbullying,,
Bully- E:),0,not_cyberbullying,,
"RT @deathofrats01: @freebsdgirl When I think about all the different things that have happened since last August, I think of things like thÖ",0,not_cyberbullying,,
@Jur2e not giving up on it yet but it didn't quite meet my expectations.,0,not_cyberbullying,,
It feel gud to lay here,0,not_cyberbullying,,
I can already tell that there's only going to be one person who I'll stay in contact with once I leave school.,0,not_cyberbullying,,
Getting ready to kill stuff with my teammates! #selfie #warlords http://t.co/TyEhfh3V0S,0,not_cyberbullying,,
RT @peter__kay:RT @AshleyBellamy_: Katie and Nikki need to be deported from australia #MKR,0,not_cyberbullying,,
"I would back hand them both. Giving them a 1? Strategic? No, you are just being major fkn dicks. #mkr",0,not_cyberbullying,,
Niggas wanna fight after school and shit,0,not_cyberbullying,,
#mkr say sassy one more time ??,0,not_cyberbullying,,
Can't believe I'm still awake when I  have to wake up in 4 hours time for school. But school until 11 only tmr! ??,0,not_cyberbullying,,
@OdiniaInvictus @SirajZarook @BilalIGhumman @IsraeliRegime All states were established through war.,0,not_cyberbullying,,
@sfmorrigan this is my first time ever watching it.,0,not_cyberbullying,,
Who hasn't cooked on a BBQ before?! #mkr,0,not_cyberbullying,,
"Als je wordt gepest, wees bly dat je in NL woont.. Amerikaans bully's zouden je verwoesten..",0,not_cyberbullying,,
@brenbarber It's well articulated.,0,not_cyberbullying,,
Jadi aja di-bully (lagi) gara-gara 'Korea' (??_??),0,not_cyberbullying,,
Kat is proud of serving up shit #mkr,0,not_cyberbullying,,
Pq vc dorme tarde &gt;&gt;&gt;&gt; bullying,0,not_cyberbullying,,
@tarkasteve sorry about that. &gt;.&gt;,0,not_cyberbullying,,
@eevee @Manami_Fox @femfreq that has got to be one of the weirdest insults i've ever seen slung by an MRA/gater/whatever.,0,not_cyberbullying,,
Because a man who sexually assaulted my friend in high school with two others is now a cop in my home town. #YesAllWomen,0,not_cyberbullying,,
"in short, there needs to be a verified that isn't Verified. requiring govt ids will cause probs. unique phone less problematic, not perfect.",0,not_cyberbullying,,
Ahhh my arms numb,0,not_cyberbullying,,
I'm a gangsta baby you ain't know?,0,not_cyberbullying,,
RT @TopNewsA1: Synagogue Shooting Victim Dies; Copenhagen on Edge http://t.co/eNdRw2kUmk,0,not_cyberbullying,,
Im gonna live....my life.....,0,not_cyberbullying,,
Just kidding. I'm more like beta,0,not_cyberbullying,,
@Dabiq_Warrior @Totenleserin Now each offensive the Daesh try to mount looks weaker and more pitiful than the last.,0,not_cyberbullying,,
I don't remember half of these ppl #mkr,0,not_cyberbullying,,
RT @GudawEnglish: Residents leaving en masse from Tal abyad as YPG and FSA advance to liberated the town from ISIS  terrorist #TwitterKurds,0,not_cyberbullying,,
Bullying nas escolas: O que os professores podem fazer para mudar esse cen·rio? http://bit.ly/qd7hYv,0,not_cyberbullying,,
LOVE is LOUDER then bullying&lt;3,0,not_cyberbullying,,
You make me not wanna eat.. #Fitspiration #YouCanDoIt,0,not_cyberbullying,,
minha animaÁ„o pra o projeto do bullying = 0,0,not_cyberbullying,,
"Powerful lineup of informative guests and talk in re school safety for the 12/23 @EricFarrisShow on @krzknews 106.3 this Sun, 12/23 @ 4 pm",0,not_cyberbullying,,
My phones at 8% I'm going to cry.,0,not_cyberbullying,,
@andykhouri mad props to @comicsalliance. Well done.,0,not_cyberbullying,,
@TitoTripleD ill try,0,not_cyberbullying,,
RT @shahishtiaque Naah I'm not sexist but can someone get me this T-Shirt please? http://t.co/7rQxiqojLf,0,not_cyberbullying,,
Can they please not say 'sassy' anymore? #MKR,0,not_cyberbullying,,
Curious as to what GamerGate finds more offensive: that I'm overweight or that I'm completely unapologetic &amp; unashamed of it?,0,not_cyberbullying,,
I think the biggest problem I have with it is that there's too much of a reliance on WoW services for an external mechanism.,0,not_cyberbullying,,
"So now he targets women, because you know, they can fight back a lot less. lolllll.",0,not_cyberbullying,,
"I'm sorry but I'm not watching another round. This is getting beyond ridiculous. When you actually get people who can cook, let me know #MKR",0,not_cyberbullying,,
@M_Wein congrats ^.^,0,not_cyberbullying,,
@yousufpoosuf @HillaryGuess @riwired @izrinhariri @AtharHKhan Go and read the Pact of Umar that relegates them to third class citizenship.,0,not_cyberbullying,,
RT @oh_deary_me__: Meanwhile back in the English Boyz tent. #mkr http://t.co/ezWQnQIiYH,0,not_cyberbullying,,
"Bully prevention curriculum, free, online, proven, http://t.co/xRrTIxn",0,not_cyberbullying,,
pseudonyms are good. own it! anonymous is not the same thing. what jason/wadhwa are promoting would require ID/home address/PAY TO USE,0,not_cyberbullying,,
"@ShavaneBandoo mi either, but them claim seh they don't want me to get a lazy attitude towards school",0,not_cyberbullying,,
@CalseyBeliebs stalking is not fresh Cal /:,0,not_cyberbullying,,
@MsLizzieMarie me too lol,0,not_cyberbullying,,
"RT @hmason: Kathy Sierra on Silicon Valley, meritocracy, and Skater Culture.  http://t.co/UlNvvmyC3d",0,not_cyberbullying,,
@nrllhkose @BBCPaulAdams People have ask that dumb question 1000 times. The answer is that there is no good side fighting for Aleppo.,0,not_cyberbullying,,
RT @finicalgal: Stuffing up instant couscous should be an immediate elimination. #MKR,0,not_cyberbullying,,
Bully ! ! !  @ZealousAubreona,0,not_cyberbullying,,
"We had the best lipdub nobody can top us, class 2012 sayy whaaa??",0,not_cyberbullying,,
@ivicong ikaw nga bully diyan eh. CROOK!,0,not_cyberbullying,,
Never been so pissed off.,0,not_cyberbullying,,
"Still think the course needs some work. It was a great half course paired with an ok half course, not a good full course. #RnRStL",0,not_cyberbullying,,
RT @narryyymate: Drasko and Steve are trying to impress Collin so bad #MKR,0,not_cyberbullying,,
RT @mirahimage: @freebsdgirl hoping they don't need you to speak because he buried himself.,0,not_cyberbullying,,
"@pedroruminot: Una RN presidenta de distrito"" @AlitaMillanir que se burla de una persona porque tuvo c·ncer. te mereces un bullying.""",0,not_cyberbullying,,
just took out my quixkweave and my hair has grown so thick . i'm scared to comb it,0,not_cyberbullying,,
Oh it's sas that keeps them in the competition. I thought it was cooking... silly me #MKR,0,not_cyberbullying,,
@Safya77 The Daesh are so scared and helpless that all they have left is a propaganda campaign of lies.,0,not_cyberbullying,,
Kat and Andre must be pretty fucking shit cooks if you need to vote a team 1! #mkr2015 #mkr,0,not_cyberbullying,,
Phahahahaha The classics are the best #TheCobsyShow,0,not_cyberbullying,,
Uh. Why do they not make these for grownups? http://t.co/rHDOkljnDI,0,not_cyberbullying,,
"I don't like the butcher girls but Kat &amp; Andre are dirty players, cheats and can't cook!!! #mkr #howthehelldidtheygetonthisshow",0,not_cyberbullying,,
I look at all these #MKR meals and wonder how many stopped for a hamburger afterwards.,0,not_cyberbullying,,
@MisGrace @GBabeuf @RJennromao @DavidJo52951945 @Novorossiyan @gbazov @NewsCoverUp @rougek68 Any Putin troll can claim they are from America,0,not_cyberbullying,,
@CoralineAda i like you.,0,not_cyberbullying,,
@mykitchenrules @Krillany: Am I the only one out there hoping these two fail hard? :p #MKR,0,not_cyberbullying,,
Good breakfast ideas with vegetables.  Vegetable fritters with fresh corn yum #mkr,0,not_cyberbullying,,
can @IMPACTWRESTLING have a one hour pre show hosted by @ShowtimeEY and Bully Ray please?,0,not_cyberbullying,,
I hate eveyone.,0,not_cyberbullying,,
"Can I skip school just every Wednesday, Monday, Tuesday, Thursday and Sunday??",0,not_cyberbullying,,
RT @frankdenauw: Maine Man Charged With Choking 2 Cats to Death,0,not_cyberbullying,,
Never go full robot.,0,not_cyberbullying,,
About to get this wig snatched today ü§ó I need a hair cut so bad üò©,0,not_cyberbullying,,
como yo vea #BULLYING en mi colegio POBRE ALUMNOS QUEDAN EXPULSADOS y eso que trabajo en un colegio MUY GRANDE los prof nos damos cuenta,0,not_cyberbullying,,
"RT @bookshopaddict: Miss 9 has just asked, ""Why didn't they do the sorbet first to ensure that it's frozen in time?"".  #mkr",0,not_cyberbullying,,
@ThatSabineGirl I am confused by the idea of inflicting obesity on others. Is that like force feeding Doritos?,0,not_cyberbullying,,
#MKR #adbreak photo of grandson http://t.co/ol2HxrWyUK,0,not_cyberbullying,,
"@MKR_Official a 1 isn't strategy, it's bastedry #mkr2015 #mkr",0,not_cyberbullying,,
Let's get some RT s n I will jump 3 pigs #gohardorgohome,0,not_cyberbullying,,
"@ThelmaSleaze I did not mean disadvantage, because women do have body advantages in some sports (flexibility, size, etc.).",0,not_cyberbullying,,
Flandermeyer just made us all say Missouri out loud.. Cuz some people say Missourah. Lmao.,0,not_cyberbullying,,
2 things that im really ready for...and i cant wait for them to happen,0,not_cyberbullying,,
"Haha Kate, wiped the smile off your face too #mkr",0,not_cyberbullying,,
ì@TheHausOfKunte:Too many contestants makes a Kunte quickly loose interest #MKR #WhoAreHalfThesePeopleî YES!! How many rounds *were* there?!,0,not_cyberbullying,,
"@SwitchManZZZ @JenLawliet Honestly, I asked it FOR years...but only with A and B so they answer readily...I then have to explain its C...",0,not_cyberbullying,,
Go ash and carmella #mkr they should cook my breakfast,0,not_cyberbullying,,
"Gaters have started spamming @join_oapi instead of this account. It's cool, I'm modifying ggautoblocker to use mute just for that acct. ^.^",0,not_cyberbullying,,
WTF KEVIN!!! STOP MUTING THE DAMN AUDIO #Wrestlemania,0,not_cyberbullying,,
Is it a pony?! Oh fuck off.,0,not_cyberbullying,,
@PresidentKassie go to raddy and you will get your present ??,0,not_cyberbullying,,
I don't fuck with squares now do that mean I'm out of shape##3Hunna,0,not_cyberbullying,,
As Real As It Gets: Bullying Victims Can Fight Back With Help From Brazilian Jiu-Jitsu Royalty | The http://t.co/UVRs24v,0,not_cyberbullying,,
@jyanuary @pufflecheeks oh so you saying you like being bullied? Lol,0,not_cyberbullying,,
"And somehow blonde triumphs again, bugger. #mkr",0,not_cyberbullying,,
@tmclaughbos @_RogueSt4r I think I got mine because no one else wanted to touch the code I was working with. :),0,not_cyberbullying,,
@gewt YOUR FACE IS A PAIN,0,not_cyberbullying,,
@uygaraktas @hrw Guess they are taking revenge for Daesh murders.,0,not_cyberbullying,,
People getting all mad at Racists Getting Fired is my favorite mouse squeak of white supremacy,0,not_cyberbullying,,
@sschinke I posted on a subreddit modded by the person that claims I doxxed them.,0,not_cyberbullying,,
"@Libertarianish We need to force the Daesh to move from place to place to reenforce their troops, and then we need to hit them in transition",0,not_cyberbullying,,
@Alice2806 loving ur pic babes xx,0,not_cyberbullying,,
RT @rkp12588: @YesYoureSexist A self appointed vigilante for feminism yet shares an article that proclaims men aren't needed. You dont undeÖ,0,not_cyberbullying,,
"@robmanuel 'In light of the situation in Libya, tell us about a time you gave a bullying person such as a despotic boss their comeuppance'",0,not_cyberbullying,,
@ansaralummah13 @Believer__Soul The reason they don't release the gold dinar is because they don't have any gold.,0,not_cyberbullying,,
MinistÈrio p˙blico investiga bullying sofrido pelas organizaÁıes Globo e por Ideli.,0,not_cyberbullying,,
I can't handle another round of this crap #mkr,0,not_cyberbullying,,
Now playing: Wooly Bully by Sam The Sham & The Pharaohs  #nowplaying,0,not_cyberbullying,,
@clipperteas because your target demographic is 1950s businessmen apparently. Fun fact: Don Draper fucking loves tea,0,not_cyberbullying,,
"RT @AtheistRaven: @YesYoureSexist Ladies and gentlemen, we interrupt your regular tirade to remind you that Thor was once a frog. http://t.Ö",0,not_cyberbullying,,
"ALL GRATE THINGS ARE SIMPLE, AND MANY CAN BE EXPRESSED IN SINGLE WORDS; FREEDOM, JUSTICE, HONOR, DUTY, MERCY, HOPE.",0,not_cyberbullying,,
Kat and Andre scored strategically just so stay in the bloody competition. SO UNFAIR! #katandandre #mkr #katieandnikki,0,not_cyberbullying,,
Colin u r kidding - you are so lame - those comments were so made up #mkr,0,not_cyberbullying,,
@TruthsJustice @johnnygjokaj @BilalIGhumman @98Halima @cdnKhadija @rfrankh53 Another conspiracy theory idiot with no data.,0,not_cyberbullying,,
@leel8on indeed. although the police were fairly nice. :),0,not_cyberbullying,,
Can Kat and Andre shut the fuck up like how selfish are you #MKR,0,not_cyberbullying,,
"@Krynis I was able to do so without a problem. :P But I have pretty strong arms. 27"" monitor is a lot lighter than the dumbbells I use. :P",0,not_cyberbullying,,
@haroonstyles @halalflaws @biebervalue @greenlinerzjm Tell me what your Quran 33:33 says.,0,not_cyberbullying,,
"Finally! Like, haven't you been waiting since school started for this?!?!",0,not_cyberbullying,,
@FcSmiliebers vc sofres bullying,0,not_cyberbullying,,
In need of a job badly smh !,0,not_cyberbullying,,
So many good looking dishes and also a few bad ones too. #MKR,0,not_cyberbullying,,
@Shervyn i don't even know what that is! oh gosh.,0,not_cyberbullying,,
@Weeezza you must have been drunk five minutes into #MKR2015 #MKR,0,not_cyberbullying,,
@sweharris @comattwow this. blocklist doesn't look at all at what you say...,0,not_cyberbullying,,
"È galero, sofro bullying memo",0,not_cyberbullying,,
@ingyusarms Here is a philosophical exercise for you.  The Quran repeatedly tells you to fear Allah.  Now why would god want to be feared?,0,not_cyberbullying,,
Negativity: AINT NOBODY GOT TIME FOR DAT,0,not_cyberbullying,,
I got to be more active on twitter in fact I'm going to be more active,0,not_cyberbullying,,
[16] This kitchen invention takes away the worst thing about peeling fruit #realtime https://t.co/RJtBZp4cNA https://t.co/LJvyHP0n6u,0,not_cyberbullying,,
#mistakesboysmake sleeping with someone the day we broke up #whataprick,0,not_cyberbullying,,
"∑i remember,how could i forget?",0,not_cyberbullying,,
Junk on the plate and in Katie's trunk #MKR,0,not_cyberbullying,,
@edgeofthesandbx @batchelorshow @FearDept You haven't met any Ukrainians. Bandera is only popular among some Ukrainians.,0,not_cyberbullying,,
Bianca deserves a medal cooking with Drasko #MKR,0,not_cyberbullying,,
U_U Le hacemos bulling a Laurita U_U,0,not_cyberbullying,,
"@jesicadiniz kkkkkkkkkkkkkkkkkkkkkkkkkkkkkkk para vei , issso È #bullying",0,not_cyberbullying,,
No more instant restaurants? #MKR,0,not_cyberbullying,,
"@Spacekatgal @danielpunkass hehehe. ""at this level""",0,not_cyberbullying,,
@KarkinosBC True. And there is no real attack.  Just some haphazard ineffective long range shelling. It will disappear with the A10s arrival,0,not_cyberbullying,,
"@jukes303 So you always hear people claim that oil is the US motivation, but there is never a rational argument for how....",0,not_cyberbullying,,
"Kat &amp; Andre got a right slap there, just wish it was literal! Vile individuals taking great satisfaction in the negative of others. #MKR",0,not_cyberbullying,,
There's a cave nearby where Colin keeps his stuff #mkr,0,not_cyberbullying,,
"Congratulations, Illinois, on becoming the 15th state to reach marriage equality! #marriageequality #dabears",0,not_cyberbullying,,
I can't stand a bully. Miserable bastards.,0,not_cyberbullying,,
No. http://t.co/ljHm8Wd27r,0,not_cyberbullying,,
"RT @RudawEnglish: #Peshmerga forces managed to cut off the main road between Tel Afar and #Mosul and disrupt #ISIS supply chain,... http://Ö",0,not_cyberbullying,,
@mutaSawwif @TawheedNetwork_ Horse shit. The Quran says that apostacy is not accepted. Multiple Hadiths say apostates must be killed.,0,not_cyberbullying,,
RT @curdistani: Kurds were supposed to be in Ummah at the beginning oh! &amp; I see now in ISIS statement it is actually Arab nationalism http:Ö,0,not_cyberbullying,,
@eDRoaCH @twitter think about how passwords work. are they stored in plaintext? can the provider easily decrypt them? nope.,0,not_cyberbullying,,
http://t.co/O6tdUczw5z,0,not_cyberbullying,,
@Leexavier @brunagih e a toca do bulling haha,0,not_cyberbullying,,
@bullysteria @yuyacst Qk mal plan bully a qk es eso de qk no veniste a los de google,0,not_cyberbullying,,
@fdgonthier @Patreon thanks! ;),0,not_cyberbullying,,
@brian4dotcom I have no idea why I liked it...,0,not_cyberbullying,,
@kornflakes600 HOTTEST BULLY EVER :)))) @TAClassOf2012,0,not_cyberbullying,,
It's so obvious that you don't care anymore.,0,not_cyberbullying,,
"@SirajZarook The Jews of Khybar lived in Khybar, far from Medina.",0,not_cyberbullying,,
@rkp12588 @DaveGreene11 You only give half a fuck about sweatshop labor when it's a derail. Bye!,0,not_cyberbullying,,
@BristolBen I just like that line.,0,not_cyberbullying,,
Gay Teens Sue Minnesota School District over Bullying†Policy http://t.co/HxPqaAZ via @TIMENewsFeed,0,not_cyberbullying,,
Eu sei que isso È bulling mais ela nem vai notar a minha ausencia e eu pesso desculpa por isso aqui na presenÁa de todos (:,0,not_cyberbullying,,
@MelBiebs69 @haroonstyles @halalflaws @greenlinerzjm @biebervalue Here are 5 translations of 33:33. What is yours? http://t.co/2aWxFOFSMV,0,not_cyberbullying,,
So if a police radio can stop a bullet why don't they make bully vests out of police radio's??!! #DONTBEFOOLED,0,not_cyberbullying,,
@Dnl2Silva bullying u.u KKKK acho justo,0,not_cyberbullying,,
I wish school was as easy as half the girls in it. :D,0,not_cyberbullying,,
@GidgitVonLaRue You're not wrong! Can't wait for their comeuppance. #MKR,0,not_cyberbullying,,
@Bahai144 You would claim there is no point in tying your shoes when your shirt is not buttoned.,0,not_cyberbullying,,
#mkr Goodbye. Can't stand to watch those two (words fail me) again! That was not cooking.,0,not_cyberbullying,,
"@honey_cutt83 I love these tweets because you can whine all you want, you will never be a sportscaster, and women are! MWUAHAHAHAHA",0,not_cyberbullying,,
"@MyKeyMoonShine @Grummz as gamergate has repeatedly proven, linking a URL doesn't mean shit for comprehension. &lt;3",0,not_cyberbullying,,
"@australiacamper Yep, same. But it's also wrong of #Mkr to let them get away with it. #mkr2015",0,not_cyberbullying,,
"RT @GwenTakagawa: ""Women feel guilty when they are attacked"" @freebsdgirl - scary but true, and not just in tech.",0,not_cyberbullying,,
RT @LenLetaylor: @YesYoureSexist it was a joke. Get over it. I don't condone violence full stop. So was her racism OK then,0,not_cyberbullying,,
@youfoundthecard ?,0,not_cyberbullying,,
class should be cancel. #Unisza,0,not_cyberbullying,,
@SuzieZUMO i seriously only see white.,0,not_cyberbullying,,
RT @NanoElle92: I hope Lynn &amp; Tony are saved. These girls are terrible cooks #MKR #MKR2015,0,not_cyberbullying,,
That Queensland cunt in the hat reminds me of Brian Blessed if he was the most boring man on planet earth #mkr,0,not_cyberbullying,,
@AMohedin We can get that much from the Quran. So maybe the Hadiths can help us clarify.,0,not_cyberbullying,,
@meursalt razer blackwindow chroma,0,not_cyberbullying,,
"It's a unique challenge to uphold feminist ideals in a heated argument in your second language, against three men",0,not_cyberbullying,,
"RT @vanessabayer: Guys, my sex tape just leaked! #FiftyShades Watch it here: http://t.co/JMBD5skwvf",0,not_cyberbullying,,
"RT @DanielleVLee: #mkr is love, #mkr is life.",0,not_cyberbullying,,
"Our pancakes are selling like hotcakes Shaz - yes, yes they are Jac! We wish we could sample some! #MKR #tvweekmag",0,not_cyberbullying,,
"@0xabad1dea unless you are the help desk person I am talking to, it is unlikely. I've been doing obscene things to ruby all evening.",0,not_cyberbullying,,
Waiting to sync this bitch on my mac &amp; imma blast it with the beats on,0,not_cyberbullying,,
"I swear to God 82,6% of the girls don't even understand the rules of football. They're just going to see @Louis_Tomlinson ??.",0,not_cyberbullying,,
@edgeofthesandbx @batchelorshow @FearDept I'll stick with Colorado real estate if you don't mind.,0,not_cyberbullying,,
"@smtvic I believe another nice Irish expression would be Colin is a ""fecking eejit"". #MKR",0,not_cyberbullying,,
"Para los padres/madres de familia, educadores y a quienes interese el tema del Bullying, recomiendo sigan @BraveKidsVoices",0,not_cyberbullying,,
You have ruined everything in my life. You should just move away,0,not_cyberbullying,,
BULLSHIT. how the fuck do they stay. how the fuck did they get away with that bullshit. ugh no. sore winners too. ?????????? #mkr,0,not_cyberbullying,,
Come on down! We're cooking ears?! @cityofmandurah thegoodguysau #CrabFest15 #MKR  #ChloeandKelly https://t.co/6kGw1LEjFR,0,not_cyberbullying,,
Um encontro e um bate papo sobre Bullying on Twitpic: http://t.co/udxW8Cl via @AddThis,0,not_cyberbullying,,
ordering shoes and sweaters online tonight because i cleaned the house:) #thanksdaddy,0,not_cyberbullying,,
"PWI: VIDEO: LATEST TNA SPIN CYCLE WITH BULLY RAY, MICKIE JAMES AND MORE http://bit.ly/pHWYqg #Wrestling",0,not_cyberbullying,,
@harmlesstree2 Here again. https://t.co/xWJzpSodGj,0,not_cyberbullying,,
@TheDoubleclicks you make the drive to LA so tempting. :P,0,not_cyberbullying,,
I don't think anyone knows what they want out of Highschool. I mean you're still pretty young.,0,not_cyberbullying,,
I just found these. http://t.co/Lyam5snQ1c,0,not_cyberbullying,,
This bullying needs to #STOPNOW!,0,not_cyberbullying,,
"SÈrio, tem que pessoas que pedem para sofrer Bullying n„o È possÌvel !",0,not_cyberbullying,,
Presented without comment: http://t.co/pBhlLdmpCP,0,not_cyberbullying,,
rofl. hey guys. guys. GUYS. I've got something to make you giggle. #ggautoblocker violates the Logan Act. https://t.co/BYfyjSuzlv,0,not_cyberbullying,,
@chilblane wait what,0,not_cyberbullying,,
@tdistjohn @_Kurda_ I'll have to settle for the 300 winchester mag I'm building.,0,not_cyberbullying,,
"if it's a Kat and Annie showdown, the 'sudden death' could be literal. #mkr",0,not_cyberbullying,,
RT:@.vid.http://t.co/VDl5vWXKrj,0,not_cyberbullying,,
ì@Milenio: SLP: buscan que el bullying sea calificado como delito http://t.co/jzV3afCî/ aguas @shavala02 y @ile8argo no vayan a ir por alla!,0,not_cyberbullying,,
@Sir5000 hm?,0,not_cyberbullying,,
@annie_fd_xxx oh no need for bullying bbz! Okay hang on x,0,not_cyberbullying,,
"We havent seen Elliott in about 2 years and my boy is comin to delco in one week, lets fucking go!!!!!",0,not_cyberbullying,,
RT @jcherkis: Thanks @Pahlkadot for the great talk  @Microsoft about digital government and @codeforamerica http://t.co/QmD7Ql5qQb,0,not_cyberbullying,,
"RT @The_Eccles: Lloyd and Drasko think camping is going to be easy for them..i mean people have being calling them ""Camp"" for years! #MKR",0,not_cyberbullying,,
RT @RavenHUWolf: University of #Texas-#Arlington: Muslim student admits she made up the whole story. http://t.co/CbCR9u4FC9 http://t.co/QvÖ,0,not_cyberbullying,,
@Hannah_Borland no I'm just going through my tagged photos hahahha,0,not_cyberbullying,,
Congrats Ash &amp; Camilla!,0,not_cyberbullying,,
"Congrats to @Bigplaycj on breaking the great @JerryRice's record. Not sure what's more impressive, Megatron or Jerry's graciousness. #class",0,not_cyberbullying,,
@hunterewilliam @ShareThis Not exactly reds. Democratic Confederalism. http://t.co/GUoBEwSnB3,0,not_cyberbullying,,
I love my coffee. What is your favorite brand of coffee to brew at your house? I'm looking for a new taste! #coffee,0,not_cyberbullying,,
Dont mind working on gloomy days.:-),0,not_cyberbullying,,
"i don't care who likes me &amp; who doesn't ,",0,not_cyberbullying,,
@AnonHeel So you think I have a right to murder anyone who offends me?  Are you living in an asylum? Because if you aren't you should be.,0,not_cyberbullying,,
@thain1982 http://t.co/2AXPNlSIkg,0,not_cyberbullying,,
RT @rgay: I must say @twitter is useless in terms of dealing with harassment. You block and report and they tell you that they won't do anyÖ,0,not_cyberbullying,,
Í caramba n vao deixar a Jessie J cantar mesmo ? Af bullying,0,not_cyberbullying,,
@Feminazi_Front @She_TheWolf @brotheryellow Bingo.,0,not_cyberbullying,,
There's still a few teams that need to be voted off the island #mkr,0,not_cyberbullying,,
Argh. All of these contestants are so frustratingly annoying #MKR,0,not_cyberbullying,,
@adagrahamx3 better go to class today !,0,not_cyberbullying,,
"@AsrulIbrahim @fadriankwartady @TaheggaAlfath haha mas asrul, iya bully aja, dia sering bully aku hehe",0,not_cyberbullying,,
@theThuggie what the HELL were you thinking with your company's name?,0,not_cyberbullying,,
UGGGHHHHHHHHHHHHHHHHHHHHHHH FUCK OFF #MKR,0,not_cyberbullying,,
"@98Halima @BilalIGhumman @johnnygjokaj @cdnKhadija @rfrankh53 Just leaders that extorted them with Jizya. Read code of Umar, microbrain.",0,not_cyberbullying,,
Has anyone fallen into the irony vortex @MadJoyPad created? I have life preservers.,0,not_cyberbullying,,
@GHCanada lol...You have no worries. You're one of the safe ones. @domesticH,0,not_cyberbullying,,
Quem mais sofre bullying: ( ) Loiras burras. ( ) Nerds. (X) O n˙mero ì24î da chamada. -&gt; @luuizaum DHUASHUDSAHUDAHSU,0,not_cyberbullying,,
Watching bully beat down this shit funny af!,0,not_cyberbullying,,
Laying down watching school daze,0,not_cyberbullying,,
"@MyersNFL oh, you haven't heard it? it was amazing.",0,not_cyberbullying,,
Australia Spends Two Months Deciding Whether Red M&M Is a Bully http://bit.ly/nCtrgd #Advertising,0,not_cyberbullying,,
@HELLO__EMMA me too! We need to chill sometime soon now that everyone from the bdl is home from college.,0,not_cyberbullying,,
@franosch They were left to the Iraqi army for the defense of the nation. Some people have to stretch for a way to blame US for everything.,0,not_cyberbullying,,
#mkr has been on for 9 months and we have only lost 3 teams.  #neverendingstory,0,not_cyberbullying,,
#Christian Right Calls @AlFranken #Liberal Bully 4 Exposing Their Big Lie http://t.co/KboP2xX via @politicususa #politics #goplies #bigotry,0,not_cyberbullying,,
Ready to run playing as mkr background music ???? #mkr,0,not_cyberbullying,,
RT @thetrudz: Because anyone else would've at least answered Lauren's questions or say they'd look into the critiques of Ensler's work.,0,not_cyberbullying,,
@Skawtnyc @a_man_in_black @ChrisWarcraft I saw.,0,not_cyberbullying,,
RT @greysfan: Vicky and Celine are the other team in sudden death. No surprise there although it would have been nice if it was Kat and AndÖ,0,not_cyberbullying,,
Let's go Katy's Birthday!!!,0,not_cyberbullying,,
How am I getting home from college :((((,0,not_cyberbullying,,
"@AMohedin @halalflaws @haroonstyles @islamdefense @greenlinerzjm So your claim is that me are physically superior, right?",0,not_cyberbullying,,
They *are* fairy tale creatures.,0,not_cyberbullying,,
"@halalflaws @greenlinerzjm @biebervalue The problem is that they are forced to wear it, microbrain. http://t.co/b1AJGn141J",0,not_cyberbullying,,
RT @YumchaAddict: mmmm YUM Love @LisaMRomano's chestnut gnocchi roasted in creamy caramel http://t.co/PEwHpKEpNM #Aussie #Food @alanwphotosÖ,0,not_cyberbullying,,
@DMCCONAHAY80 haha alright thanks David,0,not_cyberbullying,,
"RT @thetrudz: + Lauren's name. Defended misuse of ""chief!"" To an Indigenous woman critiquing settler colonialism! Then she insulted Aura, &amp;Ö",0,not_cyberbullying,,
@ANew92 people are mean just try to remember to look the other way or stand up for yourself with out becoming a bully,0,not_cyberbullying,,
"quando se ofende, goza,humilha, discrimina, exclui, empurra, rouba ou se quebra os pertences, isso tambÈm È bullying.",0,not_cyberbullying,,
"@naomi_mariex @amylambert_93 I'm still unsure, I really want to but feeling a little pants and money dude! No money!  :( I dunno :(",0,not_cyberbullying,,
"I've got redirects set up, so existing articles/posts that linked to the old URLs should work just fine.",0,not_cyberbullying,,
@keithlaw Armstrong cheated in the dirtiest sport in the world. #shockedface,0,not_cyberbullying,,
RT @IUteamstarcandy: [ANNOUNCEMENT] IU with Oh Hyuk #Cant_Love_You_Anymore will be out at 6PM today!,0,not_cyberbullying,,
@MsKool_AidSmile lol your rite.,0,not_cyberbullying,,
"Retweet if you're 100% against bullying. If you retweet this, you're an inspiration to me. &lt;3",0,not_cyberbullying,,
@desdemoor nice piece des. See earlier tweet from @Bull_Highgate - beer tapping night next tues 6th! Be great to c u there! Spread the word!,0,not_cyberbullying,,
All I need in this life of sin is me and my boyfriend ????,0,not_cyberbullying,,
@Animecommentary everyone is awkward. :P  most people think they are most awkward than they really are. you're fine.,0,not_cyberbullying,,
@CatalanCars Wajajajaja. Recuerda que est·s solo all· en Serena. AsÌ que podemos hacerte bullying a ti. jajajaja. nah.,0,not_cyberbullying,,
@AndreaFaulds yes and yes,0,not_cyberbullying,,
Fuck off I can't watch another round #mkr,0,not_cyberbullying,,
@discerningmumin We neither created or supported Sadam. We dealt with him cause that was what there was.,0,not_cyberbullying,,
"@anna_m_thomas I don't, do you know what crack is? Haha",0,not_cyberbullying,,
@98Halima @BilalIGhumman @johnnygjokaj @cdnKhadija @rfrankh53 The bloodiest history of murder is that of Islam. http://t.co/wIyDWodNjP,0,not_cyberbullying,,
@tomdcc it's very easy to change your GV #.,0,not_cyberbullying,,
#fat,0,not_cyberbullying,,
@GTALAD4EVA Not at all. We haven't announced any dates yet.,0,not_cyberbullying,,
#Itreallymakesmemad when people make fun of people and bully people with medical problems. Or even people without medical problems.,0,not_cyberbullying,,
ISS … BULLYING,0,not_cyberbullying,,
@LifeInKhilafah This is life in the Khalifa. An orgy of murder and celebration of killing in the most gruesome way. http://t.co/m4oCmDH3BR,0,not_cyberbullying,,
"@zeynep @twitter @delbius omg, is that what happened? i keep hitting the wrong button.",0,not_cyberbullying,,
This will be my absolute last day in a skirt. #80Today :D,0,not_cyberbullying,,
how do i even have an ear ache i am not 4,0,not_cyberbullying,,
"She's trying to play it as ""we can have our own opinions but I still respect you"" - No. She doesn't. She admitted that she was selling out.",0,not_cyberbullying,,
School Days HQ marathon last night exhausted me,0,not_cyberbullying,,
@Nick_d_Williams I know Putin. Why would I spend 5 seconds looking at his propaganda?,0,not_cyberbullying,,
"I'd be happy to get an adult, but leo wouldn't adjust well. He thinks he is dominant to everything. Can't have a big dog, he gets protective",0,not_cyberbullying,,
@alyssadaguise alyssaaa follback me maybee?...... And goodnight :)),0,not_cyberbullying,,
@RealDackFayden @tauriqmoosa yeah. i tried to talk to him. he won't even tell me why he thinks this is a thing.,0,not_cyberbullying,,
"@SirajZarook @BilalIGhumman @OdiniaInvictus @IsraeliRegime And like Boko Haram and many others, they only need the concept of Islamic Jihad.",0,not_cyberbullying,,
"So please take your accusations of ""WHY AREN'T YOU PROSECUTING, EVIL ANTIGG SCUM"" and go educate yourself. @PendragonTarot",0,not_cyberbullying,,
RT @Skawtnyc: @a_man_in_black @freebsdgirl @ChrisWarcraft The level of transference and tone deafness on this one is amazing. https://t.co/Ö,0,not_cyberbullying,,
~10% of the posts I've read on Facebook today are people looking for work. Jeez. I thought the unemployment rate was supposed to be better?,0,not_cyberbullying,,
@BBJ2013 Lol i dont!,0,not_cyberbullying,,
I feel we're in for one hell of a ride on #MKR thanks to the inclusion of Crazy-Kat. http://t.co/nYriPVKbJt,0,not_cyberbullying,,
"I need dumbbells w/plates, pref up to 60 lbs on each. Suggestions to find these in the Bay Area cheap?",0,not_cyberbullying,,
"Seu merda - ""Isso È bullying"" - ""SÛ se for com a merda"". http://t.co/D8YXBxc",0,not_cyberbullying,,
Watching people like @GMShivers further FYGM culture. That's... unfortunate.,0,not_cyberbullying,,
oh god oh god oh god never point a microscope at skin,0,not_cyberbullying,,
@BuzzFeed stopping just short of technical plagiarism since 2006,0,not_cyberbullying,,
"@MaxBlumenthal What ""along side""?",0,not_cyberbullying,,
@sayheytozayna wassup?,0,not_cyberbullying,,
@anglekaitlyn13 just pick either green purple or black! are you going to do it before back to school?,0,not_cyberbullying,,
@LifeInKhilafah Salahuddin was a Kurd and decent general - just fighting for a bad cause.,0,not_cyberbullying,,
RT @kenzie_mariah: KAT IS A FUCKING CUNT #mkr,0,not_cyberbullying,,
@CALMicC wary isn't the same thing as condemnation. :),0,not_cyberbullying,,
Even when there's no school I still get up before 7. #whyyyy,0,not_cyberbullying,,
"Ok, well the score was able to be manipulated by the contestants to let the inferior team through. Doesn't sound fair really. #mkr",0,not_cyberbullying,,
I  missed the end of #MKR to watch #GoggleboxAU what happened ?,0,not_cyberbullying,,
"If I can't talk to random strange women, how will I ever date!? is like ""if I can't talk to random strange men, how will I make friends!?""",0,not_cyberbullying,,
I went to sleep at 2am. Woke up at 5am. Took the 5:53 train. And got to school before 7:30. I deserve an Olympic medal for doing this,0,not_cyberbullying,,
Im gunna have some cray abs by the time im done being sick #sickpeopleporbz #coughing,0,not_cyberbullying,,
Kat &amp; Andre have the worst sportsmanship. Genuinely hope they don't do well purely because of how bitter they are. #mkr,0,not_cyberbullying,,
Kat and Andre are so so mean. #mkr,0,not_cyberbullying,,
@nine11inreverse Think about it. Good night.,0,not_cyberbullying,,
lmaoooo bullying hae xD,0,not_cyberbullying,,
@abu__ramadi We can see that by the Daesh fleeing Kobane and the Mosule countryside.,0,not_cyberbullying,,
@elplatt @TheQuinnspiracy babies,0,not_cyberbullying,,
@shanley #killallmen,0,not_cyberbullying,,
RT @YG_WINNER: [!] WINNER #REALLYREALLY at #1 and #FOOL at #8 on Melon (9PM KST)! üçà üëèüèªüí™üèªüíô https://t.co/F8dCMD80Ri,0,not_cyberbullying,,
"@WithTrish @JRehling Look, if you don't know anything about Islam, then don't waste my time.",0,not_cyberbullying,,
I actually literally do not have patience for this hey #MKR,0,not_cyberbullying,,
@BajaLime @BeerGynt @bidetofevil will def be getting back to this though. i think salesforce will be a good idea for us.,0,not_cyberbullying,,
@AdamJDT Yeah it's hilarious how women's contributions to science are minimized and stolen. I'm glad you see the humor.,0,not_cyberbullying,,
Bullying http://t.co/sbHjDUt via @youtube,0,not_cyberbullying,,
Why don't you just give them a 0 and shut the fuck up #mkr,0,not_cyberbullying,,
#cm7 don't think we don't know lmao???? #beplaya http://t.co/PiDyKapm,0,not_cyberbullying,,
"N„o sei pq tanto propaganda contra o bullying, o bullying È igual a estudar qnd mais vc estuda mais sofre t· ligado? rs",0,not_cyberbullying,,
@busywriting Is it fantasy to think Hillary would be knocking heads together and using the power of the bully pulpit to expose R bad faith?,0,not_cyberbullying,,
Oh. My. God. http://t.co/WHy3a8o33z http://t.co/5Vsf5JRoI6,0,not_cyberbullying,,
Yep it's Monday,0,not_cyberbullying,,
#MKR anyone can cook from a can girls.,0,not_cyberbullying,,
@coopatropp np. Will be home soon.,0,not_cyberbullying,,
ì@emmadaisy___: They won't mind if it's not perfectly presented.,0,not_cyberbullying,,
"Lucky Adam isn't involved in this challenge, he'd hate the thought of feeding children #mkr",0,not_cyberbullying,,
Why do teams look shocked when they announce the final score will be revealed at a different location? Haven't they watched #mkr before?,0,not_cyberbullying,,
I feel like the percentage of people that I hang out with at school is fake,0,not_cyberbullying,,
@KellyTurner99 @isra_jourisra @fei989 Where do you get the idea that Islam forbids death by fire?,0,not_cyberbullying,,
@nessabear_cantu love you! Come over and spend time with me tonight. I miss you and I have no school tomorrow,0,not_cyberbullying,,
@DianH4 We don't support Saudi at all. We simply do business with them.  The Saudis were produced by Islam.,0,not_cyberbullying,,
Watching #MKR before @marlo_music LEL @JordanaTascione,0,not_cyberbullying,,
"I suspect she doesn't know about either connection. But it's the site she's posting to, lol.",0,not_cyberbullying,,
"oooo. Almost forgot, need to submit to CFP for #osbridge. :)",0,not_cyberbullying,,
Yeah unlike this tweet @TeamSandhu I'm not sexist but do girls do everything for attention?,0,not_cyberbullying,,
"@VinCastronovo Guess what?!!? IM getting a tattoo that says #GRAND or ""Starve a bully,feed your soul"" on my wrist! but a real one! #WEIRD",0,not_cyberbullying,,
#drasko's partner must have patience of a saint. #mkr #mkr2015 @mykitchenrules,0,not_cyberbullying,,
@Anastaciatime flick it!,0,not_cyberbullying,,
Bully: your stupid  victim: u just punched me in the feelings :(,0,not_cyberbullying,,
"@AlitaMillanir  Quizas no sabes lo que es tener c·ncer, tampoco te lo deseo. Pero te mereces un bulling monumental por tus dichos.",0,not_cyberbullying,,
@bruce_veltri Social Justice Warrior.,0,not_cyberbullying,,
MTV VMAs: Kevin Hart jokes he was bullied to host sans pay [Video] http://t.co/p6gmXNT,0,not_cyberbullying,,
Algebra 2 &lt;&lt;&lt;&lt;&lt;&lt; I Absolutely Hate It,0,not_cyberbullying,,
"RT @finicalgal: Basically the #MKR ""twists"" are a series of annoying ways to extend this season.",0,not_cyberbullying,,
@luizpsc I fucking love her. She is hot as shit.,0,not_cyberbullying,,
@kencf0618 I can never tell anymore. :P,0,not_cyberbullying,,
"Because if Elliot Rodger had killed just ONE woman who had rejected him for a date, it would not be national news. #YesAllWomen",0,not_cyberbullying,,
Hoping editing might be to blame but srsly #katandandre need to check themselves! Can't wait till they're out cooked by the other teams #MKR,0,not_cyberbullying,,
@DrHaque @MaxBlumenthal @NYCJulieNYC @mehdirhasan @tnr You have to be dumber than a rock to think that ISIS wants a Jewish state.,0,not_cyberbullying,,
"@BeRh00M What you see as ""normal,"" women see as threatening, and we keep telling you dudes this, but you don't actually want to listen.",0,not_cyberbullying,,
Make me remember you like you remember me,0,not_cyberbullying,,
"@_SoldierX @S0ldier__ No, microbrain, we will avenge each and every life you took away.",0,not_cyberbullying,,
@omglazerkittens try Isilon.,0,not_cyberbullying,,
"@_blackglass__ @dumuzi1969 LOL. I love that ""just wait"" reasoning.",0,not_cyberbullying,,
RT @connollyisking: @YesYoureSexist To judge me as a parent.... I feel sorry for you. I'm merely pointing out that the physical confrontatiâ€?,0,not_cyberbullying,,
#Uol \n\t\t\t\tMaioria das crianÃ§as ligadas a bullying sofre castigo corporal\n\t\t\t:  http://t.co/u40K8UV,0,not_cyberbullying,,
@twoscooters @Official_PAX keep in mind that PA put a sexual predator in charge of security and then brushed it under the rug 2yrs ago,0,not_cyberbullying,,
"Hoje, 17 adolescentes vÃ£o tirar suas prÃ?prias vidas, devido ao bullying. - â€º Reblog se vocÃª se importa. â€º â€º... http://tumblr.com/x0m3xjpybi",0,not_cyberbullying,,
Back to school! #live #theattrapats,0,not_cyberbullying,,
But where is @helloimkalynn #textbackbetchh,0,not_cyberbullying,,
@darraghfrawley @essexjimmy23 @richardloaf #schoolcaptain kid! Get the title right!,0,not_cyberbullying,,
I really can't stand corp I.T in PDX missing the bay old school feel.,0,not_cyberbullying,,
"@djosephj Sorry, not into gruesome.",0,not_cyberbullying,,
"We had this French theatre group at school today, was so fucking funny :)",0,not_cyberbullying,,
"@sibbysoyabean oh, that weird RT?",0,not_cyberbullying,,
The amount of kind words and support we've received from all of you has been immense. Thank you all so very much.,0,not_cyberbullying,,
@freedominguez I saw. :) I've been working directly with twitter's safety department. I have faith they want to do the right thing.,0,not_cyberbullying,,
@hestiahdruid are those any good?,0,not_cyberbullying,,
@EvySoto @MarioCuen @patrulleroturbo heeeey no se vale!!!! ese bulling twitero esta casi patentado por mi!!!! no sean asÃ?,0,not_cyberbullying,,
@BartsMolly well we'll see ((ok)),0,not_cyberbullying,,
@logicalmind11 @ummsuhaym That is a lie. http://t.co/rWT9Dg0JJ2,0,not_cyberbullying,,
"Lo que le hacemos a @NinelConde no es bullying? Jajaja, me parece que sÃ?",0,not_cyberbullying,,
@MissDollfacee you know how I do lol,0,not_cyberbullying,,
I could give Colin a workout! Just saying #MKR,0,not_cyberbullying,,
well ofc he is he's a lawyer,0,not_cyberbullying,,
"RT @simonefiasco: ""Females shouldn't---"" http://t.co/dwNcCW3PNy",0,not_cyberbullying,,
ACHEI UM TEMA o/ bullying contra casais homossexuais na escola! hihi *-------------*,0,not_cyberbullying,,
@smileyt22 @CSPANJNKY @Communist_Dog @RockDots @cspanwj Privateers taking over our public schools our most important asset,0,not_cyberbullying,,
"19 children, 24 adults & 6 pets sheltered. With school in session, now is the time to discuss bullying: http://ow.ly/6btbj",0,not_cyberbullying,,
Uncooked egg....?Ÿ˜· vomit,0,not_cyberbullying,,
Love the way I do it!,0,not_cyberbullying,,
isso Ã© bullying vo conta p minha mae,0,not_cyberbullying,,
This feeling this morning,0,not_cyberbullying,,
"@ChrisWarcraft yo, check out http://t.co/qqXxu6seI0. It has helped me SO MUCH with eyestrain.",0,not_cyberbullying,,"GNT:-)"""
"@__enimey__ Nope, reported by multiple sources.",0,not_cyberbullying,,
OMG ?Ÿ˜± I have a feeling Iâ€™m  going to be overwhelmed ?Ÿ˜± by my emoticons in tomorrowâ€™s #mkr ?Ÿ˜±?Ÿ˜°?Ÿ˜…?Ÿ˜œ?Ÿ˜€?Ÿ˜©?Ÿ˜¨?Ÿ˜±?Ÿ˜±,0,not_cyberbullying,,
@PauloAPanucci  hauhaua eu nem vi... hauhuha vou apagar hauha bullying total hauhauha,0,not_cyberbullying,,
"Happy, Friends, Love, Bullying, *medo*",0,not_cyberbullying,,
@davidsgallant it could go either way. I'm not very predictable.,0,not_cyberbullying,,
@jonrosenberg they are both pretty entertaining to talk to sometimes. ;),0,not_cyberbullying,,
"RT @RachelLite: @freebsdgirl Well, that didn't take long. Good job, @Popehat!  https://t.co/S8v8UFBC5e",0,not_cyberbullying,,
@ShabanaMir1 I saw Armstrong tell five lies in two sentences in that article.  No point in reading more lies beyond that.,0,not_cyberbullying,,
"@LoLoGray6979 @_Median_ @Banko40 True. I think that any other US president would have sent more help, earlier.",0,not_cyberbullying,,
@Trigger_Check the guy who paid.,0,not_cyberbullying,,
Yay Instant Restaurants are over!!! #mkr,0,not_cyberbullying,,
"How them kings do last nite?,â€œ@JoeyCorleoneBGR This was a bullshit morning bâ€ù",0,not_cyberbullying,,
"Honestly fucking dudes think sports have the most complicated, important sets of rules on the planet. Try neuroscience, geniuses.",0,not_cyberbullying,,
"eae pessoas, sessÃ£o da manha aqui na aula, estamos assistindo ""Bullying""",0,not_cyberbullying,,
@natttrod7 hope you feel better soon! ?Ÿ‘ç,0,not_cyberbullying,,
e essas meninas excluindo o @gcamacho_ #bullying kk,0,not_cyberbullying,,
RT @Sonia3044: Good news is Kat and Andre aren't shown in the promo ads...  #mkr,0,not_cyberbullying,,
"RT @femfreq: Actual conversation, because Iâ€™m living in Bizzaro World: ""How many death threats is that now?â€ù Me: â€œAre you asking all time oâ€?",0,not_cyberbullying,,
@EdAlvarezFight lol your welcome. When is your next non bully fight?,0,not_cyberbullying,,
#MKR Three pancakes - calm the farm. Feed them one pancake each.,0,not_cyberbullying,,
Its funny when you put Men older than your dad in their place on the Pitch and they start giving it mouth.  Go college your pension zimmer.,0,not_cyberbullying,,
"here, too many people to ache",0,not_cyberbullying,,
"Read my response to ""Pass this on to ask your followers if you believe bullying is wrong. If not, then I feel sorrâ€?"": http://4ms.me/mScY6L",0,not_cyberbullying,,
@columgetsit So you can hear smells? #wordsalad #really #justincoherent,0,not_cyberbullying,,
"RT @MrsDecav: So many of these breakfasts sound amazing, I wouldn't be able to make up my mind if I was there! #mkr #hungrycampers- bacon!!",0,not_cyberbullying,,
"@codemonkey_uk @1Life0Continues i haven't done much work with this kind of thing, so it's all a learning experience :P",0,not_cyberbullying,,
I'm not a misandrist but when men get kicked in the balls they should get up off the ground and get back to work!,0,not_cyberbullying,,
ie: they will still feel this way in 5 years. lollll.,0,not_cyberbullying,,
"@mari_fbatista ele chama barney, jura? risos eternos eaueau sem bullying, Ã© claro",0,not_cyberbullying,,
Yay Jac and Shaz and Robert and Lynzey! My faves! #MKR,0,not_cyberbullying,,
@CourtneyMooK @aluce32 I am...... I just wanted to make you feel like a bully :),0,not_cyberbullying,,
@DelaneyWalther oh school season bout to be hype imma be your guys number 1 fan! Lol,0,not_cyberbullying,,
I don't think misogynists have figured out that saying they won't want to have sex with you is only a bonus for not shaving.,0,not_cyberbullying,,
@Taetaeminnn /rolling eyes/ okay okay. /cupped your cheek/ /lean a passionate kiss to your lips/,0,not_cyberbullying,,
"Can we stop deconstructing desserts please? Let's start a campaign, let's get some names on a clipboard, let's start a march #mkr",0,not_cyberbullying,,
@NigglyPuffsJr EDGY THREADBARE HUMOR IS EDGY AND THREADBARE,0,not_cyberbullying,,
@IMrTrippy That you haven't grasped that Humanity 101 fact spells disaster for your interpersonal relationships.,0,not_cyberbullying,,
"RT @benpobjie: When someone voted ""strategically"" on Come Dine With Me, they made her re-do her vote. Should do that here #MKR",0,not_cyberbullying,,
@RodFindlay been sent a few of them. Thought they could bully me about. Put them right and they won't represent the client anymore!,0,not_cyberbullying,,
@comedium @FactsOfSchool @comedium @FactsOfSchool i already did that..but see ^_^,0,not_cyberbullying,,
@PaytonRaeMusic i love your stomp out bullying video! very inspirational(: i think i will enter...â™¥ http://t.co/C6NqqwC),0,not_cyberbullying,,
"BAHAHAHAHA oh my god. That was amazing. ""to be honest, I didn't like it"" hahaha #mkr",0,not_cyberbullying,,
I miss anti racist dog.,0,not_cyberbullying,,
guess who I am: WE HATE STRATEGIC SCORING BUT WE GIVE THEM A 1 #mkr,0,not_cyberbullying,,
"#WhenIWas13 there was no spell check, texting, or cyber bullying. And we called each other from our hard wired home phones.",0,not_cyberbullying,,
@MikeyYV44 haha classic,0,not_cyberbullying,,
This life that I'm living â˜º|â™¥,0,not_cyberbullying,,
Thanks so much @itswrigley #GoodMorning Doll.,0,not_cyberbullying,,
Kat just loving the negative reviews. #MKR,0,not_cyberbullying,,
bully ray of impact wrestling worst style ever,0,not_cyberbullying,,
I'm trying something new today,0,not_cyberbullying,,
"Actually the ""locomotive cab cleaner"" was Douglass, not intended for cars @Rildom1 @urmindblown http://t.co/VyPnBF5jGh",0,not_cyberbullying,,
"For more egregious cases for harassment, we definitely need to be able to respond to those appropriately. But most toxicity isn't this.",0,not_cyberbullying,,
"Good morning &amp; welcome to political Monday...only honest discussion here w/ the focus on substance, not style #factsmatter",0,not_cyberbullying,,
"@HelenKeeble @shoottheducks teeee heeeee, a whole new opportunity for teenage sex ed in schools?!",0,not_cyberbullying,,
@MaxMayo77: http://t.co/XpSC3makgJ sexy lad with hot soles and arches.,0,not_cyberbullying,,
"Simplemente si no quieres que te insulten o te hagan ""bullying cibernetico""",0,not_cyberbullying,,
@SPeitsch @KirinDave no. singularity university.,0,not_cyberbullying,,
If her biggest fear is the bully on the play ground #shetoyoungforyoubro,0,not_cyberbullying,,
Dessert shocker. #MKR,0,not_cyberbullying,,
RT @_marisajane: Another round of instant restaurants? Are you serious #MKR? Yawn...,0,not_cyberbullying,,
@NjakesGabadier hello darling....,0,not_cyberbullying,,
@rmestridge YAAAA! That's riiiight. Abby denaj the cyber bully,0,not_cyberbullying,,
"Tough words, Pete, from someone whose Paleo Cook Book for babies was just pulled due to the possibility of under-nourished babies. #MKR",0,not_cyberbullying,,
Who would be the Pretty little liars on AU campus!!! #interesting,0,not_cyberbullying,,
@JihadiA8 There was no former glory.  Just a backward state powered by war and slaves.,0,not_cyberbullying,,
@Richdolarz keep comin at @AYEVERB  so he can get some views i hate a nigga dat try to get on dat bully shit to make they self look good,0,not_cyberbullying,,
@owrangle Instant replays of people boiling an egg have dramatically improved Australian TV. #mkr,0,not_cyberbullying,,
If only this Sasquatch had wings to help these girls fly out of the whole they've dug for themselves #mkr @mykitchenrules,0,not_cyberbullying,,
Being at college makes you appreciate being home and being home makes you appreciate being at college.,0,not_cyberbullying,,
@blu_bombshell Thanks for the heads up!,0,not_cyberbullying,,
"@Spacekatgal yo, we should use this. Maybe I should say I dislike your game?",0,not_cyberbullying,,
RT @pperrin: Oh... so Rotherham was Tony Blair/Labours sacrifice of innocent English virgins to pacify the satanic horror of Islam (having â€?,0,not_cyberbullying,,
@dumbadm1n Pete would love it! #mkr,0,not_cyberbullying,,
im closing my wells fargo account and going no-bank for a while because this is just fucking stupid,0,not_cyberbullying,,
I'd send that deconstructed shit back #mkr,0,not_cyberbullying,,
I hope there's a lot of portaloos at that campsite #mkr,0,not_cyberbullying,,
@kkansaa1 @IraqiMr3456 http://t.co/2tIuXX0frC,0,not_cyberbullying,,
@srhbutts @ChrisWarcraft omg omg omg MAGICAL DICK SCRUB A better phrase has never been uttered I am dying,0,not_cyberbullying,,
Ed sheeran give me love.... Fucking #class âù?,0,not_cyberbullying,,
@LifeInKhilafah Was watching a clip of Pesh fighting Daesh near Mosul today. Pesh using Daesh for target practice. http://t.co/SQYQ5rglMy,0,not_cyberbullying,,
RT @oohnicoleee: I'm smiling like a retard rn wth. Ã°ÂŸÂ™Â„ https://t.co/qb7nCpKxUa,0,not_cyberbullying,,
@MaDaSaHaTtEr_17 @buttercupashby Maybe you need to worry more about getting rid of the pedophiles in your church.,0,not_cyberbullying,,
@voiceofrae @TheQuinnspiracy @Spacekatgal SO CALL ME MAYBE,0,not_cyberbullying,,
"This is going to be a better finale than how I met your mother, one way or another.",0,not_cyberbullying,,
Ewww #mkr,0,not_cyberbullying,,
"Every time I meet with a journalist that is about to post something that is going to make GamerGate angry, I suggest using #ggautoblocker.",0,not_cyberbullying,,
"when the #nra talks about arming teachers, consider the following: i lost my classroom keys twice a week all semester #goodluckwiththat",0,not_cyberbullying,,
"@DCDeacon No need to thank us but instead Arkane Studios, they really pulled off and created an amazing game.",0,not_cyberbullying,,
@DiscordianKitty wat ok I rerun and update when the vodka duck fat has worn off,0,not_cyberbullying,,
"crumble, curd and cream is a deconstructed lemon tart,  isn't it #mkr",0,not_cyberbullying,,
RT @NoToFeminism: I donâ€™t need femisnn i heard femists were trying to write a book sequel called To Mock a Meningbird,0,not_cyberbullying,,
How have I never heard of ball culture? This sounds amazing.,0,not_cyberbullying,,
"Maybe ur the same as me, we see things they'll never see you and I we're gonna live forever",0,not_cyberbullying,,
I'm sure opening the bbq to let all the hot air out will make it cook faster. #mkr,0,not_cyberbullying,,
Aww yay ash and camila #mkr,0,not_cyberbullying,,
#MKR makes much more sense when you realise it's not a cooking show,0,not_cyberbullying,,
http://t.co/vSObneH81v,0,not_cyberbullying,,
@vijay_fansclub  Iam waiting for that for a long time.They are showing saravanan meenatchi serial.,0,not_cyberbullying,,
@BenPC binabaon ko yan nung HS. sarap kasi. and inuubos mo nga baon ko eh! bully ka kasi.,0,not_cyberbullying,,
@AustinWood97 I love you SO much (:,0,not_cyberbullying,,
Hurry up! Kat and Andre are dicks #mkr,0,not_cyberbullying,,
lol. why do people think that mentioning a username when you've got them blocked is a ToS violation?,0,not_cyberbullying,,
"Proven how well we can really do Uhhh, what? #MKR",0,not_cyberbullying,,
@RICEDEE had to change it brah I sent it your way,0,not_cyberbullying,,
She really looks like the Kat that swallowed the canary #mkr #noneedtogloat,0,not_cyberbullying,,
RT @a_man_in_black: @freebsdgirl You might want to take this to whoever your person at Twitter is. https://t.co/QsUdICRIEP,0,not_cyberbullying,,
Melon https://t.co/hzZj18a4N3,0,not_cyberbullying,,
"Based on scores Annie &amp; Lloyd vs Sheri &amp; Emile Based on personalities, Kat &amp; Andre vs.....fuck it you're out #MKR",0,not_cyberbullying,,
@LJWebb5 @mattbeck27 I believe I'm entitled to my equal rights and insist I get at least one!,0,not_cyberbullying,,
"Literally like every tweet on my TL is about homecoming, 2Chainz, or drinking. Beautiful.",0,not_cyberbullying,,
"Look, I don't care about your photoshops, or your computers, or your wizardry. The earth isn't flat and #TheDress is white and gold.",0,not_cyberbullying,,
@jncatron @PFLP_ps Less than 1% of Muslims are killed by Israelis.  More than 90% are killed by other Muslims. So what does this bigot want?,0,not_cyberbullying,,
"I can't wait to get my puppy, I'm not gonna know how to act lol",0,not_cyberbullying,,
Ummm why didn't they talk about Nic and Rocco getting 95? #MKR,0,not_cyberbullying,,
"â€œ@GWN7: We're going camping on #MKR, or as Ash &amp; Camilla prefer -#GLAMPING http://t.co/iq6XPS0lRpâ€ù",0,not_cyberbullying,,
Acertei o guarda-chuva na cabeÃ§a do @gabazito. Pratico bullying.,0,not_cyberbullying,,
I need it,0,not_cyberbullying,,
"@mattstratton @cigardubey yeah, it's pretty rad for managing multiple accounts in various services.",0,not_cyberbullying,,
Never be bullied into silence. Never allow yourself to be made a victim. Accept no one's definition of your life.,0,not_cyberbullying,,
"I can confuse you in an even better way, Colin. #MKR",0,not_cyberbullying,,
RT @Keanna_Reeves: @freebsdgirl It sure is weird how I only ever see true things being attached to the gamergate hashtag.,0,not_cyberbullying,,
"RT @jaackkieeee_: I'll ""@"" them but they too lame , don't even have a twitter @x_redsid you know Ã°ÂŸÂ˜Â‚ , grown ass woman !! Ã°ÂŸÂ˜Â? https://t.co/sdWMÃ¢Â€Â?",0,not_cyberbullying,,
@ncweaver I don't know what an atmospheric river is but it does feel like I'm driving in one.,0,not_cyberbullying,,
RT @goodfoodAU: A restaurant AND a cookbook for #mykitchenrules twins Helena and Vikki. #mkr http://t.co/jopkwkiYqH,0,not_cyberbullying,,
"Even worse, the media thinks he's an ally. They keep letting him speak for us, and it has to stop. #stopwadhwa2015",0,not_cyberbullying,,
RT @ZoutLiquorice: For dessert we're making deconstructed lemon tart. Because we do not know how to construct.....stuff #MKR,0,not_cyberbullying,,
"@TURBOCUNT @TheQuinnspiracy apparently it makes it easier to find BART. so, that's something.",0,not_cyberbullying,,
#mkr ahhh... the dulcet tones of Robert the Texan...,0,not_cyberbullying,,
These outside challenges tend to separate the genuine competition contenders from the rest of the teams #MKR,0,not_cyberbullying,,
@DianH4 You have that backwards.,0,not_cyberbullying,,
"@DefaultProphet in their defense, some incarnations of jubilee weren't portrayed as asian.",0,not_cyberbullying,,
I've also been told that some of the people mentioned in @ninaburleigh's article didn't even talk to her. She quoted them without asking.,0,not_cyberbullying,,
"oooo, drama on my timeline again! Let me guess who's involved... ;)",0,not_cyberbullying,,
"@godlovesfags walang bullying sa ginawa ko, idol nga nating lahat diba? :)",0,not_cyberbullying,,
RT @citywide25: #mkr  @ScreechDinero @AtlanticRecords @BadBoyRecords @CapitolRecords @ColumbiaRecords @ColumbiaUK @DefJamRecords http://t.câ€?,0,not_cyberbullying,,
@obsurfer84 Those coming from one source are not classified as sound. So you are again a liar.,0,not_cyberbullying,,
"RT @BastardKeith: Over $100,000 has been raised for Darren Wilson. But man, why must liberals bring RACE into this?! It's about...oh. http:â€?",0,not_cyberbullying,,
No more school for today lol,0,not_cyberbullying,,
This is what innovation looks like. Horrible organization. Proprietary standards like AZW that have a substantial lack in metadata fields.,0,not_cyberbullying,,
@LifeInKhilafah Those are ISIS guns pointing at that baby.  And murdering someone for the way they were born is sick like your Islam.,0,not_cyberbullying,,
loving the tweets on the #Sassy girls cooking on #MKR tonight!  #MyKitchenRules,0,not_cyberbullying,,
"@KhaledHamaki Yes, that is the verse that insults Jews.  Thanks for cherry picking.",0,not_cyberbullying,,
@x2xMiZoZoR3x2x http://t.co/BgDMZLaJSj,0,not_cyberbullying,,
I would pay money to see Celine and the mother eliminated #mkr,0,not_cyberbullying,,
@Riic14 And more men know what DIY means due to buying tools they never use. Lol,0,not_cyberbullying,,
"@caulkthewagon the only thing i heard from twitter was that it was snowing. i generally don't watch TV. but continue calling me out, please.",0,not_cyberbullying,,
@LaserVueEye steak.,0,not_cyberbullying,,
@XoXoRihanna_ yay ok !,0,not_cyberbullying,,
Watching other BSD devs tell roguestar he's wrong and it is delicious.,0,not_cyberbullying,,
Hands up if entitled dickweed doodz ruined you on collaboration for the duration of your academic career?,0,not_cyberbullying,,
@Bawsladi outside the school?? Pretty expensive too.,0,not_cyberbullying,,
'Friday' Singer Rebecca Black to Be Homeschooled After Verbal Bullying - FoxNews.com: http://goo.gl/k0QGS #rebeccablack #homeschool,0,not_cyberbullying,,
Just hopped on the struggle bus. Gonna be a long day #collegelife,0,not_cyberbullying,,
Everybody go vote Early!!!!!! #GoVote,0,not_cyberbullying,,
@OneDeep_Necie Well you will have roommates at the off campus apartments and on campus apartments..,0,not_cyberbullying,,
"@dylanw also, totes constructive mention, there. I'm sure you are a great instigator. ?Ÿ˜˜",0,not_cyberbullying,,
"@BrownBagPantry I get where you are coming from, and it's annoying, to be sure. But it's not considered harassment under Twitter's ToS.",0,not_cyberbullying,,
It's kinda cold but I don't want to stop wearing my superhero outfit.,0,not_cyberbullying,,
"Canciones, afiches y cuentos: escolares plantearon cÃ?mo combatir el bullying http://t.co/8C6t7kT vÃ?a @comunidadpucv",0,not_cyberbullying,,
Quit worryin bout me and get u some money,0,not_cyberbullying,,
@LifeInKhilafah There are a few Kurds who betrayed their people and joined the Daesh criminals. And a few stayed and live in fear.,0,not_cyberbullying,,
@vengarioth i broke up with a dude when i was a teenager by forkbombing his server.,0,not_cyberbullying,,
"Yeah, I get threats. And it means I have to be cautious. But really, I'm crazy enough to think I'm unbreakable, which is why this works.",0,not_cyberbullying,,
"@Marissazman @huddydoodle don't worry babe. Nnt I kung fu je dgn dia. Kita tgk ah dia tergolek nnt :p jgn bully best friend I, Hud! Haa haha",0,not_cyberbullying,,
@marcurelio Sabe que vocÃª pode alegar tortura psÃ?quica? Bota a @anacarlota na cadeia por bulling contra um afrocareca.,0,not_cyberbullying,,
it would be easier to pay attention in class if my teacher had morgan freemans voice,0,not_cyberbullying,,
A @Thiifany_ ta fazendo bullying com a @mariimarqs_ chamando ela de balao,0,not_cyberbullying,,
RT @MailOnline: The Nazi death gas so horrific even Hitler feared using it https://t.co/RkDqpDRMVB,0,not_cyberbullying,,
"And oh boy, did I have a lot of apologies to make eventually. :P Luckily, tech feminists are pretty awesome &amp; forgiving people.",0,not_cyberbullying,,
Thanksgiving drinking games #classic half the table has no idea whats going on,0,not_cyberbullying,,
"@Sir5000 @StormsOnSaturn looking into it, ty for the headsup.",0,not_cyberbullying,,
"Lmao..the old man on #americascourt called the defendant an ""old bag"" &lt;=~~ pahahaha!!!!!",0,not_cyberbullying,,
"@nikeenan ""everybody does it"" is not an excuse for oppressive behavior",0,not_cyberbullying,,
Literally Who? Literally #LawAndOrderSVU.,0,not_cyberbullying,,
"@AnaLuciaPinh @rodriigomoraees ainda tenho, mas Ã© porque nao resisti, agora me sinto inseguro vou sofrer bullying",0,not_cyberbullying,,
Gene Smith Needs To Get Axed As Our Gm #nohope,0,not_cyberbullying,,
RT @wilkieii: The @InnovatingWomen account is literally @wadhwa retweeting himself talking for women in tech. Seriously. Look at it. #StopWâ€?,0,not_cyberbullying,,
About to enjoy a great lunch with Dr. Paul McElhone. Bold Design Inc is a proud supporter of the School of Retailing. #SchoolRetailing,0,not_cyberbullying,,
@naehomelessness We have seen an influx of younger parents here in Wisconsin. Doing what we can to help them here!,0,not_cyberbullying,,
RT @mykitchenrules: Are you upset about tonight's elimination result? #MKR,0,not_cyberbullying,,
@ameedjadallah ROFL.  The entire world knows for a fact that the exact opposite is true.,0,not_cyberbullying,,
#stopwadhwa2015 because he follows a pathetically low amount of female engineers. But he's cool with female reporters.,0,not_cyberbullying,,
In case you think I'm joking. http://t.co/E18k7iJcaW,0,not_cyberbullying,,
@stephenlautens @Malek_Ason So does it mean he has to stay in his house and be beaten? No? Then shut up. http://t.co/7sIZ1pC67c,0,not_cyberbullying,,
"Been doing things. Going to have some pretty automated stuff to show you all soon, but for now, some kinda neat stuff I found.",0,not_cyberbullying,,
"@a_man_in_black a figurative storm of shit - a shitstorm, if you will - that is now causing people to get harassed.",0,not_cyberbullying,,
#np Bully - Eminem;D,0,not_cyberbullying,,
@a_man_in_black WELL ACTUALLY I'm kiiiiiiiinda a rainbow haired expert.,0,not_cyberbullying,,
"Well don't cry about it, when Bruce Wayne lost his parents he became Batman! #MKR",0,not_cyberbullying,,
"Seu merda - ""Isso Ã© bullying"" - ""SÃ? se for com a merda"". http://t.co/zqKtt9U",0,not_cyberbullying,,
oops. Sorry for the belated content warning on that. They posted some gore so their targets wouldn't distribute the URLs. Guess that failed.,0,not_cyberbullying,,
@Victor_pm123 duvidar de vs Ã© ' bulling ' ? KKKKKKKKKKKKKKKKKKKKKKKKKKKKKKKKKKKKKKKKKKKKKKKKKKKK #efeitodoalcool !,0,not_cyberbullying,,
@NewEraJihadi @ShamiAnalyst Mop up.,0,not_cyberbullying,,
I HATEEE When Ppl Think They Know Music &amp; They Only Know Songs!,0,not_cyberbullying,,
I fuckn give up on life.. #throwsintowel I wana go bak to high school &amp; living at home with no worries but what I was smoking after school?Ÿ‘??Ÿ˜©,0,not_cyberbullying,,
"RT @AaronDagloria: @YesYoureSexist @DammitBoden you're not either, stop making generalizations #notsmart",0,not_cyberbullying,,
"Billy Corgan, transphobic bully. http://t.co/ddNhaKn",0,not_cyberbullying,,
#MKR ah...Annie &amp; Lloyd have created breakfast cardboard.,0,not_cyberbullying,,
@PrayForLizzie wuld u be interested in a demi support/ stop bullying video?(:,0,not_cyberbullying,,
"@FreeMuslim222 After murdering Shia, Yezidi, Kurd and Christian children, Daesh try to use children for propaganda.  Sickening.",0,not_cyberbullying,,
"Yep, plenty of clichÃ©s from Barnet Council @pannusf10 I wasn't expecting anything else to be honest...!",0,not_cyberbullying,,
"RT @DuckieMcphee: So, I guess it's really happened. The #mkr competition is running for eternity.",0,not_cyberbullying,,
RT @mickystre: â€œ@stweet_heart: I still refuse to believe that his real name is Drasko! I'm sure that Drasko is a Drain Cleaner in Poland #Mâ€?,0,not_cyberbullying,,
"@MetroidThief for victims of abuse, it's often not discussed because of a feeling of shame. victim assumes fault, then public assigns blame.",0,not_cyberbullying,,
I am supperrrrrrr bored.,0,not_cyberbullying,,
"Tickling me is dangerous, I literally will accidentally punch the person in the face.",0,not_cyberbullying,,
"Some HITECHWatch: ""Policymaking and the bully pulpit"" http://ow.ly/6gInI",0,not_cyberbullying,,
"MTV VMAs: Kevin Hart jokes he was bullied to host sans pay [Video]: 22, 2011 /PRNewswireâ€? http://t.co/VTWH25x",0,not_cyberbullying,,
@MelBiebs69 @haroonstyles @halalflaws @greenlinerzjm @biebervalue Do we agree that Islam tells women to stay at home and not display?,0,not_cyberbullying,,
@4everBrandy new album is FIRE! #TwoEleven,0,not_cyberbullying,,
@halalflaws @AMohedin @islamdefense @haroonstyles @greenlinerzjm Now show me the screen or photo of yours. Or type it.,0,not_cyberbullying,,
But I just can't go back!!,0,not_cyberbullying,,
RT @MilletEng: Peshmerga and Anti-Terror Squad Retook Areas South of Kirkuk Seized by ISIS Last Night Peshmerga forces repelled... http://â€?,0,not_cyberbullying,,
6 Italian scientists given jail terms for misleading statement before 2009 L'Aquila quake that killed 309,0,not_cyberbullying,,
@shawttyJ love you too mama !,0,not_cyberbullying,,
@tarasilveira if you wanna let me borrow your hirers stuff it would be greatly appreciated ?Ÿ˜‰,0,not_cyberbullying,,
The girls should realise it's what you print on the plate and not the food that sells. #revengeofthenerds #mkr,0,not_cyberbullying,,
"Me sorprendiÃ? leer en Ãºn artÃ?culo de la revista El efecto internet, que el (ciber)bullying puede ser provocado... http://t.co/1fJkpcW",0,not_cyberbullying,,
@diegodondiego a @lpcarvalho disse que jÃ¡ posso #himbernar. #panda #bulling #casamento te cuida que vc pode ser o #proximo,0,not_cyberbullying,,
#mkr Kat is defining fair..... #hypocrite,0,not_cyberbullying,,
"I'm not sure who randomactor is, but I've been sent screenshots of their comments, and I like them. Keep rocking it, dude.",0,not_cyberbullying,,
@LysaTerKeurst Whoa! this is the deepest truth of all - DON'T BE YOUR OWN BULLY! Truth will silence toxic thoughts & words!,0,not_cyberbullying,,
"@gabidecastro @depastore bullying com a dÃ© e]~wÃ§eÃ§]w~Ã§e]w]w~Ã§e]w~eÃ§ tadinha ela deve ta com fome gabi, ai fala essas coisa",0,not_cyberbullying,,
"So I implore you to not support any of her projects. If you've already contributed towards her book, pull out. This is horrible.",0,not_cyberbullying,,
"@vivian_games hey, if you toss me more info about that, i can pass it up the chain to enforcer type people. it would be appreciated.",0,not_cyberbullying,,
@darkuncle I can travel. Tickets I can't afford. Can likely find a hotel to crash in.,0,not_cyberbullying,,
@TawheedNetwork_ @mutaSawwif And Sharia says apostates must be killed.,0,not_cyberbullying,,
@mwlauthor why can't I DM you?,0,not_cyberbullying,,
When did the Facebook iOS app start making noises?,0,not_cyberbullying,,
"@ClausCManterola thats why you were my first friend on twitter, do you remember? :)",0,not_cyberbullying,,
At least I have a canceled class so I can finish my math,0,not_cyberbullying,,
01:15:19:00 Soon.,0,not_cyberbullying,,
#mkr Vida here http://t.co/etRq4qxjIH,0,not_cyberbullying,,
Your radio gets bullied,0,not_cyberbullying,,
Twitter always ruins shows like #MKR and #ImACelebrityAU because I'm behind time :( #feelingsad http://t.co/mVxgJ5ca5H,0,not_cyberbullying,,
@SirajZarook Stop lying. My Hadiths come for the Muslim students association of USC. Anyone can independently verify them.,0,not_cyberbullying,,
Should've gone for the sliced pony after all Annie. #mkr http://t.co/oshViwaBUU,0,not_cyberbullying,,
RT @andyrewbooth: #MKR2015 #MKR http://t.co/mD9TyU1MOn,0,not_cyberbullying,,
Reading about crack #wow,0,not_cyberbullying,,
@colinsines Hope ur health is better &amp; ur family are well,0,not_cyberbullying,,
"@JacksonMark13 please Ck us out www.hbhliveapparel.com Sending out a positive messg ""Live""Health Awareness,stop,gang,drug abuse,bullying ect",0,not_cyberbullying,,
"@VeryWhiteGuy @Me you can just do that with twitter search. Unless you are looking to not block manually. ez enough to write, though.",0,not_cyberbullying,,
@ChuckPfarrer @ParaKeta Beautiful map Chuck.,0,not_cyberbullying,,
RT @tokyoDiamond___: boring ass Saturday Ã°ÂŸÂ?Â?Ã°ÂŸÂèÂ?Ã¢Â€ÂçÃ¢Â™Â€Ã¯Â¸Âè #di,0,not_cyberbullying,,
@Qoloob4 @Vandaliser @sajid_fairooz @IsraeliRegime He came from Mecca and he said the Meccans were his favorites.He didn't treat others same,0,not_cyberbullying,,
"Things are coming together. If all goes well with my next 2 meetings, I'll have a major announcement to make during GDC.",0,not_cyberbullying,,
@oceanUP bullying sucks! But I sae it coming.,0,not_cyberbullying,,
"RT @lasersushi: @freebsdgirl it also sends the message that protection from harassment is a service, not a basic right",0,not_cyberbullying,,
"i was in school bout woozy ass hell , my teachers knew something was wrong with me , Im sick af men forreal &gt;&gt;&gt;&gt;&gt;&gt;&gt;&gt;&gt;&gt;&gt;&gt;&gt;&gt;",0,not_cyberbullying,,
"@allieemorse i really didn't mean to dig on anyone in a horrible way. I thought it was just a bit of snow, honestly. :\",0,not_cyberbullying,,
Praying Jac and Shaz do well! They're my faves. #MKR,0,not_cyberbullying,,
"#naowaching ""Bully Beatdown"" Me guta ese deporte =:)",0,not_cyberbullying,,
"Dou um empurrÃ£o em uma pessoa, isso se chama : - â€º EU : empurrÃ£o. â€º â€º SOCIEDADE : bullying ! http://t.co/q3SF2JZ",0,not_cyberbullying,,
@beardyblue I sort of grew up in it. :) http://t.co/SUrQwclIoU,0,not_cyberbullying,,
anjir gw masih di bully =)) hahaha bae lah santei we :D,0,not_cyberbullying,,
Confused as to why itâ€™s 100 degrees in this classroom,0,not_cyberbullying,,
Best part of tonight's #MKR Drasco Vs Steve. War of the Chef wannabes. #gotoculinaryschoolthen #younongs,0,not_cyberbullying,,
"ELI best rap Album iceprince, not sentimental at all. Its worth it",0,not_cyberbullying,,
@06JAnk @PatrickOsgood Erdogan is behind Turkish terrorism.  Wants to blame Gulen and use it as an excuse for more fascism.,0,not_cyberbullying,,
ive had it up to here,0,not_cyberbullying,,
"rockin #oldschool hip hop. 90's all fun. I mean who in their right mind is gonna start a fight listening to ""I like big butts....",0,not_cyberbullying,,
Get some more fucking teams why doncha? #mkr,0,not_cyberbullying,,
"3 teams i hate got crap reviews, :D now 2 are going to sudden death. Whoever leaves either way i'll be happy #MKR",0,not_cyberbullying,,
RT @Popehat: Today's goal: get G'Gater to urge use of Logan Act against dissenters on grounds that @femfreq is a foreign government. Difficâ€?,0,not_cyberbullying,,
@MaslabDroid @gamerfortruth possibly,0,not_cyberbullying,,
"RT @SkyeLittlejohn: As of tonight, I am officially finished with this show. I've seen plenty of bullshit before, but this is ridiculous. #Mâ€?",0,not_cyberbullying,,
"Oh. there goes @wadhwa using his position to shame @shanley publicly again over her sex life. SET YOURSELF ON FIRE YOU SEXIST SCUMBAG, thx.",0,not_cyberbullying,,
When my LTE is acting up..,0,not_cyberbullying,,
@alex or in properly angled photographs at low resolution with the brightness jacked up. need this photoshop filter for irl.,0,not_cyberbullying,,
@cheeseplus @obfuscurity i don't wanna devops this. i just want it to work so i can do other things. i need a devops.,0,not_cyberbullying,,
Im ready for summer,0,not_cyberbullying,,
"@SnowByNight Well, it is steak &amp; kidney and not, say, lemon meringue. But still! ""Aid me and I shall bestow upon thee PIE."" (paraphrased)",0,not_cyberbullying,,
"FWIW, was allowed to speak with whomever last week at various Paul Ryan events",0,not_cyberbullying,,
It was such a pleasure to catch up with my mentor and former boss Colin Fassnidge. #MKR #4InHand #Fourfourteen... http://t.co/ckSSefyifz,0,not_cyberbullying,,
@CaliphateCop @BilalKareem Propaganda &amp; lies.  Daesh attacked unarmed civilians because that is the only kind of fight they can now win.,0,not_cyberbullying,,
"RT @TheQuinnspiracy: New Crash Override Guide: Account Security 101: Passwords, Multifactor, Social Engineering, and You http://t.co/mgJPHNâ€?",0,not_cyberbullying,,
@shinynhappy grosssssss,0,not_cyberbullying,,
"@EurekAlertAAAS: Researchers push to import top anti-bullying program to US schools http://t.co/UPZrMbl
@NomCookiesNom Instead of personal attacks, maybe you can explain why there are more than 100 Islamic terrorist groups.
@_Finessinfool yea imma bring in tomorrow
#mkr I think Colin might not be a fan of the meatballs.
@KatieBatterman yeah, we should talk. I was just about to send an email over to them right before I was told it was retracted.
I'm not a fan of the bears from QLD. ?Ÿ’© #MKR
@eDRoaCH @orvtech this isn't de-anonymizing. the phone # wouldn't necessarily be stored. no names would be required.
@owlcity hey adam :) I've been to 2 of your concerts &amp; haven't been allowed to meet you. when will I be able to?
Me: The boat or the thing that melts Nazi faces?
Watching a video of the snowman play from primary school! Go Tanners Wood haha #oldschool
@eranubuwah @352_7538 Taking tiny villages while loosing major cities like Tikrit.
Sofro Bulling No Chat u_u
@greenlinerzjm The best Muslims are the ones who ignore most of what is in the Quran and Hadiths. ISIS doesn't ignore any of it.
This kid in my science class got the iPod 4th over the 5th.. That's so stupid
@danaleigh92 pretty sure me and mama will know all the words to #NightTrain by the time we get home?Ÿ‘çâ˜º because we can't listen to Luke ?Ÿ’”?Ÿ‘?
@thaumatropia too late, i'm literally blue. no taksies backsies.
.@BenKuchera I CAN PROGRAM IT TO DO MANY THINGS RABDAFGTSERdfwgradggrtybgbawfhghddsfdtgtgbwjdserdfggvssadfrwqVXXSDF https://t.co/fLjADoHL24
@KellyTurner99 @buellerishere ... That's one example of self genocide for the sake of pandering to left wing idiotology.
#10PeopleYouTrulyLove Mom
@MarloThomas: Too many children are dying from #bullying! I hope this new law in New Jersey helps: http://t.co/Rr47y6m""",0,not_cyberbullying,,
#MKR They think dessert will go down well? I think it'll come up just as well but more violently,0,not_cyberbullying,,
@srhbutts wait. When did I become a pedozoophile and what is that?,0,not_cyberbullying,,
@victorlisboa76 LMAO TOO MANY RIGHTS,0,not_cyberbullying,,
RT @AusTracey: Lazy person's menu tonight #MKR,0,not_cyberbullying,,
"@m1sp hey, do you have a good way to consume multiple json dumps into a single corpus? i've been just hacking it together.",0,not_cyberbullying,,
"Time to catch up on #mkr. There are so many nice people, and then there's Cat and Andre http://t.co/2NcqcytzKa",0,not_cyberbullying,,
@bellathorne143 #ifiwereu i would try to quit bullying too! :],0,not_cyberbullying,,
They look raw! How can they think that is cooked?? #MKR,0,not_cyberbullying,,
"just watched ""Cyberbully"" i have HUGE respect for @EmilyOsment now! she did a SPECTACULAR job! it really changed my perspective of bullying!",0,not_cyberbullying,,
College football is all about money but the players Tht make college athletics so successful get nothing. Players need to get paid,0,not_cyberbullying,,
I hope you're not #mkr,0,not_cyberbullying,,
MIDNIGHT MADNESS TOMORROW IN THE MINIDOME @ 7 BE THERE?Ÿè€,0,not_cyberbullying,,
I thought high. I said high. Because I am.,0,not_cyberbullying,,
"@erinmcunningham It probably is silly, but I doubt that the WHO has the resources in Mosul to know.",0,not_cyberbullying,,
According to ryan sexton me and @JamisonRaines have no athletic ability,0,not_cyberbullying,,
"Photoset: â€º â€œâ€?heâ€™s sensitive, people bully him, too, and he feels lonely and hasnâ€™t got anybody to talk to,... http://tumblr.com/xju3y5jrzr",0,not_cyberbullying,,
@waffle_gurl What specific information are you talking about? Did you watch the video?,0,not_cyberbullying,,
"RT @femfreq: Aaaand another email reads: ""Social justice warriors are all literally silencing reddit, SA, GB, 4chan and most other outlets â€?",0,not_cyberbullying,,
#SFGiants what's the weather look like in SF for #Game7,0,not_cyberbullying,,
A bunch of people poked me about some article that was written. Eh. I don't really care that much.,0,not_cyberbullying,,
"Works for both parties. Network gets teams and tv markets, schools get the money it wants.",0,not_cyberbullying,,
"GamerGate is trying to do damage control, hard. I don't think they realize that there's nothing left for them to salvage.",0,not_cyberbullying,,
#Ratchet #NoClass,0,not_cyberbullying,,
Miley fue victima del bullying. #FactsMiley,0,not_cyberbullying,,
@TheDoubleclicks oh! i didn't know you were coming to SF. i'm 5 minutes from SF. via BART. :),0,not_cyberbullying,,
"RT @CorinnaSladey: Soggy ham n cheese sanga VS shitty meatballs , cmon give us a cook off with these front bums @mykitchenrules #mkr",0,not_cyberbullying,,
@cuntcake__ lol. U went to Mt. Pleasant Freedom School?,0,not_cyberbullying,,
My god this series is going to end in 2048 #MKR,0,not_cyberbullying,,
minha amiga Ariadna nÃ£o foi pra escola hoje porque estÃ¡ sofrendo Bulling HSUAHSUAH,0,not_cyberbullying,,
Creating my own #nails for the tour ^_^ ?Ÿ’…?Ÿ’Å #PinkFridayRELOADEDTour http://t.co/AGpY1oW1,0,not_cyberbullying,,
It's a cutie on my TL lol,0,not_cyberbullying,,
RT @Mr_Fanta_Pants: Entree is served #mkr http://t.co/ksMNVo8fNG,0,not_cyberbullying,,
their report is the very DEFINITION of cherry picking.,0,not_cyberbullying,,
@ILTAFSHEHZAD You are lying. The Quran is stuffed with invocations to murder non believers.,0,not_cyberbullying,,
#mkr #mkrnz #Aotearoa #pasifika #TÄÅtou https://t.co/1BZTHMH4xe,0,not_cyberbullying,,
I don't even like Ghostbusters but I will see the HELL out of this movie to spite misogynists.,0,not_cyberbullying,,
This is not legal advice. but common sense. What I can do is help people know what to say to police or help find a lawyer. @PendragonTarot,0,not_cyberbullying,,
Appalling behaviour by Kat and Andre. Hope the sour grapes sting on the way out #mkr #kat,0,not_cyberbullying,,
@DavidRomeiPHD @ALWiss5 Why should Bush answer for it?  Have you answered for this? http://t.co/TZ3pz5R85n,0,not_cyberbullying,,
Alicia has just given a shit about bullying & Animal abuse. Give a Shit at Give-a-Shit.org,0,not_cyberbullying,,
NÃ£o Ã© bullying se eu der um tiro na sua cara e fingir que estava brincando de policial.,0,not_cyberbullying,,
@waffle_gurl And you know it's not true because you don't like it. You are calling the Muslima in the video a liar. Bye.,0,not_cyberbullying,,
RT @SwiftOnSecurity: Some1 searched FreeBSD code for @freebsdgirl Twitter name. They didn't get any results and used it as evidence she doeâ€?,0,not_cyberbullying,,
"@shereeny @caulkthewagon she assumed I was *lying* when I said I didn't know, and that's ridiculous. I've been busy the past week.",0,not_cyberbullying,,
"RT @bronny25: Kat&amp;Andre Monday: ""People have voted strategically, how rude!!"" Kat&amp;Andre tonight: Votes strategically for the third time in â€?",0,not_cyberbullying,,
@CanadianSpider how are you?,0,not_cyberbullying,,
"@NoZzzander Eddie Izzard is a man, sorry that he doesn't fit the only narrow gender binary your feeble brain can process",0,not_cyberbullying,,
@robertosamalia YEAH THERE SURE IS A SHORTAGE OF BOOKS WITH MALE PROTAGONISTS jfc,0,not_cyberbullying,,
"@Bahai144 @greta Are you fighting the Daesh, or is your position to let them take over? Or maybe you just like ranting sanctimoniously.",0,not_cyberbullying,,
â€œ@jgray0711: Refined &amp; pretty....again not the words I'd choose,0,not_cyberbullying,,
I just want to see people who can cook. Not the worst of the worst cook badly again #MKR,0,not_cyberbullying,,
#mrburns,0,not_cyberbullying,,
"And then there's this person, who suggests PC-BSD because FreeBSD are all sjws. https://t.co/ubnhhv9yQ0",0,not_cyberbullying,,
Made the Director's List. LOL,0,not_cyberbullying,,
Why does Pete Evans get to decide what breakfast food is? #mkr,0,not_cyberbullying,,
@carriehfletcher HAPPY HAPPY BIRTHDAY CARRIE!! Xx,0,not_cyberbullying,,
@kencf0618 asking people to read some of the shit they've received and provide a video of themselves doing so is no small thing.,0,not_cyberbullying,,
@RickKMV hope the weekend was great rick!,0,not_cyberbullying,,
#ggautoblocker got a mention in arstechnica! http://t.co/OkRpMbHhY9 (via @falstro),0,not_cyberbullying,,
@GlennF I have been quietly helping some gators already.,0,not_cyberbullying,,
RT @yave145: ISIS terrorists recently killed by YPG in Kobane countryside #TwitterKurds http://t.co/PxbTrR07fl,0,not_cyberbullying,,
"Let's pray for a whole world against violence, racism, bullying and homophobia! @KChenoweth @DarrenCriss @chriscolfer @monicahuarte @ziLRc",0,not_cyberbullying,,
I think that last tweet got confused because I started laughing halfway through it.,0,not_cyberbullying,,
"@LifeInKhilafah You could repeat that, but your job is getting recruits.  So it has no meaning.",0,not_cyberbullying,,
RT @mykitchenrules: We've missed Robert's stories! #mkr #hungrycampers http://t.co/afaWJfok7X,0,not_cyberbullying,,
"Here, try my deconstructed muesli bar!",0,not_cyberbullying,,
@sofrobullying aÃ? nÃ£o Ã© bullying Ã© sÃ? o certo a fazer,0,not_cyberbullying,,
HAHAHAHA,0,not_cyberbullying,,
You know our society sucks when people make you feel so bad that you don't even wanna go to school..dreading Wednesday :/,0,not_cyberbullying,,
@channelbianca Hope you feel better soon!,0,not_cyberbullying,,
"Teams deserve an Oscar for their performance tonight in ""Holy Shit this is a terrible meal but I'll pretend to love it. #MKR #killerblondes",0,not_cyberbullying,,
@Hollapalooka @thequinnspiracy i'm not giving a talk. ;),0,not_cyberbullying,,
#mkr a 7 for that dessert? colin has just lost all credibility,0,not_cyberbullying,,
Titanium by @davidguetta and @siamusic would make an awesome anti bullying song haha :) #fb,0,not_cyberbullying,,
"@HilzFuld i disagree again- naked women is not a form of protest against bullying, its cheap.",0,not_cyberbullying,,
"Two days of school, then a five day weekend for me!  ?Ÿ˜ƒ",0,not_cyberbullying,,
Kat &amp; Andre you ONLY got through tonight because of your scoring. Why smile? Means u can't cook u have to cheat. Sad. #mkr,0,not_cyberbullying,,
@MaxBlumenthal That explains his dedication to Islam.,0,not_cyberbullying,,
I am an asshole.,0,not_cyberbullying,,
@PeterBurnsRadio Carmelo just put his application in for the fall semester at that school.,0,not_cyberbullying,,
Be happy ... You talk to your husband when you get home.... I can do this ?Ÿ˜”?Ÿ˜¢?Ÿ˜ê?Ÿ˜??Ÿ˜ç?Ÿ˜˜âù?,0,not_cyberbullying,,
THIS BOOK WAS PUBLISHED IN 2008????????,0,not_cyberbullying,,
Out of Pravana blue. Guess I'm stuck with mixing some clear with Special FX Turquoise to layer over existing hair. hmm. This might be good.,0,not_cyberbullying,,
@edgeofthesandbx @batchelorshow @FearDept And any fool can read about Stephan Bandera and find that he had no Nazi ideaology.,0,not_cyberbullying,,
@t4coffee its not bullying if he goes there and hits all the machines and employees :p,0,not_cyberbullying,,
"The sorbet is looking awesome. The sorbet churner, not so much. #MKR",0,not_cyberbullying,,
@FactsOfSchool I did. And now a followback?,0,not_cyberbullying,,
Colin's had two strikes now for his dad jokes. Where's Manu? lol #MKR,0,not_cyberbullying,,
"Yeah , finally .",0,not_cyberbullying,,
STOP SAYING CYBER HACKERS @KTVU omg,0,not_cyberbullying,,
@FunkyreFresh @SuperSpacedad the claims she has made are... not something someone in their right mind would do.,0,not_cyberbullying,,
@TakeAStand2Day,0,not_cyberbullying,,
@frenzyennie I'm at school ): I want to watch Lincoln tho,0,not_cyberbullying,,
"i've got a hunger and i can't seem to get full, i need some meaning i can memorise, the kind i have always seems to slip my mind.",0,not_cyberbullying,,
"I think maybe the ""hat"" is turning people off. #MKR",0,not_cyberbullying,,
"@kufr666 @blockbot no, that's @oolon",0,not_cyberbullying,,
@ebuchholz got 'em! They're only $1 a bag. Must not be very popular here.,0,not_cyberbullying,,
#MKR someone should have served chicken liver blended baby food. Guaranteed a 10 right there,0,not_cyberbullying,,
Maybe your better off with the person you didnt think you neededd,0,not_cyberbullying,,
Gotta love this movie.......,0,not_cyberbullying,,
Oh another trip around the country? Will they be cooking shark? Because this show just jumped one and maimed it beyond recognition #mkr,0,not_cyberbullying,,
"In the past 12h, @spacekatgal is seeing the most targeted abuse, with 194 (36 OC/158 RT) GG hashtaged tweets mentioning her. Congrats!",0,not_cyberbullying,,
"But all of these attacks of ""not enough commits"" or ""had a dude do it for you"" or ""slept with people"" proves my point. Thanks for that.",0,not_cyberbullying,,
The Bully at Work: What You Can Do to Stop the Hurt and Reclaim Your Dignity on the Job http://dlvr.it/bn8wZ,0,not_cyberbullying,,
http://t.co/f2NxFZ8VTz,0,not_cyberbullying,,
RT @Kimreneespokes: If Kat &amp; Andre I hope they get kicked out of #MKR They are so horrible. It's not editing you are just horrid.,0,not_cyberbullying,,
@MaxMayo77: http://t.co/PrrskknqRv love frat boy w/ soft long soles,0,not_cyberbullying,,
But I won't the bloody blondes to stay.,0,not_cyberbullying,,
Entree worth a 3 max. My kids cook better than this and they know how to open cans! #MKR,0,not_cyberbullying,,
"Surveys Show That  77%  of students are bullied mentally, verbally, & physically. #LetsEndALLBullying",0,not_cyberbullying,,
"Photo: â€º Bullying: Ato idiota de estragar a vida de alguÃ©m que Ã© diferente de vocÃª, para tentar se sentir... http://t.co/Nvi0qvm",0,not_cyberbullying,,
RT @eevee: @Manami_Fox @freebsdgirl @femfreq only sluts have skin and hair.  proper ladies are literal skeletons,0,not_cyberbullying,,
"Another round of instant restaurants, get to the good stuff already #MKR",0,not_cyberbullying,,
 Never be bullied into silence. Never allow yourself to be made a victim. Accept no one's definition of your life; define yourself.,0,not_cyberbullying,,
#MKR View here http://t.co/DDfPzee4jJ,0,not_cyberbullying,,
@LostSailorNY @AJM9588 @CFLancop So true.,0,not_cyberbullying,,
@Banko40 @_Median_ @BarackObama Most of the credit must go to the YPG/YPJ.,0,not_cyberbullying,,
"Okay. Hey, tech industry contacts. I need to talk to someone from Salesforce, Atlassian, and uh. Yeah, that should be good for now.",0,not_cyberbullying,,
@TweepLast Iraq is fertilized by rotting stinking lion corpses.,0,not_cyberbullying,,
@FinalDayWitness Notice that in the pictures of the rotting meat that all the women in Mosul are locked up at home.,0,not_cyberbullying,,
"@j_marcello Khameini is a murdering, fascist bigot that has nothing to teach anyone.",0,not_cyberbullying,,
"Bullying  in Schools in the top 5 list of Parental concerns for #kids, students..http://t.co/e2SQgNG #educate #parents #family #moms",0,not_cyberbullying,,
"@xmjEE also, mentioning both of us in the same tweet is pretty much a sure-fire way to make sure that they do notice &amp; jump on me.",0,not_cyberbullying,,
@MelBiebs69 @halalflaws @biebervalue @greenlinerzjm Tell me what your Quran 33:33 says?,0,not_cyberbullying,,
"The #GOP #TeaParty doesn't care about grades, just like when they were in elementary school. Their only AAA is in bullying. #downgrade #p2b",0,not_cyberbullying,,
@LifeInKhilafah There are literally millions of inventions. Your list is like nothing and all of it would have been invented by someone else,0,not_cyberbullying,,
the bully (@yenii_ana @podungmy @AyuAngg @nchelpamian @6ELIN9 @iravini @Yocheba ) jam 12 k'rmhx @6ELIN9 ya...pake baju bully yg biru tua..XD,0,not_cyberbullying,,
@KennWoo lets go win win; i happy you happy. you no bully me. (: yay.,0,not_cyberbullying,,
@KaitlynBurnell i'm a little concerned. the tweet still exists. i see no retraction published.,0,not_cyberbullying,,
@PaddyGoodall 1 works for the prep school and the other I played hockey with. You need to sort your life out and do some serious studying,0,not_cyberbullying,,
@Lithobolos @PoliticalAnt @ZaibatsuNews Almost all Jews are secular and could care less about following the example of Moses.,0,not_cyberbullying,,
Hen party almost over - when is pete evans going to jump out of a cake #MKR2015 #MKR,0,not_cyberbullying,,
"@fleenewbery Yeah but let's say when he was younger than 11, before he attained powers, he was bullied. Then had revenge, thus being feared.",0,not_cyberbullying,,
RT @RavenHUWolf: Intelligence officials: ISIS been repelled at Ain al-Asad airbase - 320 US #Marines training #Iraqi troops http://t.co/J1xâ€?,0,not_cyberbullying,,
"Not going to school on Friday, so looks like I'll be wearing my Friday jeans tomorrow.",0,not_cyberbullying,,
RT @ISCOSEU: EU Convinces New Greek Govt to Extend Russia Sanctions: EU Convinces New Greek Govt to Extend Russia Sanctions... http://t.co/â€?,0,not_cyberbullying,,
Pretty? Er......no. #MKR,0,not_cyberbullying,,
#MemoriesInSchool fire extinguisher with @kappooww,0,not_cyberbullying,,
@pedrimsc OLHA O BULLYING. KKKKKKKKKKKKKKKKKKKKKKKKKKKKKKKKKKKKKKKKK.,0,not_cyberbullying,,
"Please look Cerebral Palsy, Bullied in School and NO regrets!  dads parenting schools http://t.co/pQtK1rA http:/... http://t.co/rJBTsIz",0,not_cyberbullying,,
Rebecca Black Left School Because of Bullying:,0,not_cyberbullying,,
@1Slug_ getting through this school.. its good to have a break from it every once in a while tho.,0,not_cyberbullying,,
If Ash wins her hair will stand on end! Oh wait... #MKR,0,not_cyberbullying,,
Oh that just made this Applebee's seem sooooo much classier,0,not_cyberbullying,,
a reminder - RTs are not endorsements.,0,not_cyberbullying,,
Did Celine just make an elephant joke? Girl your making it too easy #mkr,0,not_cyberbullying,,
@karengeier Go on...,0,not_cyberbullying,,
My laptop needs format asap!,0,not_cyberbullying,,
Why am I disappointed?,0,not_cyberbullying,,
@sofdalma @abbsbohrer we should just hangout everyday....#toocoolforschool,0,not_cyberbullying,,
@beardyblue it's a long winding story. :P,0,not_cyberbullying,,
@WyattJamez good stuff?Ÿ‘ç,0,not_cyberbullying,,
Can't believe the lakers have Dwight Howard!! #stupidlakers #theysuck,0,not_cyberbullying,,
DC is a big bully: http://t.co/GUyMQX8,0,not_cyberbullying,,
Will you ride for ya nigga?,0,not_cyberbullying,,
TIL I can go swimming in my car. I am fine. My car is fine. Fuck this weather.,0,not_cyberbullying,,
"@MisGrace @GBabeuf @RJennromao @DavidJo52951945 @Novorossiyan @gbazov @NewsCoverUp @rougek68 Russia, all media controlled by criminal Putin.",0,not_cyberbullying,,
@austin_michals_ I'm pretty sure that it's the first year if high school. I know people that fucked up &amp; graduated with honors.,0,not_cyberbullying,,
#mkr Kat &amp; Andre are the real losers,0,not_cyberbullying,,
@reddroostermann @No1_2Trust Their position now is democratic confederalism.,0,not_cyberbullying,,
Should I audition for the Music Theatre program or just see how i like straight theatre for the first year of college?,0,not_cyberbullying,,
"The absolute definition of privilege is being blind to the fact that you feel your bland, oppressive notions are ""radical""",0,not_cyberbullying,,
@bellathorne143 I love how much confidence you have. I don't have any because i feel like such a loser when ever i get bullied in school.,0,not_cyberbullying,,
@ashleylynch o_O   that's appreciated greatly. going to be releasing some financial info soon.,0,not_cyberbullying,,
@halalflaws @MelBiebs69 @biebervalue @greenlinerzjm What does your Quran 33:33 say?,0,not_cyberbullying,,
My new avatar is brilliant :-D,0,not_cyberbullying,,
#YesAllWomen see fire when men make excuses for the murderer of seven innocent women. http://t.co/7ursuKNAQo,0,not_cyberbullying,,
ATTN ladies! If your agent is bullying you stand up 4 urself! They make money off you not the other way around! Were gonna shake things up!,0,not_cyberbullying,,
"3, 4, 4 from me. Below average all over #MKR",0,not_cyberbullying,,
Mummy can we use the kitchen we have friends over  #mkr,0,not_cyberbullying,,
RT @PeterTownsend7: #IslamicState #ISIS #Rotherham The 'prophet' of #Islam on rape http://t.co/q82RhoWuI5 http://t.co/3RXvaqFrtC,0,not_cyberbullying,,
@Nayadrikj omfg #wowdrama I AM LOGGING IN WAIT FOR MEEEEE,0,not_cyberbullying,,
@LyalinDotCom my budget is tiny. :)  i just got an ipad. it was a big expense for me.,0,not_cyberbullying,,
@almafeta I think women in general have issues talking about money for activism. Lots of articles on this.,0,not_cyberbullying,,
"RT @shanley: This has the nice bonus effect of ""proving"" to your ""community"" that you deserve harassment and aren't worth supporting = moreâ€?",0,not_cyberbullying,,
RT @nrrrdcore: New life mantra http://t.co/6Yu4l8vmwa,0,not_cyberbullying,,
It's Nikki's hot pot but she has Katie make the sausages #MKR,0,not_cyberbullying,,
@arthur_affect ONE OF US. ONE OF US.,0,not_cyberbullying,,
I hate this class,0,not_cyberbullying,,
"Pretty much how I'm feeling at the end of #mkr. Hope that mole from WA goes ASAP! @LynneMcGranger, surely you agree? http://t.co/Izb3n6KHU5",0,not_cyberbullying,,
"@MadamPlumpette I'm decent at editing, no worries ^.^",0,not_cyberbullying,,
@MrTimothyKaye Potato/potato head #MKR,0,not_cyberbullying,,
I'm staring at that bowl cursing myself for leaving engineering and going into NPO which does not allow me to purchase ridiculous things.,0,not_cyberbullying,,
The Texan is gold. #mkr,0,not_cyberbullying,,
@desertfox899 woops!,0,not_cyberbullying,,
@g56yu What is that?,0,not_cyberbullying,,
@Chickowits I call out people like Jenn because she is causing problems by flooding join_oapi. It's moronic.,0,not_cyberbullying,,
@Jarvaris The saying is: hope springs eternal),0,not_cyberbullying,,
"@omglazerkittens well, damn. marking you off my 'potential partner' list.",0,not_cyberbullying,,
@a_man_in_black i can't process all of this right now. i'm just watching it scrollllllllll.,0,not_cyberbullying,,
"Micro-herbs. It definitely is deconstructed. Not a fan of lemon desserts, they're always the last flavour of lolly I have left. #mkr",0,not_cyberbullying,,
RT @fakerapper: OMG I WANNA PUNCH THIS GUY IN THE FACE. #gentrification,0,not_cyberbullying,,
Akhirnya tuhan menjawab doa gw. Ë†âŒ£Ë† dan skrng gw jg spa yg fitnah gw. @melimelloy jngan u bully ya anaknya kshan Ë†âŒ£Ë†,0,not_cyberbullying,,
FUCK YES. #stopwadhwa2015 was on NPR. http://t.co/XKOhwKscyO (via @Andrew_Cybulska),0,not_cyberbullying,,
@LifeInKhilafah Wouldn't you rather be one of these? http://t.co/cm084oSkv7,0,not_cyberbullying,,
#ultimateCollegeBlackParty,0,not_cyberbullying,,
Notice we didn't see Kat and Andre in any of those cut aways?  #mkr,0,not_cyberbullying,,
@MillerMENA Why is anyone surprised that Putin had Nemtsov shot. Putin bombed Russian apartment buildings to start the Chechen war.,0,not_cyberbullying,,
She shall now be known as Sourpuss #MKR #KatAndre #FailedFoodies,0,not_cyberbullying,,
East coast of India is the target area for surface currents. #uspatialsymp #I,0,not_cyberbullying,,
#mkr kat and andre didn't vote fairly they don't deserve to win.,0,not_cyberbullying,,
No one is in class,0,not_cyberbullying,,
Manvel High School wishes everyone a happy holiday season.   Be safe!,0,not_cyberbullying,,
NOOOOOOOOOOOOOOO!  #MKR,0,not_cyberbullying,,
@MauAlvaS mau samy es la mayor muestra de bulling hahaha,0,not_cyberbullying,,
@j_gillis97 I'm watching it right now too #highschoolquizzical,0,not_cyberbullying,,
"@BalkissockLodge You can spot them, but not allowed to point them out coz that's bullying!!! Ha ha x",0,not_cyberbullying,,
RT @Rjrasva: Turkey going as expected: http://t.co/MhmtSaJu5f - Another e.g. of how secularism fares vs Islam,0,not_cyberbullying,,
I'm so happy I'm not at school,0,not_cyberbullying,,
@tabitharavin 's tweet really made me want pop tarts:(,0,not_cyberbullying,,
"â€œ@choux_choux: These two cuties are watching #MKR with me tonight ?Ÿ˜ÅâœŒï¸è http://t.co/VN2E3W3Crqâ€ù Me, on the right, watching the morons &lt;grrr&gt;",0,not_cyberbullying,,
@katrus my hair!,0,not_cyberbullying,,
Frio Ã© bullying contra os solteiros. http://t.co/Byifk1z,0,not_cyberbullying,,
"Really can't stand Kat &amp; Andre, terrible cooks but good whingers &amp; moaners. #eliminatethem #exposethem #cantcook #MKR",0,not_cyberbullying,,
"@GidgitVonLaRue exactly, how the hell do you fuck up breakfast ?Ÿ˜±?Ÿ™ˆ?Ÿ™€?Ÿ’‰ #mkr",0,not_cyberbullying,,
@xmerelove oooow haha aaaah â™¥ i love youuu xxx,0,not_cyberbullying,,
"@charlesfrith Turkey is in NATO, they are not NATO.",0,not_cyberbullying,,
RT @benpobjie: Endorsed RT @tollplaza: Yâ€™know what? F U C K â€œdeconstructedâ€ù anything. #mkr,0,not_cyberbullying,,
@kelli_nak Did you have a chance to do that thing we were discussing at #ladieswholunchslc?,0,not_cyberbullying,,
RT @DicleHaberAjans: 10 more Daesh gangs killed in Shengal http://t.co/ICluLnKFbT http://t.co/UDQljt2XMV,0,not_cyberbullying,,
THE ONE PARTY EVERYONE WAITS FOR EACH &amp; EVERY YEAR!!!!! HALLOWEEN COSTUME PARTY ((THIS FRIDAY)) CLUB ENVY 200 PASSES SOLD CALL 580 3940 RT,0,not_cyberbullying,,
man driving classes are boring!!,0,not_cyberbullying,,
Had a nice run in with Bill Bennett on campus. He was unaware that his ministry is responsible for local governance here.,0,not_cyberbullying,,
"@MyersNFL oh, gosh. i hope you feel better. :(",0,not_cyberbullying,,
"Stop using twitter for cyber-bullying! Your bad words abt ppl works and perspective are bully!  You judge, cuz u (cont) http://tl.gd/c7apuj",0,not_cyberbullying,,
LRT has been stuck in my head since that Bauer piece has been floating around. Would definitely like that convo to be louder.,0,not_cyberbullying,,
RT @blastedsilver: IS Executes Seven Women In Mosul For Refusing â€˜Temporary Marriageâ€™ (Rape) http://t.co/O7Xx5kIAAs http://t.co/9If5vaGGan,0,not_cyberbullying,,
"I miss telling my brothers about how school went :,C",0,not_cyberbullying,,
"@Najween__ No, microbrain, the Pesh are not using chemical weapons.",0,not_cyberbullying,,
It's almost time. :),0,not_cyberbullying,,
@carolinesinders @herecomesfran *hugs*,0,not_cyberbullying,,
@haideralijutt6 There is no such thing as the devil and Ezidis are not devil worshipers.  That is pure Islamolunatic propaganda.,0,not_cyberbullying,,
@erinfayola thanksss rinnn,0,not_cyberbullying,,
@gwallace17 Stafford need to perform tonight to keep the streak alive !,0,not_cyberbullying,,
"@AllJessieJOrkut e @JessieJBrFans ""Who's Laughing Now"" da Jessie J entrou em nossa lista de mÃºsicas sobre bullying! http://ow.ly/5ZQH9",0,not_cyberbullying,,
Shabazz  is the first time I've seen a college players profile pic w\diamond studs! Looking like KG's picture..,0,not_cyberbullying,,
Greater is he that is in me.,0,not_cyberbullying,,
@0xabad1dea i was lucky enough to find mine on a swap &amp; sell for normal price. i usally see them on ebay for &gt;$400+,0,not_cyberbullying,,
@MattBlondek  No bullying Matty boy.. Just image advice..,0,not_cyberbullying,,
@Elliot_Anderdon oh well you should watch it :) ok see ya,0,not_cyberbullying,,
"School matters are very slowly creeping back to the forefront of my mind again, but...IT'S STILL CHRISTMAS...must..not..look..yet...",0,not_cyberbullying,,
@Reni__Rinse Only when I can objectify the lead will I pretend to care about a woman's point of view. Got it.,0,not_cyberbullying,,
#cankles #methteeth #mkr,0,not_cyberbullying,,
Oh so pastry and Kurd on the side #mkr,0,not_cyberbullying,,
@jsomersxx do you have cuzzo?,0,not_cyberbullying,,
"Time to learn the art of writing to apply for grants. Seems like different orgs prefer drastically different styles, high level vs detailed.",0,not_cyberbullying,,
@CamilleHughes16 @IftikharAwan What does that have to do with the barbarity of Islam?,0,not_cyberbullying,,
@rainnwilson you are the funniest guy ive seen. like ever,0,not_cyberbullying,,
@alfananaboe Tindakan mem-bully sah?,0,not_cyberbullying,,
@Lubna_ae thanx,0,not_cyberbullying,,
"u need people like me so u can point ur fingers at and say hey ""That's the BAD GUY!!""",0,not_cyberbullying,,
SASSY looks rubbish! I would not eat there #mkr,0,not_cyberbullying,,
@DoctorAvenue selfies are rad. ^.^,0,not_cyberbullying,,
@Hi_Im_Dora Then that's not sexy! Unless its lingerie haha,0,not_cyberbullying,,
CrianÃ§a de 13 anos suicidou-se vÃ?tima de bullying! @kilberAlves,0,not_cyberbullying,,
I wasn't born perfect. I'm going 2 make mistakes but I will learn from them,0,not_cyberbullying,,
@RT_com I guess the Saudis are almost as absurd as some of the stuff RT publishes.,0,not_cyberbullying,,
"Look guys, if there was anything intentional about the Conner Vernon play, UNC would totally self-report it.",0,not_cyberbullying,,
I will not enjoy the feels of school. #ihatemyratchetassschool,0,not_cyberbullying,,
@JihadiA8 They are so happy about it.  Look at all the smiles. LOL.,0,not_cyberbullying,,
"@savannuchi bullying Ã© um assunto sÃ©rio , fale com o seus pais ou responsÃ¡veis! hahahahahah",0,not_cyberbullying,,
Stomach... Why must you feel this way,0,not_cyberbullying,,
#MKR the blonds talk about themselves too much they need to work harder in their cooking.,0,not_cyberbullying,,
the acacia strain gave such an intense anti bullying speech on this video i just watched.,0,not_cyberbullying,,
"You know who I miss? That little Asian I met in math class .... Alyssa, the Asian with the Mexican last name lol she was a fun child",0,not_cyberbullying,,
"#mkr everyone is scoring strategically! Get rid of the ones that can cook and keep in Kat &amp; Andre, that can't cook.",0,not_cyberbullying,,
"@Colonel_Shami ISIS loves killing women and children, so what is your objection exactly? What was ISIS doing when they shelled Kobane?",0,not_cyberbullying,,
My VIV moment - an article on my anti-bully efforts. Please read and share!: http://t.co/HBmLE4s,0,not_cyberbullying,,
"@madrugadisse Ã‰, pena que cÃª sofre bullying na vizinhanÃ§a nÃ© :(",0,not_cyberbullying,,
RT @curdistani: #Kurdistan: #IS fighters threaten to kill all the Assyrian hostages if coalition airstrikes don't stop. ... http://t.co/hBpâ€?,0,not_cyberbullying,,
Thanks for making #mkr an unbearable watch @Channel7. #stopdraggingitout!!,0,not_cyberbullying,,
"You can eliminate teams by strategically voting, but what sort of person does that make you? A chef, or a petty person? #MKR",0,not_cyberbullying,,
"RT @EvangelicalNorm: @Creflo_Dollar I'm sure all the Christians in Mosul agree with you! Wait, they were all killed or driven out. #StillAFâ€?",0,not_cyberbullying,,
So never used the ice cream maker before  #mkr,0,not_cyberbullying,,
"@jessimckenzi @zeynep @twitter @delbius @TweetDeck confirmed, seeing the same thing in *web*.",0,not_cyberbullying,,
@KirinDave nope. I play WoW. GW sux.,0,not_cyberbullying,,
This week is going to be HELL on earth ; I can see it already :((,0,not_cyberbullying,,
Goodmorning Twitter,0,not_cyberbullying,,
"Oh Jesus, more instant restaurants ?Ÿ˜??Ÿ”« #mkr",0,not_cyberbullying,,
I seen your kind before.,0,not_cyberbullying,,
"Oh damn, she got it working! ?Ÿ˜? #mkr",0,not_cyberbullying,,
I forgot how annoying Drasko is ?Ÿ˜¡?Ÿ”«#mkr2015 #mkr,0,not_cyberbullying,,
Cant believe they haven't put out one gozleme. Epic fail. #mkr #sad,0,not_cyberbullying,,
Dev week matches my outfit! http://t.co/s8i4HDWqMV,0,not_cyberbullying,,
RT @lennyfinnegan2: @YesYoureSexist it looks like somebody made this pointless account to get thrills out of telling complete strangers theâ€?,0,not_cyberbullying,,
@Kaya786 @fai3an_H Old enough not to be fooled by religious frauds.,0,not_cyberbullying,,
kat gives me the absolute shits #mkr,0,not_cyberbullying,,
@olaoliv http://t.co/6PmFc7kdYh,0,not_cyberbullying,,
"RT @wetsprocket: @mcfartle Someone is paying money to get @freebsdgirl reported to twitter. Twitter. What is the SJW version of ""SUCH SAâ€?",0,not_cyberbullying,,
@harmlesstree2 Here7 https://t.co/xWJzpSodGj,0,not_cyberbullying,,
No puedo dejar de ver los videos en que Kellan se burla de Roberto... Es tan bullying xDD,0,not_cyberbullying,,
#mkr View here http://t.co/etRq4qxjIH,0,not_cyberbullying,,
@_bxtchesInPARIS thanks love,0,not_cyberbullying,,
RT @Johnny_Medieval: @outspoken45 @MT8_9 @FearBlandness #NotYourScapegoat  Join the party :),0,not_cyberbullying,,
I don't even remember any of these people #mkr,0,not_cyberbullying,,
I've been reassuring him and the family that it's okay - losing a dog would have been devastating to that family.,0,not_cyberbullying,,
"RT @_darkhours: ""@HoseinMortada Syria -SAA Raids Rebels dens in #Daraa,#DeirEzzor &amp;kill several 10s terrorists http://t.co/HUwcW7McP8 http:â€?",0,not_cyberbullying,,
You don't suck Sheri and Emilie #DontLetTheBehaviourOfOthersGetYouDown #mkr,0,not_cyberbullying,,
"@macstein no jor, I bully ??â˜ºÎ° in a subtle way, leave d details to me",0,not_cyberbullying,,
Kats the kind of person that would cheat to win and then still think that made her a better cook. So my new baddie #MKR,0,not_cyberbullying,,
First bus ride as a Warrior and I get my phone! #eatshitsunshine!,0,not_cyberbullying,,
Nooooooooooooooooo #mkr,0,not_cyberbullying,,
"RT @Rita_Katz: In other places, ppl take phone pix of celebs. In #ISIS, ppl take phone pix of man thrown off roof, stoned to death http://tâ€?",0,not_cyberbullying,,
Can't bully a real nigga,0,not_cyberbullying,,
@halalcunty @biebervalue @liamxkiwi @halalflaws Female slavery in Saudi. http://t.co/fcZ8We5Cso,0,not_cyberbullying,,
@CryptoNari @iraqhurr_eng Good. The A10 Warthogs will have a feast.,0,not_cyberbullying,,
RT @PeterTownsend7: #Muslim #ISIS Apparently Questioning #Islam is not welcome in the Middle East. http://t.co/gtvyXHLF8y http://t.co/FrA45â€?,0,not_cyberbullying,,
My hobby: listening to morning news and yelling back at the TV.,0,not_cyberbullying,,
"Calling for more sexism against women in a field because they call out sexism in that field is blowing my fucking mind right now,",0,not_cyberbullying,,
"Combating online harassment doesn't mean jerks won't exist. Everyone is a jerk, sometimes. But you shouldn't ever be afraid.",0,not_cyberbullying,,
I would not eat any food that pair had stuck their fingers into #MKR,0,not_cyberbullying,,
@luisfer9 bullying 4 (te quedan 5) CC. @omarclh,0,not_cyberbullying,,
@kunikos NPO can take a year. :\,0,not_cyberbullying,,
Way too many teams #MKR,0,not_cyberbullying,,
But nobody likes you #prayforlynn&amp;tony #MKR ?Ÿ™è,0,not_cyberbullying,,
Pause in horror as you realize the harsh reality of that statement.,0,not_cyberbullying,,
/cast Spectral Guys Party time,0,not_cyberbullying,,
RT @lsarsour: I love you NYC. #MillionsMarchNYC #BlackLivesMatter http://t.co/udaobEvjLI,0,not_cyberbullying,,
i live in the jungle of west-flanders,0,not_cyberbullying,,
Ian gone say !,0,not_cyberbullying,,
#MKR get these blonde bogans off my tv please,0,not_cyberbullying,,
Edgy means u get 2 complain about how persecuted you are for saying horrible things while u continue 2 face no consequences 4 saying them.,0,not_cyberbullying,,
Loving the look of the fritters! #mkr,0,not_cyberbullying,,
RT @KateFoxy:I really hope Katie and Nikki butcher this menu. #MKR,0,not_cyberbullying,,
"@orionwl it should be removed if you refresh, i think. :)",0,not_cyberbullying,,
Fml #mkr,0,not_cyberbullying,,
Kat/andre breakfast looks raw #MKR,0,not_cyberbullying,,
@ShriekAPotomos @CrashOverrideNW you're searching her name and contacting people that talk to her? that's a bit creepy/stalkerish.,0,not_cyberbullying,,
Why you so bad Ã°ÂŸÂ˜Â? like damn maÃ°ÂŸÂ˜ÂçÃ°ÂŸÂ‘Â… https://t.co/Vhv8Ld3bDh,0,not_cyberbullying,,
@FitToPrint @brisvegas1 @QandA but how could you hold 2 jobs &amp; still catch up with #MKR every night? #urbanvalues,0,not_cyberbullying,,
Watching gaters confuse @ggautoblocker and @theblockbot while screetching at @popehat. just another morning. &lt;3,0,not_cyberbullying,,
@Taste_SweetTay good morning my Lil hunni,0,not_cyberbullying,,
"Just read the phrase ""feminist agenda"" and snorted into my cereal. Yes, let the international conspiracy be unveiled!",0,not_cyberbullying,,
"@WayneJBurrows Normally.  But, nope.",0,not_cyberbullying,,
Confessions of a Cheating Teacher: â€œItâ€™s easy to lose your moral compass when youâ€™re being bulliedâ€ù: http://t.co/MwFdf7A,0,not_cyberbullying,,
@ChrisGurton that's fantastic - what one?,0,not_cyberbullying,,
@MercedesAMGF1 @F1 It's getting so boring some of the camera crews have resorted to bird watching! XDDDD,0,not_cyberbullying,,
"@Daniela_OMx you wait till I'm back at sixthform, ima bully the kixx love outta you!!! :p xxx",0,not_cyberbullying,,
@SoFaKingSexii @FallBack_Shawty heck yea we do time for some boys,0,not_cyberbullying,,
@Spacekatgal twitter allows 13 yr olds. 13 yr olds don't generally have bank accts. *lots* of people don't have bank accts/work in cash.,0,not_cyberbullying,,
A bully van comes and see one black boy on the road hooded up (ME) and they reversed and kicked,0,not_cyberbullying,,
So Brandy been killing shit.. I'm so tempted to actually buy her album..,0,not_cyberbullying,,
hei gw bukan emak lu..jangan ikut2 terus..nanti kamu aku bully malah..#kucingbayi #keliatannyarentan,0,not_cyberbullying,,
@FingerLicknGod #NachoShield is my favorite. :),0,not_cyberbullying,,
RT @thelindsayellis: you've got to be kidding me http://t.co/EhfXB3Epww,0,not_cyberbullying,,
Snorlax : I choose you!,0,not_cyberbullying,,
Spot of rain won't stop the pigs cooking ..... See you at @TasteofSydney #mkr,0,not_cyberbullying,,
"@BillieRaePhoto @BreezerV yeah, maybe its that aswell ;) lol",0,not_cyberbullying,,
"@ingyusarms If you never compare Islam with a close study of spiritual philosophies, you won't know what I'm talking about.",0,not_cyberbullying,,
"@girlziplocked if he really wanted to ally, he'd get his dudebros to change - not tell women how to ""fit in"" with dudebros.",0,not_cyberbullying,,
Life is better after having sex. Or when you know you're about to have sex. Or when you know someone is dying to have sex with you.,0,not_cyberbullying,,
@sartoni83 I laid the bike down intentionally vs having a worse accident. I was bruised but fine.,0,not_cyberbullying,,
Good morning beautiful ppl,0,not_cyberbullying,,
YOURE_WELCOME_exe http://t.co/oxA2aaUmgp,0,not_cyberbullying,,
"@halalflaws @AMohedin @islamdefense @haroonstyles @greenlinerzjm No, it says this. http://t.co/zpGYjCBUNb",0,not_cyberbullying,,
@UMTony lmao! I really wanted to take it down!,0,not_cyberbullying,,
@JWYoder sent to my reading list for later. Thank you :),0,not_cyberbullying,,
"Na boa, bullying nao tem graÃ§a. Pra q praticar? Alias, se humilhar os outros Ã‰ bom pra vc, desculpa, mas vc Ã© um otario",0,not_cyberbullying,,
All you can eat buffet at Pizza Hut ?Ÿ‘ç pizza bread sticks &amp; salad ?Ÿ˜‹?Ÿ˜‹,0,not_cyberbullying,,
"#mkr Standby for 200 people becoming sick from the dodgy eggs, bad hollandaise and stupid puns",0,not_cyberbullying,,
Wait till you hear your scores butcher models #MKR,0,not_cyberbullying,,
"RT @doctorow: I've been told that my screwdriver bits are allowed and the handle is allowed, but not together",0,not_cyberbullying,,
"oh, look. threats. no, i really don't care. @hyperion5182 @PolitiBunny",0,not_cyberbullying,,
Vicky and Celine will win this shit go girls!!!!!! I love YALL beat satan!!! #MKR,0,not_cyberbullying,,
Ash and Camilla is the people's choice! Their dish were great #MKR,0,not_cyberbullying,,
@TVWEEKmag #katandandre  that was priceless #mkr #tvweekmag,0,not_cyberbullying,,
@Nayadrikj @sarcarsten I LOVE YOU NAYADRI &lt;3 &lt;3 &lt;3,0,not_cyberbullying,,
@GlobalCalgary Notice how seating of women and men is seperate. One of the signs of sexism and gender apartheid of #Islam.,0,not_cyberbullying,,
#RobandDave &amp; #AshandCamilla are the strongest contenders so far. Will the campers agree with the judges? #MKR #tvweekmag,0,not_cyberbullying,,
"RT @awizardsbeard: @freebsdgirl Thanks bud, just go ahead compare me to misogynist assholes. Good thing you're in tech not social policy maâ€?",0,not_cyberbullying,,
lol what? http://t.co/8XuVkjayjB,0,not_cyberbullying,,
That bacon tho!!! #mkr,0,not_cyberbullying,,
@mykitchenrules such a shame Lyn and Tony had to leave! They didn't deserve it! #MKR,0,not_cyberbullying,,
@ctatplay @erinscafe @Mobute shhhh.,0,not_cyberbullying,,
@NetTxt doesn't work that way. Sorry to disappoint you. No one cares what you want.,0,not_cyberbullying,,
Someone today said that Pete Evans of #mkr has never been filmed putting food into his mouth. Is this true?,0,not_cyberbullying,,
"@Larissaa_ss amei, quem vai sofrer bullying agora Ã© o zÃ©, ETA ETA ETA O ZÃ‰ TOMO NA TARRAQUETA",0,not_cyberbullying,,
"@jmorgan_jamie @wilytone @SenTomCotton @GOP Having never actually put the word ""Taliban"" into wiki.",0,not_cyberbullying,,
Lol every time my phone rings i keep thinking its my school,0,not_cyberbullying,,
@urgedharry @nyazpolitics @greenlinerzjm Then why doesn't she know that her prophet called women stupid and corrupt.,0,not_cyberbullying,,
#mkrâ€ù Fuck &amp; shit would be my choice.,0,not_cyberbullying,,
RT @fredwimpy: Hollywood Moron of the Day #tcot #2A LIAM NEESON ON PARIS ATTACK: US GUN OWNERSHIP â€˜A [BLEEPING] DISGRACEâ€™ http://t.co/iZtgYâ€?,0,not_cyberbullying,,
#MKR Mighty Killer Rats eat out the kitchen #ausmedia #ozRant,0,not_cyberbullying,,
RT @shanley: We have been IGNORING this because it was happening to the most marginalized users of our software and tools.,0,not_cyberbullying,,
~Laura,0,not_cyberbullying,,
"Karl to Ricky; ""It did feel like bullying when you hit me on the head with your mobile phone to see what sound it made"" #AnIdiotAbroad2",0,not_cyberbullying,,
"@josiexhall beaut, happy birthday too xx",0,not_cyberbullying,,
@PeerWorker @EvvyKube it's about ethics in journalism.,0,not_cyberbullying,,
Literally cannot decide which team I like less. #katandandre vs #katieandnikki #mkr2015 #mkr,0,not_cyberbullying,,
"I don't care what BS cernovich has done, have some goddamn ethics. For real, though.",0,not_cyberbullying,,
@AJBrady_Sports #mkr ??,0,not_cyberbullying,,
After I'm done with college ima move to Florida .. No doubt,0,not_cyberbullying,,
@d1ng4d0ng @abbey_burch  we are x,0,not_cyberbullying,,
PrÃ©ndanle a @MexOpina en @CNNEE que estÃ¡n hablando sobre #bullying,0,not_cyberbullying,,
This is the opportunity to prove ourselves like we didn't the first time. Er. Yeah. That's the spirit. #MKR,0,not_cyberbullying,,
Does anyone have any media company emails I could try sending my CV to?? #workexperience #industryplacement,0,not_cyberbullying,,
Success. #stopWadhwa2015,0,not_cyberbullying,,
@adnanifares The toxic gasses belonged to ISIS.,0,not_cyberbullying,,
"Let's be honest, I feel like there's going to be a mines bigger than yours contest between drasko and Steve... @mykitchenrules #mkr",0,not_cyberbullying,,
"Please, please, please can Annie and Cat feature in an episode of Naked &amp;Afraid where they r stranded on an island together? #mkr",0,not_cyberbullying,,
RT @arstechnica: Notorious 8chan â€œsubboardâ€ù has history wiped after federal judgeâ€™s doxing http://t.co/MKGXgjReAz by @samred,0,not_cyberbullying,,
@tiny_m @sep332 @holman ruby's implementation of threading definitely does not get me hot.,0,not_cyberbullying,,
"If the surprise announcement is another group of contestants, I'm done. #MKR",0,not_cyberbullying,,
@JRichBEATZ fyi... Im not in class :)!! Now What!?,0,not_cyberbullying,,
"Instead, he tries to turn this into ""if you're not with GamerGate, you're against freedom of expression"" - uh, no. We're against assholes.",0,not_cyberbullying,,
RT @jmdoman: @freebsdgirl I don't believe you. I think you're in it for the money and the attention.,0,not_cyberbullying,,
Just driven past my old school and the girls were out doing cross country in their P.E. skirts and t-shirts! #cold #rememberthosedays,0,not_cyberbullying,,
@PatriceChienne @mykitchenrules can understand that but the score seems so wack #mkr,0,not_cyberbullying,,
@asciibear @lastcontract @a_man_in_black unsubscribe,0,not_cyberbullying,,
@LizzleP I know exactly how u feel woke up this morning thinking Damn I'm still in mky,0,not_cyberbullying,,
"Kat, maybe you should shelve that schadenfruÃ«de towards Annie/Lloyd until you get your own judges' critiques.",0,not_cyberbullying,,
@GemmaNoon @OaklandElle scrubbing bubbles works amazingly well,0,not_cyberbullying,,
"When nobody strategically scores you,  yet your bottom of the comp table Hahaha #mkr #mkr2015",0,not_cyberbullying,,
Now that was a goal made in previous #Liverpool era #StevieGTouchOffClass,0,not_cyberbullying,,
RT @john_rosato: #mkr heading into 2017 with another instant restaurant round,0,not_cyberbullying,,
@boobybatton CALLLLLLLL MEEEEEE.,0,not_cyberbullying,,
Must read from Jezebel. MUST. http://t.co/2D2mezvbci,0,not_cyberbullying,,
@lukewilliamss Jedwardâ€™s New Anti-Bullying Campaign:,0,not_cyberbullying,,
"RT @AmyMunce: #MKR maybe you girls should go back to cutting up cows and pigs, don't quit your day job!! @mykitchenrules",0,not_cyberbullying,,
"@halalflaws @biebervalue @greenlinerzjm Again, you present your Imam's propaganda. You have no Hadiths or verses.",0,not_cyberbullying,,
Throwback to when vivek offered to show me around SU to shut me up. https://t.co/DoMBsoijp3,0,not_cyberbullying,,
Twitter bulling,0,not_cyberbullying,,
This gyal is gettin bullied,0,not_cyberbullying,,
I'm Only Human After All by Alex I. Rogers http://ow.ly/5WKXw  A compelling story about the reality of #bullying in #schools. #Readinglist,0,not_cyberbullying,,
"NiÃ±as, reinas del â€œbullyingâ€ù en escuelas privadas http://t.co/vKa6Zxi // Y las q se creen queen bees?",0,not_cyberbullying,,
Round 2 of #MKR you guys did an amazing job zeebie05 !! Starting to get anxious about our turn #MKRâ€? https://t.co/w2sCY5Whyr,0,not_cyberbullying,,
Go team sheri and emilie you girls rule #MKR #mykitchenrules,0,not_cyberbullying,,
"Se acabar o bullying, quem paga o lanche?",0,not_cyberbullying,,
"@vex0rian @m1sp oh i just saw the latest version has consume-all (but help docs are bugged, btw.)",0,not_cyberbullying,,
Oh well. Back to promo work #MKR #MKR2015,0,not_cyberbullying,,
I wont be bringing back my love ..i wont be comin back....,0,not_cyberbullying,,
@mwlauthor i've also got my phone docked next to my computer. It throws up a notification for DMs. I use the web interface on my PC to send.,0,not_cyberbullying,,
@warriorsialkot LOL. McCain thought he was talking to moderate FSA people. He had no way of vetting the people in the room.,0,not_cyberbullying,,
".@larryemdur: â€œI just want to reach over and touch her hairâ€?â€ù So do we, Laz! Full video: https://t.co/5CzdotonBV #MKR http://t.co/IGSqq5JZ8j",0,not_cyberbullying,,
#oomf use to have a speaker box in class,0,not_cyberbullying,,
I'm coming out in a lot of spots recently. Noooo :(,0,not_cyberbullying,,
Crime against cooking ha ha... #MKR,0,not_cyberbullying,,
"Words have different impact depending on power. How is this a hard concept? @j0shoooa And just to clarify, whores can be guys too #notsexist",0,not_cyberbullying,,
@cindyhungg no money,0,not_cyberbullying,,
"Are you listening?  Especially when children are being bullied and harrassed at school, a sympathetic ear is so... http://fb.me/1a5Bo185z",0,not_cyberbullying,,
"Our pancakes are selling like hotcakes Shaz - yes, yes they are Jac! We wish we could sample some! #MKR #tvweekmag",0,not_cyberbullying,,
Fuck this class. Fuck school period. I just wanna play ball.,0,not_cyberbullying,,
@funjon that's... actually kind of interesting. i'll give them a call later next week. i need to talk to them anyways.,0,not_cyberbullying,,
RT @THEJordonBrown: Here are the Charlie Hedbo cartoons that  people died for today. View and share them. #JeSuisCharlie http://t.co/ncwxDxâ€?,0,not_cyberbullying,,
I've never heard silence quite this loud.,0,not_cyberbullying,,
And so we say goodbye to the little butcher girls #mkr,0,not_cyberbullying,,
I think today is going to be a smooth day. #IHope,0,not_cyberbullying,,
@ohheyimnicole you're getting home schooled,0,not_cyberbullying,,
Minha mÃ£e piora o bullying !!! SÃ? me esculacha #huahua,0,not_cyberbullying,,
ROBERT IS BACK #MKR,0,not_cyberbullying,,
"Hmm, methinks @channel7 might need to rethink letting the couples score instant restaurants from this season on. #mkr",0,not_cyberbullying,,
#kat is a disgrace #mkr,0,not_cyberbullying,,
Palestra sobre #bullying Ã© apresentada aos alunos da EMEF ProfÂª Serafina de Luca Cherfen  http://t.co/xV1igiB via @addthis,0,not_cyberbullying,,
@OhThatsXavier Just give it to me tomorrow morning,0,not_cyberbullying,,
"RT @finicalgal: And a 7 for ""smear of lemon tart""??? #MKR",0,not_cyberbullying,,
"So, that's a big double announcement for #mkr! What does everyone think?",0,not_cyberbullying,,
@jacquard612 @Loveussr It's obvious that this guy is one of Putin's paid propaganda trolls. I can't find a tweet of his that's not a lie.,0,not_cyberbullying,,
RT @MaxAbrahms: BBC: Islamic State fighters have burned to death 45 people in western Iraqi town of al-Baghdadi http://t.co/ufM2zowAWR.,0,not_cyberbullying,,
@wetsprocket the only thing that's really concerning is that she's stalkerish in her obsession. reminds me of dude that showed up at my work,0,not_cyberbullying,,
Ima Get Called A Pump Faker AGAIN ... LOL,0,not_cyberbullying,,
ahh sofro bulling da camera fotografica.,0,not_cyberbullying,,
@Arlethcantakeit briliante ;p i dont think i spelled it right,0,not_cyberbullying,,
"Few things I enjoy more than reading about a bully or thug getting what they deserve.  ""Armed Robber Picks On Wrong 63 Year Old"" ~...",0,not_cyberbullying,,
"RT @itskieren: If Kat and Andre survive, I'll be spewing #MKR",0,not_cyberbullying,,
i was borned with_______,0,not_cyberbullying,,
I agree with you! â€œ@mrjb88: Sherri and Emilie not serving anything yet oh dear lord I don't need this stress in my life #mkr #mkr2015â€ù,0,not_cyberbullying,,
Here we go! Come on! #mkr,0,not_cyberbullying,,
@NadiraGandhi rip wat r u threatenin me on tha web u bully,0,not_cyberbullying,,
"@jamuraa yupppp. jason doesn't have a lot of experience on twitter, it seems. or a very healthy world view.",0,not_cyberbullying,,
@xdannock maybe someone will use Kat's weber #mkr,0,not_cyberbullying,,
@amirazardilla hahahahahha . Thanky thanky,0,not_cyberbullying,,
"Not sure if I'm speaking there this year or not, but they were the first conference at which I ever presented. ?Ÿ‘ç",0,not_cyberbullying,,
"At least MSM manages to do basic fact checking, like not confusing @ggautoblocker with @theblockbot :P",0,not_cyberbullying,,
.... kkkkkkkkkkk,0,not_cyberbullying,,
@SantaCruzTax soon. We've been working on it. Gotta move fast.,0,not_cyberbullying,,
@LifeInKhilafah Daesh have so many fronts to fight that they don't have the concentrated manpower to succeed any more.,0,not_cyberbullying,,
"@dannywood I miss your ""BAM standard!"" ;)",0,not_cyberbullying,,
"The last time I saw that much blood on the table, I was watching Alien. #mkr",0,not_cyberbullying,,
@GirlyGamerzBRO @megahalfie @NICKIMINAJ u keep saying me but Ur all in on it now,0,not_cyberbullying,,
"@MOMmagRocks Thats the problem, the legal system protects the bully factor. And the bullies get very pissed when you infringe on their power",0,not_cyberbullying,,
"@deathofrats01 LOOKING AT YOUR ICONS, JUDGINGGGGG",0,not_cyberbullying,,
RT @dnyree: #BlackLivesMatter #BlackoutFriday If you're tired of waking up to news that another Black life has been ended at... http://t.coâ€?,0,not_cyberbullying,,
"Wah difollow sm school bully yg 15 thn lalu ngatain gw ""Freak bgt sih lo!"" and made my teen years unbearable.",0,not_cyberbullying,,
"RT @tnwhiskeywoman: I once had a bf make a statement about himself &amp; when I agreed with it, he said I was wrong. #BanMen",0,not_cyberbullying,,
"RT @stweet_heart: This is the show that never ends, yes it goes on and on my friends, some people started watching it not knowing it what iâ€?",0,not_cyberbullying,,
Rob's hat,0,not_cyberbullying,,
"every highschool game i go too , im blunted",0,not_cyberbullying,,
I had a horrible dream last night :( getting bullied is a horrible thing!!,0,not_cyberbullying,,
"Read my response to ""Quem mais sofre bullying: ( ) Loiras burras. ( ) Nerds. (X) O nÃºmero â€œ24â€ù da chamada. jaâ€?"": http://4ms.me/pfcPAo",0,not_cyberbullying,,
"â€œ@MicPye Studio with it!!! ""Return of Da Bully"" droppin September 20th!!! #Newzâ€ù",0,not_cyberbullying,,
"@GRIMACHU I support accuracy in comedy (OK...ridicule) when possible. Same with grammar and proper spelling, but, as always, 140...",0,not_cyberbullying,,
Eu fiz bullying na @itsraphacosta_ essa semana.,0,not_cyberbullying,,
@kikiarsyad bullying kalian kmrn udh cukup menjadi surprise tersendiri buat gue â€?â€‹(Ë˜Ì©Ì©Ì©âŒ£Ë˜Ì©Ì©Ì©Æª) ?©(Âº?”ÂºÑ‰),0,not_cyberbullying,,
"Seu merda - ""Isso Ã© bullying"" - ""SÃ? se for com a merda"". http://t.co/uKK3hCf",0,not_cyberbullying,,
Need muscle need need need need :S,0,not_cyberbullying,,
RT @Jason_Gio: @mcfartle @freebsdgirl lol even their promoted tweet has a slur in it. Oh gamergate...,0,not_cyberbullying,,
"can't even chain smoke my anxiety/stress away cuz i'm sick. the world is a cruel, cruel place.",0,not_cyberbullying,,
"I'm pretty sure commercials are the purest, most vile distillations of the kyriarchy",0,not_cyberbullying,,
"@Quinnae_Moon this is like vegan powers, right?",0,not_cyberbullying,,
- verdade @Mayara_Avez isso Ã© #Bullying :/ rsrs ',0,not_cyberbullying,,
YAY! GO CASH AND MANILLA! #MKR,0,not_cyberbullying,,
Annie and Lloyd WORST dish of the day if you ask me #MKR,0,not_cyberbullying,,
RT @randi_ebooks: Get awards for being so reasonable.,0,not_cyberbullying,,
Pulling on my lip rings to freak out my mom.,0,not_cyberbullying,,
"@deathofrats01 yup. ^.^ unless it's your field, it's not surprising that you wouldn't know.",0,not_cyberbullying,,
#mkr officially lost any respect for Collin that I had left!,0,not_cyberbullying,,
"@FunkyreFresh @SuperSpacedad as a target of her delusions, yeah, i'm going to say these things about how she behaves towards me.",0,not_cyberbullying,,
#MKR Katie.. trusting your instincts is like trusting the instincts of  the Titanic Captain.,0,not_cyberbullying,,
"achei alguÃ©m que tÃ¡ pior que eu no twitter. mas nÃ£o vou falar quem, isso jÃ¡ Ã© bullying",0,not_cyberbullying,,
eee @Kexao1 o que vocÃª faz com @kenehnois Ã©  bullying.,0,not_cyberbullying,,
@hypatiadotca @GlennF but does it scale?,0,not_cyberbullying,,
@miaimperial hahah it won't happen. Hehe,0,not_cyberbullying,,
"Please, PLEASE start using ""is your discernment blunted by steroids"" to mean ""are you on DRUGS?"" from now on. DEAD",0,not_cyberbullying,,
Acho que sofreria muito bullying se descobrissem o tipo de mÃºsica que ando ouvindo,0,not_cyberbullying,,
Son mas fomes estos wns no dan material para hacer bullying #lapiezaoscura,0,not_cyberbullying,,
Motorist picks the wrong cyclist to bully http://bit.ly/jLFAmv via @Wash_cycle @StreetsblogNet,0,not_cyberbullying,,
I worry about this all of the time.   If the Nazis turn away from him it might not be as bad as I fear it will be.Ã¢Â€Â? https://t.co/BTmeimEEMQ,0,not_cyberbullying,,
Let's not forget that Joan Rivers was a privileged asshole who whined constantly about her lack of rights to tell oppressive jokes.,0,not_cyberbullying,,
"@sakjur i usually go with thin crust, garlic pesto sauce, feta + garlic toppings. is good even with chain restaurants.",0,not_cyberbullying,,
We got Our legs back just in time to go the Mall n Mermaid Shop haha I need a New Seashell Bra hahaha ?Ÿê? http://t.co/ZxtVFdD8,0,not_cyberbullying,,
hhahah I did some stupid shit in high school #laughingatmyself,0,not_cyberbullying,,
#MKRâ€ù,0,not_cyberbullying,,
"@cortanav yo, you're enforcing at PAX this year, right? can you find a person? https://t.co/uKxe6fVVfc",0,not_cyberbullying,,
Not even the roaches &amp; rodents would eat Kat &amp; Andre's food ! #RSPCA #crueltytoanimals #mkr,0,not_cyberbullying,,
Kat in shock.  And humiliated.,0,not_cyberbullying,,
@gater_ebooks tell me what you think about ethics,0,not_cyberbullying,,
RT @AngryBlackLady: States should not let unvaccinated crumb-snatchers into schools. And the best part? It's legal if they don't. http://t.â€?,0,not_cyberbullying,,
RT @jstines3: Where is the LIBERAL outrage at the Christians being slaughtered in IRAQ and Syria?  #PJNET  #TCOT  #CCOT  http://t.co/1uwPeaâ€?,0,not_cyberbullying,,
Another instant restaurant round!!! FFS are you kidding! I am done with this show #MKR,0,not_cyberbullying,,
RT @_bobbidana: Never thought I'd say this but I hope the butcher girls make it through tonight. Because kat annoys me! #MKR,0,not_cyberbullying,,
RT @RudawEnglish: #KRG minister of #Peshmerga: today's victories in #Kirkuk achieved by the support of coalition airpower and Iraqi army haâ€?,0,not_cyberbullying,,
@waffle_gurl So you decide if they are true or false based on if you like them or not.  It means you don't accept evidence. Bye.,0,not_cyberbullying,,
Good morning! Got me a new number.,0,not_cyberbullying,,
Forgot how annoying annie is. This is what happens when the series goes for ten years  #mkr,0,not_cyberbullying,,
@Mike_Judson Good luck this weekend...it's a great thing you're doing!  If I see you around town I'll buy you a coffee.  :0),0,not_cyberbullying,,
OMG fashion parade time #mkr,0,not_cyberbullying,,
@obsurfer84 Here is the story of the Ghatafan. http://t.co/rXX8H38DqT And Mohammed is always attacking and always claiming it is preemptive.,0,not_cyberbullying,,
I hope this instant restaurant round is a good one. Getting a bit over them... #MKR #MKR2015,0,not_cyberbullying,,
I just couldn't ever develop lasting romantic feelings for anyone that prefered D&amp;D 4th edition over 3.5.,0,not_cyberbullying,,
@kimberly_abraha @tom_dodsworth @pinkdevil_1310 -.- judging people good Kim good,0,not_cyberbullying,,
Fuck you if you hit nerds :/ #nw bully Beatdown,0,not_cyberbullying,,
a 3 from Lynn and Tony? Well we all know who's strategic voting #mkr,0,not_cyberbullying,,
@pepa_ad por q me hablas de eso justo ahora q estoy en clases y me desconcentras de esa manera!!!!!!! Es bulling xD,0,not_cyberbullying,,
This weather makes me lazy?Ÿ˜´,0,not_cyberbullying,,
"Doesn't anyone have a gif of Manu saying ""no you get out"" cos that would be awesome",0,not_cyberbullying,,
@sudixitca The best you can say is that Sisi is a mixed bag.,0,not_cyberbullying,,
@jaymgates on behalf of engineers I'm offend- okay no I'm not.,0,not_cyberbullying,,
#NW My Kitchen Rules #MKR,0,not_cyberbullying,,
Proof http://t.co/eWOqVzu5wL,0,not_cyberbullying,,
@DantasRodolfo  to sofrendo um bullying agora que Ã© o do meu amigo nÃ£o me ligar mais e nem me chamar pra canto nenhum sabe? :/,0,not_cyberbullying,,
RT @Noaaammmyyy: @YesYouresexist @EverydaySexism excellent short film by Eleonore Pourriat - everyday sexism to a man http://t.co/MpxBuaZc9â€?,0,not_cyberbullying,,
RT @realtimwilliams: Congrats John Travolta... You single handidly creeped out the #Oscars2015 http://t.co/GbD1ivA1xz,0,not_cyberbullying,,
"I kno there will B hard times, we'll hve ups &amp; downs. We'll cry &amp; fight. We'll have test after test bt IM READY 2 TAKE THIS CHANCE IF U R!!",0,not_cyberbullying,,
@Pheonnexx I can go to sleep after taking adderall. My ability to sleep is ridonkulous.,0,not_cyberbullying,,
"Kat and Andre suck!! They deserve to go home, not the girls #mkr @mykitchenrules",0,not_cyberbullying,,
"#laguatonacandy mi amigo deberia demandar a @Guatonsalinas por bullying, jajaja es inevitable molestarlo",0,not_cyberbullying,,
"RT @djolder: And still you call us ""minorities."" You make no sense. RT @TheAtlantic: This fall, minorities will outnumber white students inâ€?",0,not_cyberbullying,,
@mykitchenrules My crap tastes better than the shit Kat &amp; Andre served up. I wouldn't feed it to a dead cat. #villans #cheats #mkr #mkr2015,0,not_cyberbullying,,
"We still do, as well as underestimating the judging #MKR",0,not_cyberbullying,,
RT @deray: Guns drawn. Ferguson PD. http://t.co/YE5a0yGKu4,0,not_cyberbullying,,
"@evilfelicity No, but he did make a show of trying to answer a question about Norman Mailer. Didn't even know his fellow white dude trivia.",0,not_cyberbullying,,
"@DavidLongshore Yeah, we shouldn't worry about this stuff. http://t.co/VZZcggHAae",0,not_cyberbullying,,
"@Krynis yeah, I needed something that mounted directly to my desk. I get bored and move furniture sometimes. :)",0,not_cyberbullying,,
RT @lizzjohnson_: This is an outrage! Kat and Andre should be kicked off for being strategic #MKR,0,not_cyberbullying,,
He stated in the past that people had bought him followers to try to get his account in trouble.,0,not_cyberbullying,,
@edgeofthesandbx @batchelorshow @FearDept The Russian attack on Maidan was 100% lie from the beginning.,0,not_cyberbullying,,
"Read my response to ""- Diga nÃ£o ao bullying! #repassa"": http://t.co/gsCr5nw",0,not_cyberbullying,,
a origem da pratica do bullying coloca nossos defeitos para debaixo do tapete e apenas colocar para cima os defeitos dos outros,0,not_cyberbullying,,
@GooseNetworkUSA @06JAnk @PatrickOsgood Give me evidence that he get's a penny from CIA. You sound a nutty as Erdogan.,0,not_cyberbullying,,
"No one ever writes a book called ""Men, Stop Being an Asshole in Relationships"" or ""She Just Wants to Be Treated Like a Human Being for Once""",0,not_cyberbullying,,
@AnnieKNK @BlutalTheDog @BeninCitizen @srhbutts @Cernowatch @a_man_in_black all this because I taunted him over his follower cnt back in sep,0,not_cyberbullying,,
Kat survives.,0,not_cyberbullying,,
I've never eaten chicken liver. #mkr,0,not_cyberbullying,,
@edgeofthesandbx @batchelorshow @FearDept http://t.co/7BhHMvHrZv,0,not_cyberbullying,,
SUDDEN DIABETIC COMA! #MKR,0,not_cyberbullying,,
It is called CRACKLING! Stop being pretentious &amp; calling it crackle. #MKR,0,not_cyberbullying,,
RT @BillClintonTHOF: Giuliani Calls Out Obama â€“ Canâ€™t Say â€˜Radical Islamâ€™ Because Heâ€™s a Coward - http://t.co/q7isDBb5Xn,0,not_cyberbullying,,
"IrkÃ§Ä±yÄ±m demiÅŸtim. ""Sexual harrassment, bullying, annoying"" bu fiilerde bulunanlara Ä±rkÃ§Ä±yÄ±m! Ä°dam gelecekse Ã¶nce bunlara gelsin.",0,not_cyberbullying,,
"@asem_1994 Read Ibn Warraq on the contribution of Muslims to science in his book, ""Why I am not a Muslim""",0,not_cyberbullying,,
@RyanGebble Yeah male Shepard is just so DIFFERENT and INTERESTING like all the other white male protags in every game ever,0,not_cyberbullying,,
I get my goodnight text when wakes up after passing out in the middle of our conversation. #classic,0,not_cyberbullying,,
I'm bout to spark my j fuck crying I'm over the bull shit,0,not_cyberbullying,,
@teh_maxh you don't have to have a phone to get SMS. you have to have internet. which is also required for twitter.,0,not_cyberbullying,,
@Kerenzky school website,0,not_cyberbullying,,
"It is a *really bad thing* that now I know blackmilk swims fit well and are super comfy. Really, really bad.",0,not_cyberbullying,,
"@ansaralummah13 @Believer__Soul Do you know that every time you post a tweet, the US gets paid.",0,not_cyberbullying,,
@NewEraJihadi @ShamiAnalyst They are not just trying. They are succeeding. You lost Kobane.  Pesh are knocking on Mosul door.,0,not_cyberbullying,,
If u ain't got dat gotti mix tape u tripn,0,not_cyberbullying,,
"@pNibbler @AlterNet @MaxBlumenthal They support the death penalty for murder, not for leaving Christianity.",0,not_cyberbullying,,
â€œThere is a secret element that weâ€™ve decided to add to this dish: thrushâ€ù #MKR,0,not_cyberbullying,,
@jhaylobee bwhahaha! Bully pa rin ba? Haha! I want to see Kengkang! Ang batang may nganga sa ulo! Bwhahaha!,0,not_cyberbullying,,
Things I am not scared of: Whiny manbabies. A lot of twitter mentions. Public speaking. Perl. Standing up for those that are afraid. FEELS.,0,not_cyberbullying,,
@greenlinerzjm @versacezaynx @nyazpolitics I got them directly off that Muslim students website.,0,not_cyberbullying,,
@msksbs2 @stjohnsredstorm @stj_basketball @tjsrx well said. You wouldn't see that at a Jesuit school. We keep the Christ in Christmas.,0,not_cyberbullying,,
@KhaledHamaki http://t.co/mFBT2hMmBn,0,not_cyberbullying,,
@mirrawey payback bitch. Ingat masa dulu dulu you bully I? Hehehe.,0,not_cyberbullying,,
The fact that kid rock is playing in the waiting room at the doctors,0,not_cyberbullying,,
Trade of the Day: Gold Miners $GDX Bullish Spread http://t.co/GGMR9TA $$ $options,0,not_cyberbullying,,
@bullysteria Ps bueno no a muchos les pregunto pero esta bien se que tu si eres buena persona bully *_*,0,not_cyberbullying,,
@lucaswj at this point i'd be happy with just wrecking faces in random bgs. haven't done arenas in months.,0,not_cyberbullying,,
"She wants the attention. She's admitted she's a ""sellout"". But a lot of good women are helping her write this book.",0,not_cyberbullying,,
If someone heard mine and Macie's convo in Applebees they'd think we were idiots Ã°ÂŸÂ˜Â‚Ã°ÂŸÂ˜Â‚Ã°ÂŸÂ˜Â‚,0,not_cyberbullying,,
OMFG 30 min &amp; Sherrie/emilie have nothing out #MKR,0,not_cyberbullying,,
@YourMrsR we'll see about that ;),0,not_cyberbullying,,
NÃ£o Ã© bullying se a pessoa usa uma cadarÃ§o de cada cor em um par de tÃªnis,0,not_cyberbullying,,
@jamuraa FUCK. WHO AM I?,0,not_cyberbullying,,
I Dont Liike Bein On School Breaks N Shit LBs,0,not_cyberbullying,,
#itsthedangtruth,0,not_cyberbullying,,
"And they knew me, too. SO WEIRD.",0,not_cyberbullying,,
"@ChrisWarcraft HOW THE FUCK DO YOU PRONOUNCE YOUR LAST NAME I am assuming it is ""Warcraft""",0,not_cyberbullying,,
@LifeInKhilafah Jews do well because most are secular and because they place a high value on education instead of Jihad.,0,not_cyberbullying,,
One more time!! Good luck for ya @Louis_Tomlinson and hv fun!! Big love!! &lt;3 :) xx,0,not_cyberbullying,,
Bouto do some cleaning.,0,not_cyberbullying,,
"Que dÃ? que dÃ? que dÃ? do CearÃ¡. Tadinhoooooo sÃ? pq Ã© time pequeno, isso Ã© Bullying Heleno. Hhaha",0,not_cyberbullying,,
@mykitchenrules bring back that complete lowlife deadbeat bankrupt asshole Adam so we can send Twitter into meltdown #mkr,0,not_cyberbullying,,
"Watching Dolphin tale, cos I have no life",0,not_cyberbullying,,
"woke up,felt ill told my mum I wasn't going school and jumped into bed!?Ÿ˜çbest day ever!",0,not_cyberbullying,,
@mykitchenrules: Only 5 more episodes &amp; I'm up to date on the #MKR recordings lol! :â€¢) http://t.co/DBSapQDJZl,0,not_cyberbullying,,
@MellyASK better be alone then suffer coz of others.... ;p,0,not_cyberbullying,,
"@Vent_Oh your caveat that ""it's not cool when men do it either"" is a false equivalence. Those statements have unequal weights.",0,not_cyberbullying,,
Omg that dessert is so deconstructed lol it looks so easy! #MKR,0,not_cyberbullying,,
Frio Ã© bullying contra os solteiros! UHEUAEHAUEHUEH -q,0,not_cyberbullying,,
@ShinoGraphy Thanks for the correction. The sentence had withered from lack of use. :) @starkjunk,0,not_cyberbullying,,
High achieving #Latinos who don't conform to stereotypes are vulnerable to the effect #bullying has on grades.  http://t.co/vqbp1cX,0,not_cyberbullying,,
RT @CurlsGoddess: First graders asked about the photo of Mike Brown. Such innocence http://t.co/So0hl69kOG,0,not_cyberbullying,,
"@iransera @AJEnglish Yeah, we hate this kind of Islamophobia. http://t.co/13lvvBDXHE",0,not_cyberbullying,,
"RT @EvvyKube: @freebsdgirl One thing that bothers me about it is the fact that despite hundreds of women writing on the subject, a man becoâ€?",0,not_cyberbullying,,
RT @ohmyloz: De-constructed is code word for 'fell on the floor' right? #MKR,0,not_cyberbullying,,
@bellathorne143   Bullying Needs To Stop Ur Such A Awesome And Amazing Person For Standing Agents It :). Love u bella&lt;3,0,not_cyberbullying,,
agora sim : que comece o bullying,0,not_cyberbullying,,
"Maybe it was just a typo. They meant to list ""Kickass ice-cream and apple pie.""",0,not_cyberbullying,,
"If you want to win, you win by cooking good food not by sabotaging other people, that's not a win that's cheating, Kat &amp; Andre suck #MKR",0,not_cyberbullying,,
@seanbonner ideas and observations that are completely dismissive of those in a low income bracket.,0,not_cyberbullying,,
@obsurfer84 Kybar was attacked by Mohammed.  The whole excuse for the attack is a fabrication for which no evidence exists.,0,not_cyberbullying,,
Ewwww #mkr,0,not_cyberbullying,,
"tidur gak yaa, atau pantengin bully aje ya ampe sahur (y)",0,not_cyberbullying,,
#BringBackClarkson  #GetPumped #5WordDealBreakers #TopGear #47Traitors #OTRASG #WelcometoManilaEdSheeran  http://t.co/LbD3LDtX8Y #RHOBH #mkr,0,not_cyberbullying,,
Linda Harvey: â€˜Thereâ€™s No Proofâ€™ that LGBT people exist http://t.co/2nQRh3a via @lgbtqnation #lgbt #glbt #gay #glsen #lesbian #school #bully,0,not_cyberbullying,,
Im filled with joy.,0,not_cyberbullying,,
Are they on something? Seriously they must be huffing #MKR,0,not_cyberbullying,,
"@voretaq7 i didn't read much content, just enough to see that he's getting a lot of notifications. i ignore FYGM girls.",0,not_cyberbullying,,
RT @infosec_Hulk: @freebsdgirl MY SKIN GREEN. NO COLORS SUIT. ONLY WEAR RIPPED PANTS BECAUSE HULK NEED NO CLOTHES!,0,not_cyberbullying,,
Can tomatoes are fine #MKR,0,not_cyberbullying,,
"seriously though, a FOURTH instant restaurant round... ?Ÿ˜´?Ÿ˜“ #MKR",0,not_cyberbullying,,
"It seems to me that if she had really wanted this book published, it would've been published by now. This whole story seems so bunk.",0,not_cyberbullying,,
@dsmyxe @PolitiBunny and then i got a crapton of mentions. i don't think you understand how the in_reply_to_user_id json key works.,0,not_cyberbullying,,
@EndBullying2day Victims of bullying have no summer vacation. Thanks for spreading the word. Read the post http://t.co/FzmS2Z4,0,not_cyberbullying,,
"http://t.co/vOmCP3K Spam Bully, Software & Services #Software #Services http://t.co/te8cOaI",0,not_cyberbullying,,
Lets serve Colin Chev Up sausages. #MKR,0,not_cyberbullying,,
@AdotJdot I'm down bro. We'll get it together I leave to go back to school on the 31st,0,not_cyberbullying,,
"@2kdei Let's see, why would there be a movement against Islam, but not against any other religion. http://t.co/1Vld7rxtLP",0,not_cyberbullying,,
I went to sleep at like 11 and woke up just about every 2hrs -___-,0,not_cyberbullying,,
Help me! Help me! im in love with marilyn manson...,0,not_cyberbullying,,
"whoever decided that this was an appropriate temperature for this building should take a week off, and then quit #bad #decision #mondays",0,not_cyberbullying,,
Taste of Sydney selfie with Colin from #mkr #mkr2015 http://t.co/wQaYLc3AnQ,0,not_cyberbullying,,
@stxystrong @halalflaws @biebervalue @greenlinerzjm The Islamic culture is the Islamic religion.,0,not_cyberbullying,,
Project Bully The Project Bully Nation news: This information is brought to you by The Project Bully Rescue Netw... http://t.co/kUmoRy3,0,not_cyberbullying,,
good thing I gotta gym class next semester . ?Ÿ‘Œ,0,not_cyberbullying,,
"We've been out for a week and a couple days &amp; everyone's already saying they wanna go back to school, smh.",0,not_cyberbullying,,
Meatballs in the morning would be the problem #mkr,0,not_cyberbullying,,
regram @starwarsfannews,0,not_cyberbullying,,
played the song 'Another face in the Crowd' by Clockwork Bully on @myspace http://t.co/j7bHeDp,0,not_cyberbullying,,
We go from #DuckDynasty to #HighSchoolMusical2 @LyzButz,0,not_cyberbullying,,
@glitchDreams @FLOSSWeekly i've been told i'm pretty good at drumming up suspense. :),0,not_cyberbullying,,
Let's not forget that the person that started these rumblings about my code got fired from Zynga for being impossible to work with.,0,not_cyberbullying,,
"-C- One school day, the teacher who had always tortured you to no limits called you to the office. The office shown no trace of other -C-",0,not_cyberbullying,,
"@TVWEEKmag: There is only 1 way to stay in the comp Cook some good food."" -Ouch @manufeildel, ouch #mkr http://t.co/ngQhGsOtev"" @biljanab",0,not_cyberbullying,,
"Hate when people say ""im not a bully"" lemme define bully- is someone who causes physical or verbal harm on someone #Idiots",0,not_cyberbullying,,
@HeresLisa support is set it off and like torches according to one website x,0,not_cyberbullying,,
Cream and crumbs on a plate....work it gurls #MKR,0,not_cyberbullying,,
@Bahai144 How would you know? You would'nt recognize logic if it fell on you. Only a total idiot would support one sided Pacificim.,0,not_cyberbullying,,
"Be safe, kids, NYE is another prime night for rapists. Watch out for each other, don't get separated. Have a plan.",0,not_cyberbullying,,
"RT @CranBoonitz: @salarta @freebsdgirl They have quite the symbiotic relationship. GG points out targets, /baph/ doxxes and terrorises, GG â€?",0,not_cyberbullying,,
"@gazetaweb confiram a passeata #quebrandoosilencio contra o #bullying na pajucara, q esta acontecendo agora, milhares d",0,not_cyberbullying,,
I feel bad for some of you hoes mamas! They did not raise u to be the hoe you are today!! Ã°ÂŸÂ?Â?Ã°ÂŸÂèÂ?Ã¢Â€ÂçÃ¢Â™Â€Ã¯Â¸Âè,0,not_cyberbullying,,
@syannenicole sucks to suck,0,not_cyberbullying,,
RT @GidgitVonLaRue: #MKR You eat lamb meatballs for breakfast?? I thought you two ate fairy dust cupcakes with rainbow unicorn muffins?,0,not_cyberbullying,,
RT @zellieimani: The recent shooting in Berkeley is not an isolated event. A Black person is killed every 28 hours. It's right on schedule.â€?,0,not_cyberbullying,,
"J's at my doe, I got money on da flo !!",0,not_cyberbullying,,
"I feel like if I were on #MKR and had botched the first two courses, I'd just serve Jell-O shots for dessert.",0,not_cyberbullying,,
Deconstructed lemon tart. Basically a pile of crap on a plate #MKR http://t.co/7sYHPCwa8f,0,not_cyberbullying,,
"@GentlerMouse tell her that it's a gaming convention, so i'm thinking blackmilk's asteroids dress over leggings with some spikey boots",0,not_cyberbullying,,
RT @thebolditalic: Repeatedly calling a woman a bitch from the stage was just part of the Crunchies' problems with women http://t.co/tiqbXUâ€?,0,not_cyberbullying,,
RT @Newsarama: MARK HAMILL Becomes HAN SOLO For STAR WARS BAD LIP READING,0,not_cyberbullying,,
"@RJennromao @DavidJo52951945 @Novorossiyan @GBabeuf @gbazov @NewsCoverUp @rougek68 Ukr Army got non lethal aid, scumbag. Putin sent tanks.",0,not_cyberbullying,,
"OK, amazing and awesome folks that have emailed us. We're regrouping and discussing each email, will have responses out Soonâ„¢ :)",0,not_cyberbullying,,
I knew i should've stayed home ...!,0,not_cyberbullying,,
Katie and Nikki better not get a point for every time they said 'we're pretty' #MKR,0,not_cyberbullying,,
I'll just come back after this round. Thanks. #MKR @mykitchenrules,0,not_cyberbullying,,
@torvos @revolize @snipeyhead darksky &gt; *,0,not_cyberbullying,,
Totally rocked nice guys with Fatin at school just now! hahahaha :D,0,not_cyberbullying,,
@PoliticalAnt @Lithobolos @ZaibatsuNews At last we have a point of complete agreement.,0,not_cyberbullying,,
@iDICKtate thnx how u doin,0,not_cyberbullying,,
@AMohedin @halalflaws @haroonstyles @islamdefense @greenlinerzjm I'll give it to you again. http://t.co/8ov7jyscmm,0,not_cyberbullying,,
"Motion to replace ""he's just not that into you"" with ""you deserve better,"" ""dump his ass,"" or ""wow, he's a shitty fuckwad""",0,not_cyberbullying,,
@BiebersFan follow back please?,0,not_cyberbullying,,
My pillows are super cold ?Ÿ˜’,0,not_cyberbullying,,
ALOT OF GUN ALOT OF SHELLS WE DUMPING WHILE YAL WAISTING SHELLS,0,not_cyberbullying,,
RT @thetrudz: And White people who bring up queerness or being a survivor as a way to SILENCE WoC? Because no WoC are queer? None survivorsâ€?,0,not_cyberbullying,,
Thinkin Bout My Righthand Im Finna Text Her :/,0,not_cyberbullying,,
RT @gerfingerpoken: Americans Prefer #AmericanSniper Over Obama Empty Chair http://t.co/p3ByZARaG4 â€? #IBDeditorials via @IBDinvestors - httâ€?,0,not_cyberbullying,,
Just like highschool days :),0,not_cyberbullying,,
It's time to go.......,0,not_cyberbullying,,
and note2 @TheNewSchool ... i'm coming for you again.  #Take2,0,not_cyberbullying,,
"Don't celebrate too quick, your food was so shit Kat and Andre #MKR",0,not_cyberbullying,,
@jonrosenberg just checking. :),0,not_cyberbullying,,
"This boy in my class ate a orange &amp; put the orange peals in his sneaker , like whatt ?",0,not_cyberbullying,,
@Louis_Tomlinson Good luck and have fun! XOXOXXXXOX,0,not_cyberbullying,,
AAAAAAAAAAAAAAAAAAAAAAH @fabiodiz VOOOLTA D: ISSO Ã‰ BULLYING COM VOCÃ?Ã? U-U  FabioeRenannoRaulGil,0,not_cyberbullying,,
@chilblane yay. i went last year and had to make new friends. i hate making new friends. i didn't know anyone else going.,0,not_cyberbullying,,
Lynn and Tony you've got no change. Say goodbye now #mkr,0,not_cyberbullying,,
Anger over bullying at work talks: A ROW has erupted between Central Beds Council (CBC) and workersâ€™ union GMB a... http://bit.ly/quVhWD,0,not_cyberbullying,,
"Been giving her the silent treatment, it was so hard lol",0,not_cyberbullying,,
sigh. I need to work on building out my legal contacts to encompass more states.,0,not_cyberbullying,,
RT @CarriePotter_: any guy who feels he is entitled to your body just because he treated you with basic human decency has a deep capacity fâ€?,0,not_cyberbullying,,
@WVTVW Thanks for parading your racism.,0,not_cyberbullying,,
School is fucking boring ?Ÿ‘?,0,not_cyberbullying,,
"@KimberleyNixon1 YOU DONT KNOW ALL THE GOOD LUCK THAT YOU HAVE, I love Rupert, now you understand, yeah?",0,not_cyberbullying,,
"RT @Awkward_Duck: Too many asking protests not be disruptive. That's the entire point! We're here to interrupt the status quo, not plan aroâ€?",0,not_cyberbullying,,
I'm not important. The things I'm working on are. The people helping me push this are. I don't want the message being warped to be about me.,0,not_cyberbullying,,
Gotta get it !!,0,not_cyberbullying,,
Last time I saw something this chaotic ...(long pause) .. Somebody ran into a beehive #MKR,0,not_cyberbullying,,
I love the sound of giving back !,0,not_cyberbullying,,
"RT @ThatSabineGirl: These abusers on 8chan have been doing this for years, it always used to work. Now ppl are shining light on it, victimsâ€?",0,not_cyberbullying,,
Kat and Andre are the worst #MKR,0,not_cyberbullying,,
South shields mags are running a bus to the Liverpool away game. Give me a shout on here if interested @NufcAwayDays @nufcbuzztap,0,not_cyberbullying,,
RT @BlalalaBeauty: Kat and Andre still being disgusting human beings #mkr,0,not_cyberbullying,,
@KirinDave holy crap. i've got 2 of them so far. just ordered a third. i've been pretty happy so far.,0,not_cyberbullying,,
@thegeek_chick Excellent.,0,not_cyberbullying,,
@stockputout I nuked my rating by constantly helping a friend gear up all of his alts.,0,not_cyberbullying,,
"Either females having babies,gettin ass shots,or in the gym gettin they bodies hard as fuck like a nigga.. Ion want no hard body chick",0,not_cyberbullying,,
"I'm glad God doesn't see race, wealth, status, class etc...",0,not_cyberbullying,,
oh no http://t.co/HKhym83M6d,0,not_cyberbullying,,
"I didn't have an outward emotional reaction when my own grandmother died, but I am crying for Nimoy.",0,not_cyberbullying,,
@okieatheist @Allison_312 @furiechicago @steeevi I don't have to remind myself. LW trolls remind me of their hypocrisy every day.,0,not_cyberbullying,,
@Drift0r Did you know 1 in 6 women is raped in her lifetime?,0,not_cyberbullying,,
TWITTER IS ABOUT TO EXPLODE!  #mkr,0,not_cyberbullying,,
RT @g56yu: @PierceCotwa is now on twitter. If u care abt presumptively innocent? @instapundit @avfmnews @MT8_9 @AsheSchow @ScottGreenfield,0,not_cyberbullying,,
Hills councillor's idea to combat cyber bullying in the Hills http://bit.ly/ntIWHX #KasiTopShayela,0,not_cyberbullying,,
@GEOS_ciberviv xD..,0,not_cyberbullying,,
RT @SevenPerth: It's TIME... Kitchen HQ starts NOW WA! !#HungryCampers #MKR http://t.co/sWQ44IsGMS,0,not_cyberbullying,,
Ready To Go Back To School And Get Away From These People,0,not_cyberbullying,,
@ImPaboLikeYou oops yup RM155,0,not_cyberbullying,,
"Que el bullying es sÃ?lo molestar weones?, el bullying es mÃ¡s que eso, es una deporte, una pasiÃ?n... http://t.co/HdKNpdB vÃ?a @MiMejorFrase",0,not_cyberbullying,,
â€œ@mykitchenrules: Do you prefer a sweet or savoury breakfast? #mkr #hungrycampersâ€ù Pancakes all the way!!!,0,not_cyberbullying,,
@ade_gg jajajaja...va...rosada conbinada ;) y nooo...apuesto a q yo t hare bulling primero :D &lt;3,0,not_cyberbullying,,
"Deconstructed is to food what ""shabby chic"" is to decor. In other words, an excuse for a whole bunch of random shit thrown together. #MKR",0,not_cyberbullying,,
Shame the razor blades weren't near your throat #MKR,0,not_cyberbullying,,
"@ryanlochte Goooooddd Monday Morning,Sir Lochte! SMILE and have a GREat and blessed Day! Be safe always! Iî€¢U!",0,not_cyberbullying,,
@abunaseeha2 YPG/YPJ are 10 km from Jarabulus.  Peshmerga are within artillery range of Mosul.  Daesh are forcing children to fight for them,0,not_cyberbullying,,
"I have been listening to #MKR more than watching. Heard snatch cock and thought "" Yeh, they go together""",0,not_cyberbullying,,
"#mkr Colin is whinging about TOO MUCH PANCAKES?! Well, I hate unicorns.",0,not_cyberbullying,,
@mykitchenrules: Only 5 more episodes &amp; I'm up to date on the #MKR recordings lol! :â€¢),0,not_cyberbullying,,
Sorry but who changed the channel to the Next Top Model? #mkr,0,not_cyberbullying,,
"@BasicMountain i have some pretty fantastic wonderwoman stuff. but i prefer marvel, hands down. DC chars seem to emo.",0,not_cyberbullying,,
"I do hate how expensive bus tickets are with a burning passion, I don't even understand why the hell they're so pricy?!",0,not_cyberbullying,,
@Monte_Lin twitter's UI bugs out all the time. it wasn't a surprising bug. I'd be willing to bet it's not replicatable.,0,not_cyberbullying,,
"When you're on show, don't start making up dishes girls. #MKR #MKR2015",0,not_cyberbullying,,
As opposed to serving up food that other people have cooked.  #mkr,0,not_cyberbullying,,
@TheDebbyRyan Hello I love so much ! Please follow :),0,not_cyberbullying,,
Posted: Don't Just Stand There: Stop Bullying Now #edu #education http://bit.ly/ntghhQ,0,not_cyberbullying,,
@Dabiq_Warrior @Totenleserin LOL. When the coalition entered you tried to convince the world that they didn't effect you. Make up your mind.,0,not_cyberbullying,,
"Some ppl disguise laziness To do whats ""Right"" by distracting You!!",0,not_cyberbullying,,
@cxarli i wear beats headphones for phone calls. :P,0,not_cyberbullying,,
STOP CALLING YOURSELF PRETTY! #MKR,0,not_cyberbullying,,
gente nÃ£o precisa vim com bullying pq meu email Ã© foda ok KKK,0,not_cyberbullying,,
"@mcat_eebooks i've given a lot of tech talks in the past. this one isn't really so technical, more community. :P",0,not_cyberbullying,,
RT @France24_en: Thousands of Russians march in memory of murdered Putin critic http://t.co/YPagQnyDSV http://t.co/YIeUEugiM6,0,not_cyberbullying,,
Dessert's looking delicious ladies! #mkr,0,not_cyberbullying,,
â€œ@cacheayala: @AndresPaVa: Luego te enojas porque el jueves esta de #bully contigo Crees que no lee tus tweets? T minus 4:37hrs / jaja +1000,0,not_cyberbullying,,
"@MaxBlumenthal @mehdirhasan @tnr In fact, ISIS follows the example of the prophet to the letter.",0,not_cyberbullying,,
RT @ismisecaz: My housemate was inspired. #mkr http://t.co/YrtSVNPknK,0,not_cyberbullying,,
RT @SueKennedy19: â€œ@benpobjie: â€œAnd so weâ€™ll have whittled 18 down to 14 in just a few short monthsâ€ù #MKRâ€ù Knife fight in the car park woulâ€?,0,not_cyberbullying,,
@matthewsays_ cada episÃ?dio matam ele de uma maneira diferente HAHA isso Ã© bullying Q,0,not_cyberbullying,,
"Ripped off! Poor girls, that's ridiculous! #mkr",0,not_cyberbullying,,
@fiendral were you rude?,0,not_cyberbullying,,
School Fight Bodyslam Bully gets OWNED http://t.co/emeTLN4 #toocoolfortv,0,not_cyberbullying,,
"I need to finish my college apps, but I'm so lazy to do it.",0,not_cyberbullying,,
@Jay_Barz lol yea u know dawgs,0,not_cyberbullying,,
@jasonbentley I'll shoot you a DM when I've got a solid ETA.,0,not_cyberbullying,,
I want that moovie Cyber Bully to come on again.!,0,not_cyberbullying,,
"Given that my friend is quite fit and these gaters were not, they quickly departed at the next stop, instead of ""debating"" further.",0,not_cyberbullying,,
"RT @finicalgal: Bianca is ""feeling sick"". She tried the baked Greek eggs. #MKR",0,not_cyberbullying,,
"Talking to my dad about school, really helped.",0,not_cyberbullying,,
RT @maclean_brad: Muz's Kitchen Rules #MKR  http://t.co/wFpjjQy6Fa,0,not_cyberbullying,,
"@dylanw you should have. I still would have been irritated and disagreed with you, but the response would have been a lot different.",0,not_cyberbullying,,
Stalk aka respond to a blog post he made about me after Id forgotten all about him. @PailOfAwesome @ProfessorF @chrisvcsefalvay,0,not_cyberbullying,,
"@W55YTE haha cheers, what's wrong with a pinkspotted plate like? Aye a know we have to go all out tomorrow, of course #KilliePie's are class",0,not_cyberbullying,,
I wish you understood how bad I felt and how sorry I truly am.,0,not_cyberbullying,,
Yeah That Loud Knocked me Back,0,not_cyberbullying,,
RT @dearsarah: @MadcapOcelot @freebsdgirl also (the awesome) @ellenchisa counted the # of women he follows &amp; wrote about it here http://t.câ€?,0,not_cyberbullying,,
@flaqita1508 @carlpowerade jajajajaja no aguantara el bullying y cerrara twitter y pedira a la virgen pare esto y su cumpleaÃ±os sea el mejor,0,not_cyberbullying,,
"Someone that will be like, ""Randi, put down the toffee. You're going to get a stomach ache.""",0,not_cyberbullying,,
"RT @ryangiglio: @XenoPhage @freebsdgirl I'd assume itâ€™s @onthemedia, since @tldr did the original piece that got retracted.",0,not_cyberbullying,,
"RT @sarahkendzior: ""When I was seven years old, Woody Allen took me by the hand, led me into an attic and sexually assaulted me."" http://t.â€?",0,not_cyberbullying,,
@amy_nfg_x well you're obviously not the person that go an A* in both their English exams and is now doing an AS English class. Girl bye.,0,not_cyberbullying,,
Kat and Andre need to fuck off #MKR,0,not_cyberbullying,,
@NerdieJoseph Make sure he's the bully in the neopet playground. B),0,not_cyberbullying,,
DONT THINK FOR ONE HE DONT THINK YOU,0,not_cyberbullying,,
#MKR omg my dad and I are screaming at the TV.,0,not_cyberbullying,,
@denise1D they still look the same lor. ?Ÿ‘? This best,0,not_cyberbullying,,
Collin admits that he is easily confused by a sausage. #MKR,0,not_cyberbullying,,
"I watched a movie where she played on Monday, with my class... It was awesome tbh. It was an Hitchcock.",0,not_cyberbullying,,
Watching @angie_marie14 apply for a job on campus...priceless.,0,not_cyberbullying,,
My daughter thinks those blueberry pancakes look amazing! #mkr,0,not_cyberbullying,,
"RT @LahavHarkov: Ignoring the crazies is the best policy but if you really can't, here's a great takedown of Max Blumenthal http://t.co/4V9â€?",0,not_cyberbullying,,
"@1oNo1_Islam Chat now, they are waiting for you. http://t.co/ATdf0IiETD #Islam",0,not_cyberbullying,,
Nnnnnoooooooooo I can't bare Kat and Andre #mkr,0,not_cyberbullying,,
RT @Nodonn3: #MKR because 5+ minute add breaks are just the best!,0,not_cyberbullying,,
http://t.co/6zVcnnkDXO.,0,not_cyberbullying,,
"Gotta love the holiday season. Classic cartoons like Johnny bravo, Ed edd and  eddy, and camp lazlo are on #theoldtimes",0,not_cyberbullying,,
hahaha,0,not_cyberbullying,,
Ain't stressing shit just cooling,0,not_cyberbullying,,
"RT @estherarmah: In 4 days: Tanesha Anderson - 37 yrs old; Tamir E Rice - 12 yrs old, Akai Gurley - 28 yrs old. All black. All dead. All kiâ€?",0,not_cyberbullying,,
#mkr oh nooo!!!! Goodluck y'all!!!!,0,not_cyberbullying,,
"Got my old school polo on, like wass good?",0,not_cyberbullying,,
Dave and Rob playing it safe #mkr @mkr #ShakeNBake http://t.co/zDpbAMhxr4,0,not_cyberbullying,,
RT @MikeBigby: What's the deal with Lemons and Melons? Is it like a Wario / Mario thing like lemon is melon's evil twin or wat,0,not_cyberbullying,,
&lt;------- is N O T drugg free .. fuck that shittt! : ) #ifeellikeitsfine,0,not_cyberbullying,,
@Nin_Klink Do you?,0,not_cyberbullying,,
"@limoncaa @jul_panjul @sonnysuryas @SmilL1E gtu u.. ok gw ingtn sa.. tnggu aj u, ntr gw bully lgi di hum eli.. Jul n om bntuin gw bully lsa",0,not_cyberbullying,,
RT @shariaunveiled: A Muslim Man in India Attempts Murder of His 10-Year-old Daughter by Burying HerÂ Alive http://t.co/BO7d9XL3ht,0,not_cyberbullying,,
HAHAAHAHAHHAHAHAHAH EAT SHIT KAT AND ANDRE #mkr,0,not_cyberbullying,,
@idkmybffkae I'll see if I can take some pics of the booths,0,not_cyberbullying,,
So this season of #MKR is going to finish in which decade? Such a drag,0,not_cyberbullying,,
not but really mostly anything in high school is lust..just gotta learn,0,not_cyberbullying,,
"@ashleylynch I'll keep that in mind. :) At some point, I could see it going there - but not on our roadmap for at least 9-12 months.",0,not_cyberbullying,,
I really need to learn to stop procrastinating #somuchwork,0,not_cyberbullying,,
estou pronto e vou pra #pira com o @GeanP_ ! vamos causar bulling e boa! e pra quem cofa nosso role vai ter 3 semanas de role podre!,0,not_cyberbullying,,
@cspanwj  oh please the bullying issue is all about special treatment for the gay population,0,not_cyberbullying,,
The dessert has been forgotten about already...... #MKR,0,not_cyberbullying,,
@UmarFarooq_ Compare this ignorant Imam with someone like Lemaitre.,0,not_cyberbullying,,
RT @RKHayer: â€œ@FELDart: REPORTERS - Video: Syrian student risks her life to film #IS group stronghold #Raqqa #ISIS http://t.co/EJvUpqFDf1 vâ€?,0,not_cyberbullying,,
"Sonserina: malignos, falsos, Comensais da Morte, praticantes de bullying. Risos.",0,not_cyberbullying,,
@PiecesOf_ME_ lol Naw I was just lookin in my tl ans seen all this bs,0,not_cyberbullying,,
"Call me crazy, but I like my food constructed. I wouldn't pay for a build it yourself dessert #MKR",0,not_cyberbullying,,
"E sobre assistir vÃ¡rios jogos de qualquer campeonato, eu sofria muito bullying dos meus amigos e amigas por causa disso @mateus_dosanjos  :/",0,not_cyberbullying,,
@Rj_Barbosa Eu sÃ? fiz um comentÃ¡rio sobre um texto dele. O cara surtou e chamou os coleguinhas! #bullying @pablovillaca kkkkkkk,0,not_cyberbullying,,
â€œ@kait_mitchell: Having a tour around bowland school of @BroganAtkinsonâ€ù can tell you're from ribblesdale off*****,0,not_cyberbullying,,
High quality food &amp; they have frozen beef cheeks?! #mkr,0,not_cyberbullying,,
"Meu isso Ã© bullying, nÃ£o veio queijo em meu cheese bacon.",0,not_cyberbullying,,
"RT @safinostrongman: 15 peshmerga surrounded by hundreds of daesh fought for 8 hours untill they got rescued, unfortunally 4 of them got maâ€?",0,not_cyberbullying,,
"RT @softsurv: Because seriously, trolling or not, all it takes is one legitimate resident of Crazytown. @freebsdgirl @Spacekatgal @TheQuinnâ€?",0,not_cyberbullying,,
@athenahollow that was my intention. :P,0,not_cyberbullying,,
bully whips... lamest name ever,0,not_cyberbullying,,
Reblog if you're against bullying. http://t.co/ocbLbv6,0,not_cyberbullying,,
My job gives me a constant stream of endorphins.,0,not_cyberbullying,,
TONIHGT LETS GET SOME AND LWWY,0,not_cyberbullying,,
and both of them boys are my age so its not bullying.,0,not_cyberbullying,,
"RT @CrashOverrideNW: Numbers for hacking attempts against our websites since launch: 184 against Crash Override alone, 763 overall. Not incâ€?",0,not_cyberbullying,,
I'm optimistic. This isn't the end game. Twitter's announcement was a single step in a long path in mitigating abuse problems.,0,not_cyberbullying,,
"@TheNamesBreeyah , Me &amp; Jackie Song Together In The Talent Show In Front Of The Whole Middle &amp; Highschool .. lol : We Killed It !",0,not_cyberbullying,,
youuuu want some hairspray with that sham&amp;cond. NO- if she wanted fckn hairspray she would of grabbed fckn  hairspray,0,not_cyberbullying,,
#Itreallymakesmemad when people bully others.,0,not_cyberbullying,,
I still refuse to believe that his real name is Drasko!,0,not_cyberbullying,,
"*sees Mother Jones article titled ""Feminism needs men""* *laughs* *closes tab* *smashes window*",0,not_cyberbullying,,
Big S/O to 1 of the realest my main man @1JJReal it's never a dull moment with him!!! Happy Soul Day Hope it's a great one!!!! Mwuah,0,not_cyberbullying,,
@_dawik e a @_cintiafaria tem feito mt bullying com vocÃª?!,0,not_cyberbullying,,
@ctp I've worked with a lot of abused dogs in the past. Used to do a lot of work training w/anxiety &amp; behavioral issues.,0,not_cyberbullying,,
@GregyTruMOB shut up you're not even in class,0,not_cyberbullying,,
@cooperq btw... relevant to this: https://t.co/ejzq0I1iew and this thread (tweets above): https://t.co/uLFq1dERTY,0,not_cyberbullying,,
Too. Much. Pause. For. Effect. Pete. Evans. Just annoying....not dramatic. #MKR2015 #MKR,0,not_cyberbullying,,
Please record that &amp; put it in twitter,0,not_cyberbullying,,
a day of meetings. a day of notifications to catch up on. uh. will be doing so later. hit me up on other medium if it's an emergency.,0,not_cyberbullying,,
@ilhamfauzie lg on gk ya ? Sabar aja ya kl lg di bully . Tp hrz ttp senyumsemangat . Hehe :p . #kapan ya bisa dpet follback dr MS .. :(,0,not_cyberbullying,,
@TJM613 @NotAllBhas uh oxford comma is the *best* comma.,0,not_cyberbullying,,
HINIJOSA???  Ain't that's the nigga that fuck our schools up lol,0,not_cyberbullying,,
Oh Colin ?Ÿ˜œ?Ÿ˜ç #MKR,0,not_cyberbullying,,
@kaytheproblem same one.,0,not_cyberbullying,,
@girlziplocked @DoubleUnionSF not yet. I should.,0,not_cyberbullying,,
@GatchenhasMcFly imaginooo...ontem sofri bullying e ja foi sinistro,0,not_cyberbullying,,
@mutaSawwif Your crying is not about caring for humanity. It is simply propagandizing your agenda.,0,not_cyberbullying,,
sitting here crying watching #cyberbully lol im pathetic #judgeme,0,not_cyberbullying,,
@halalflaws @biebervalue @greenlinerzjm Some lying Imams put together a package of Taqiyya and wrapped it in a pretty pink bow to sucker you,0,not_cyberbullying,,
#mkr #paleo,0,not_cyberbullying,,
Lollerskates @Belfastscouse1 @YesYoureSexist why yes. And I can SEE you're a hysterical clown with a twitchy knee just waiting to jerk.,0,not_cyberbullying,,
Man I'm in such a pissed off mood right now :/ #soooILL,0,not_cyberbullying,,
"cant wait till next year, Carribean holiday \m/",0,not_cyberbullying,,
@alicejonessx what happened to it then? xxxxxxxx,0,not_cyberbullying,,
@morrall10 classic James morrall bullshit. Have to call u tommy p soon,0,not_cyberbullying,,
@RonBasler yes. I will be censoring the names.,0,not_cyberbullying,,
".@tarah @girlziplocked @hypatiadotca @justkelly_ok @ameliagreenhall when ur writing a book about WiT, it is prob not a good idea to do this.",0,not_cyberbullying,,
"Casper is on, yay, such a classic!",0,not_cyberbullying,,
@redambition YESSSSSS,0,not_cyberbullying,,
"@Love___Egypt @washingtonpost Start by reading the historian Will Durant.  His book ""Our Oriental Heritage"" describes the. Muslim invasion..",0,not_cyberbullying,,
@TheOmegaKira @slashdot doesn't look like I am.,0,not_cyberbullying,,
Top 5 Expert Tips to End Teen Bullying from Dr. Janell Dietz ~ What to Do if Your Kid is a Vi... http://t.co/oumg1p0 via @MommyLTLORiley,0,not_cyberbullying,,
"@PurplePotency dammit! Smh. Wellllll , i think i'll ne starving today around 7ish?? ^_^",0,not_cyberbullying,,
@GOLD_blues ' I anit had school today lilbruh .,0,not_cyberbullying,,
"@stimpyrules @sherirubin i don't think i'm going to be able to record, so if you could &amp; post to twitter, that would be awesome.",0,not_cyberbullying,,
#mkr the way kat looks at Annie is like she's stearing into her soul it's just creepy,0,not_cyberbullying,,
#Itreallymakesmemad when the rich bully the poor!,0,not_cyberbullying,,
@karolinecg La vem vc fazendo bullying comigo :( Vc abusa de mim sÃ? pq gosto de vc mimimi,0,not_cyberbullying,,
.@wadhwa is so convinced that we're all just misinformed. The same guy that didn't even read a twitter bio of a female dev criticizing him.,0,not_cyberbullying,,
@cheeseplus you're going to be in town? :D  yay!,0,not_cyberbullying,,
"So, just to save you all some time, BSD is my family. The only negative response GG ever received was from a non-dev.",0,not_cyberbullying,,
I won't bother you this few days or for a month. Take care. My BIS gonna die soon.,0,not_cyberbullying,,
"Those kids will never learn that every time they do something to harass me like this, more people learn about my work to stop harassment.",0,not_cyberbullying,,
"Read my response to ""Have you ever Been bullied at school?"": http://t.co/izEDL9q",0,not_cyberbullying,,
BBC News - Study finds third of teachers have been bullied online http://t.co/e7qbUUY,0,not_cyberbullying,,
@everymadness -.-idk hw to do...,0,not_cyberbullying,,
I really dislike Kat &amp; Andre. #mkr #firstroundexit,0,not_cyberbullying,,
"@mcmahoniel unfortunately, no. text filters are too high-risk.",0,not_cyberbullying,,
PS: Linux sucks. @tux_dapenguin,0,not_cyberbullying,,
@jusstJordan_ bully how u been livin !! lol,0,not_cyberbullying,,
"RT @rgay: That's the conversation that interests me, not how the haves write but how we can make it possible for the have nots to write @Naâ€?",0,not_cyberbullying,,
How Bianca puts up with Drasko is beyond me. #MKR,0,not_cyberbullying,,
Retail News: Bad call: Telstra accused of bullying http://goo.gl/fb/cKweg,0,not_cyberbullying,,
Promo looks promising. Pls say their absence means the #FauxFoodies R the 1st couple eliminated in the next round! UGH. #CantStandThem #mkr,0,not_cyberbullying,,
@dylanw heh. HEH.,0,not_cyberbullying,,
@TheRealSK_GNSD lol what's funny,0,not_cyberbullying,,
"Uh. This is what /angry looks like with undead. It's supposed to be fist in air, not slapping my own butt. http://t.co/YGzCldXqWQ",0,not_cyberbullying,,
Big Education Ape: End Homophobic Bullying? Michelle Rhee Speaks at Church Conference Despite Anti-Gay Allegations - http://t.co/XHVk7jw,0,not_cyberbullying,,
Loving this challenge  #mkr,0,not_cyberbullying,,
Bully taking my tracks out & I'm fallin to sleep,0,not_cyberbullying,,
At this rate will they ever make it to kitchen HQ? #mkr,0,not_cyberbullying,,
I'm so sick of Kat n Andre scraping through by their teeth. KICK THEM OFF THE SHOW! #MKR,0,not_cyberbullying,,
Breakfast is served!! Which team would you be heading for? #mkr #hungrycampers,0,not_cyberbullying,,
This idiot @raghav_chadha is still in politics .. He said he will quit Politics after Punjab results ... @aajtak  Ã Â?Â¸Ã Â?Â¬ Ã Â?Â®Ã Â?Â¿Ã Â?Â?Ã Â¥Â‡ Ã Â?Â?Ã Â¥ÂÅÃ Â?Âè Ã Â?Â?Ã Â¥ÂˆÃ Â?Â‚ Ã Â?ÂœÃ Â¥Â€,0,not_cyberbullying,,
RT @randi_ebooks: @Queer_Dalek @KaylinEvergreen @freebsdgirl you could just start an ebooks account just so i had more shit to argue with.,0,not_cyberbullying,,
#ebz Oh gather round me bully boys  And I'll zing you a zong  Of the windless waveless sunless Ze... http://t.co/mXNQLjV,0,not_cyberbullying,,
"Stories evolve and change to reflect lessons that society finds valuable. I think ""women are human beings"" is a lesson that needs learning.",0,not_cyberbullying,,
Colin is back! #MKR,0,not_cyberbullying,,
"Acho bullying chamar um movimento de retardado, Ã?",0,not_cyberbullying,,
Just bought my babe @SarahBarbosaa cookies to her class :*,0,not_cyberbullying,,
More people die of drug overdose/ perscription and car accidents than guns. They teach classes to kill people with bare hands.,0,not_cyberbullying,,
Drasko they didn't cook half a bird you idiot #mkr,0,not_cyberbullying,,
you disqualified shawty you disqualified,0,not_cyberbullying,,
#mkr Go ladies!!! Love the sound of the crackling!!!,0,not_cyberbullying,,
@Ksquare14 they simply said that they were well able to overcome them,0,not_cyberbullying,,
@BDSSupporter @AbbsWinston @Contrarian82 @AbbyMartin Liar. There were no Christian women.,0,not_cyberbullying,,
@LiberalPhenom @sullydish TRUTH! He is going mad!,0,not_cyberbullying,,
@asredasmyhair Isn't that their goal?,0,not_cyberbullying,,
bro i am so pro i can cook 2 minute noodles #mkr #moreprothanyou,0,not_cyberbullying,,
"@Loquori yes. although my funds are rather limited, so trying to find someone that has a spare. &gt;.&gt;",0,not_cyberbullying,,
"17 adolescentes por dia tiram suas prÃ?prias vidas, devido ao bullying. - â€º Reblog se vocÃª se importa. â€º â€º []... http://tumblr.com/xih3xsheeg",0,not_cyberbullying,,
me sinto um total nerd que sofre bullying (estilo americano) quando estou com crise de asma e tenho que usar a famosa 'bombinha' reughweir,0,not_cyberbullying,,
"RT @jaketapper: U.S. blogger, critic of Islam hacked to death http://t.co/juntMftODI - @RaviAgrawalCNN reports #TheLead http://t.co/yUoFMnzâ€?",0,not_cyberbullying,," Never comfort me with a lie\"" gud ni8 and sweet dreams"""
I hope #katandandre don't get kicked off,0,not_cyberbullying,,
"@louisescheid TambÃ©m achei tri bom, ainda mais que Ã© daqui! SÃ? que daÃ? teria que entrar naqueles papos de bullying que eu detesto...",0,not_cyberbullying,,
Mmm taste that bandaid flavour. #mkr,0,not_cyberbullying,,
To sofrendo Bully da @marianacouto10 @Isabellegioia @annaluizafss @joaop_duarte acho que so shausa so?aiai,0,not_cyberbullying,,
@KleptoKevin You should probably have your hearing checked. If higher frequencies have excessive volume to you you may have hearing loss.,0,not_cyberbullying,,
"Seriously don't understand how #thehobbit can be parted into three movies. It's barley one, if you compare w the lotr books.",0,not_cyberbullying,,
Little man starting a new daycare today so I played beans for him so he can be on his broad street bully shit #NCT,0,not_cyberbullying,,
"We mostly hear about harassment in the context of GamerGate, but that's a very narrow focus and not the real problem.",0,not_cyberbullying,,
"Amazon has selection, decent prices, overall good customer experience. but their user interface has been a hot mess for forever.",0,not_cyberbullying,,
"#mkr scoring is ridiculous. ""Liked 80% of it so only giving a 4"" #snakes",0,not_cyberbullying,,
@wtochetto kkkk' Jesus aprova o Bullying,0,not_cyberbullying,,
You've got to be fucking kidding me. @halletecco @wadhwa @Jason,0,not_cyberbullying,,
@asem_1994 Pact of Umar. http://t.co/VPpG4M9iV3 Should we make Muslims in the west live by such a pact in reverse?,0,not_cyberbullying,,
"+men are ""biologically hardwired to like it"", thanks for draining my faith in humanity for today",0,not_cyberbullying,,
".@cjn159u By ""it"" you mean unemployment, of course...",0,not_cyberbullying,,
Looking at comments marked as abuse on my site. That must be the problem! I have a hostile womb. http://t.co/eTGWAY6vHM,0,not_cyberbullying,,
@Somalsarwar @_Ibn_Latif ROFL. That's an A10 warthog hit by a SAM in 2003.  It made it home safely. You guys are really desperate.,0,not_cyberbullying,,
I don't know what goes longer - a @channel7 ad break or a joke told by that Texas dude on #mkr,0,not_cyberbullying,,
"@TooBadDJs I don't want to watch a film with just men in it. Oh wait, that's like every war movie, action movie, and dystopian future movie.",0,not_cyberbullying,,
"@LifeInKhilafah Loss of Kobane, Sinjar, corpses returning home will dry up recruiting. And Europe just doesn't have that many crazy people.",0,not_cyberbullying,,
@mellymel1155 lol you say picked on like their teasing abd bullying you... but I understand what you mean.,0,not_cyberbullying,,
@daarulislam_com Racism in Islam. http://t.co/c897nnkBMO,0,not_cyberbullying,,
@kinza504 An idiot converts to Islam. What is your point?,0,not_cyberbullying,,
#whatifazombie came on twitter and posted on @FleetingMoons timeline to stop posting stuff about himself and claims its bullying? Haha,0,not_cyberbullying,,
Keep it up VIC girls!! :D #mkr,0,not_cyberbullying,,
"Online harassment is something most people have faced at some point, regardless of their views on ethics in games journalism.",0,not_cyberbullying,,
@NattiComeau LÃ‡KSAÃ‡KDSALÃ‡KDSA tadiiiiiiinha. Sofri bullying por causa do 'oras bolas' nemri,0,not_cyberbullying,,
@Qoloob4 @Vandaliser @sajid_fairooz @IsraeliRegime I don't care about an idiot with an absurd opinion.,0,not_cyberbullying,,
"@MissLaMuerta Love it there, old school brunch goodness!",0,not_cyberbullying,,
@PeerWorker @EvvyKube @Spacekatgal @CBCRadioQ 'colleague' - we don't work together. collusion!,0,not_cyberbullying,,
RT @i_leota:RT @mykitchenrules: Do you agree with Colin's comments? #KillerBlondes #MKR @FourinHand RT:@.vid.http://t.co/zljQzqWscG,0,not_cyberbullying,,
Will Colin like the dessert???? #MKR,0,not_cyberbullying,,
RT @IndianExpress: Jordan targets Islamic State militantsâ€™ base of Raqqa on third day of air strikes | Read: http://t.co/nUW9Zxxu6O http://â€?,0,not_cyberbullying,,
Sucked in. Getting smashed by the drunk homeless man! #mkr,0,not_cyberbullying,,
"@Jizyacollector @Colonel_Shami2 YPG give their own positions.  Coalition would not bomb contradictory reports, microbrain.",0,not_cyberbullying,,
@ingyusarms All those things can be found in Islam's own Quran and Hadiths.,0,not_cyberbullying,,
Nothing can compare to going to sleep in his arms and waking up every morning next to him !,0,not_cyberbullying,,
@hannahmcialwain Sorry I dont know how to work twitter but you sould like on Fb Stand for the silent its a program to stop bullying,0,not_cyberbullying,,
"@MJB_SF sorry about the trolls. i've got that user blocked, but they tend to monitor my timeline. :\",0,not_cyberbullying,,
RT @YaakovLappin: Egypt threatens military strikes on Yemen Houthis (Iran-backed) if they threaten strategic Bab Al-Manab shipping lane httâ€?,0,not_cyberbullying,,
"@RJennromao All your followers need to read Masha Gessen's book, ""The Man Without A Face"" to understand what a criminal and thug Putin is.",0,not_cyberbullying,,
The only thing sneakier than a meatball sandwich is a BBQ pork sub.,0,not_cyberbullying,,
"A few people poked me yesterday, but I was up to my eyeballs in meetings. Responding later this morning.",0,not_cyberbullying,,
To sofrendo bullying da minha internet,0,not_cyberbullying,,
@pNibbler @AlterNet @MaxBlumenthal Good night.,0,not_cyberbullying,,
Some people need to get off the computer and get a life and stop bullying people!!!,0,not_cyberbullying,,
@parveen_n @YouTube This is what you should learn about #Islam and #Muslims. http://t.co/ZLiSomON1p,0,not_cyberbullying,,
@mutaSawwif Wrong. To stop human lives from being taken by ISIS it is necessary to kill them.,0,not_cyberbullying,,
Un poco de bullying en la odontoma,0,not_cyberbullying,,
@jeff_gluck  Exactly what I'm talking about. BULLYING is FROWNED upon these days. Pull your head out of your ass and take a look around!,0,not_cyberbullying,,
RT @KateFoxy: Kat and Andre can fuck right off. #MKR,0,not_cyberbullying,,
@lilbeastunleash who knew that was how to do it! #MKR,0,not_cyberbullying,,
i'm happy when life hands me lemons. can't do shots of tequila with artichokes. #MKR ?Ÿç´ #KillerBlondes,0,not_cyberbullying,,
@telsuiza hahaha xD bully ka lng tlga eh :)) =)),0,not_cyberbullying,,
"Apart from Ash and Robert, I'd pretty much forgotten about the rest of them. #MKR",0,not_cyberbullying,,
@MikePrysner This man is a liar.  You can find YouTube interviews with the leaders of all Ukraine's groups.  None are neo Nazi.,0,not_cyberbullying,,
LMFAOOOOO! Hell yeah Sprint is terrible. https://t.co/pHJXjyOijc,0,not_cyberbullying,,
"See, now we're both complaining about things that don't exist.",0,not_cyberbullying,,
"@jihadi_11 @Sheikh_Times3 Furthermore, the entire world knows that 80% of all civilian death in Afghanistan are by Taliban.",0,not_cyberbullying,,
@Skawtnyc @a_man_in_black @ChrisWarcraft I'll contact KS directly using my social network.,0,not_cyberbullying,,
"Dammit, not Kat/Andre #MKR",0,not_cyberbullying,,
NÃ£o Ã© bullying se eu te quebrar inteira e dizer que estava brincando de jogos mortais. http://t.co/LUAfBdH,0,not_cyberbullying,,
@alphadogg__ E depois vocÃª sofreria bullying facilmente tambÃ©m... PÃµe alphadog :),0,not_cyberbullying,,
OMG MY FIRST DICTIONARY DEFINITION TROLL &lt;3 &lt;3 &lt;3,0,not_cyberbullying,,
RT @ParaKeta: 16 more villages around #Kobane have been liberated in YPG/YPJ operations launched yesterday evening #TwitterKurds http://t.câ€?,0,not_cyberbullying,,
@manufeildel I love that tie!! #MKR,0,not_cyberbullying,,
"RT @BlackGirlDanger: Re LRT: If you're a cishetdude ask yourself this question today: ""what if I just shut the fuck up?""",0,not_cyberbullying,,
It really doesnt matter who wins the NL tonight since Detroit Tigers are gonna smash whoever they play.,0,not_cyberbullying,,
And the oxygen masks fall down from the ceiling #mkr,0,not_cyberbullying,,
You aren't alone in this. You're never alone in this.,0,not_cyberbullying,,
RT @KBDeuce4: Terrible way to go out but y'all had one hell of a run @OregonMBB #GoDucks,0,not_cyberbullying,,
RT @keithwgreen: Colin..SHAMPOO YR HAIRRRRR #MKR,0,not_cyberbullying,,
Use ketchup #mkr,0,not_cyberbullying,,
Colin bringing the zings to the table #mkr,0,not_cyberbullying,,
Nuttin ain't gonna happen to my nigg she can hold herself. My nigga Beebs yana,0,not_cyberbullying,,
"@archnerdian @jokereplica @KarlreMarks They should have killed the guy, just like ISIS would have done in a similar situation.",0,not_cyberbullying,,
"@DennisCEarl :P  OAPI. coverage in wsj, venturebeat, more. good mention here. http://t.co/UmdK2gubtg",0,not_cyberbullying,,
Where the weetbix?!! #mkr,0,not_cyberbullying,,
"@LifeInKhilafah So they are loosing more than 36,000 per year. The Peshmerga guess was an overestimate and included future draft from Mosul.",0,not_cyberbullying,,
@MelBiebs69 @haroonstyles @halalflaws @greenlinerzjm @biebervalue Don't feed me propaganda. Tell me what 33:33 says.,0,not_cyberbullying,,
Yeah Ash &amp; Camilla. #mkr #mkr2015,0,not_cyberbullying,,
"My work ethic this semester is awful, how the hell am I gonna motivate myself to work on my MRP this summer",0,not_cyberbullying,,
RT @trish2295: I'm done - won't bother with the rest of this pathetic shit show #mkr,0,not_cyberbullying,,
Mondays at home&gt;&gt;&gt;&gt; Mondays in school .,0,not_cyberbullying,,
RT @the_red_heifer: Holy fuck another Instant Restaurant round? Give it a fucking rest you gluttonous cunts #mkr,0,not_cyberbullying,,
@_Somanxx okeey â™¥,0,not_cyberbullying,,
@JihaTweAnbarwea So the picture could be from anywhere in the countryside and cannot be confirmed to be from Kirkuk.,0,not_cyberbullying,,
Massimo Boturra is now crying bitter tears about their deconstructed lemon tart.  #mkr,0,not_cyberbullying,,
"These guys finally exhausted themselves. Yay, quiet time. http://t.co/dpPo0xMiDu",0,not_cyberbullying,,
"@MetroidThief hahaha, the only anime wall scroll I own is from Lain :)",0,not_cyberbullying,,
Hoping Vicky and Celine to go sudden death 100% #MKR,0,not_cyberbullying,,
and you thought Annie and Lloyds was bad #KatandAndre #MKR,0,not_cyberbullying,,
"Also, wow, that editing is doing a NUMBER on Kat. She's cast as #MKR's answer to Lance Armstrong and Mussolini, mixed together in a bake.",0,not_cyberbullying,,
@Aldag_Levi I love how you were paying attention during morning meeting(;,0,not_cyberbullying,,
RT @benpobjie: â€œEveryone underestimated us. They didnâ€™t expect us to only be mediocreâ€ù #MKR,0,not_cyberbullying,,
Mmmm thinking about #MKR maybe I could start to see an addiction forming #ILoveFood #Delicious #Foodie,0,not_cyberbullying,,
"So it would auto-unmute after N hours, or whatever.",0,not_cyberbullying,,
"Likewise with past years, #mkr will be going off air for a week over Easter.",0,not_cyberbullying,,
Ugh kat and Andre are so annoying #mkr,0,not_cyberbullying,,
"Read my response to ""VocÃª jÃ¡ sofreu bullying?"": http://t.co/Hy6LJLT",0,not_cyberbullying,,
@Luislinanglz no creo bully! cada quien tiene su historia y el porque lo dice jaja :/,0,not_cyberbullying,,
"@bobjinx @schlafman What if oxygen is poisonous, but it takes 80 years to kill us?",0,not_cyberbullying,,
RT @iknowaboutstuff: Update: ripped this passive aggressive bullshit the fuck down. @YesYoureSexist @iHollaback @hollabackvan http://t.co/fâ€?,0,not_cyberbullying,,
@DerekBisaccio @LinaKhatibCMEC Another dumb article. The stretching that this writer does to find positives in the loss of Kobane is silly.,0,not_cyberbullying,,
@incredaBELLE Yeah we just exchanged waves and smiles.,0,not_cyberbullying,,
@MaxMayo77: http://t.co/3Jk4kR44X3 a pissed lad past out. I would lick his dirty soles while he slept.,0,not_cyberbullying,,
I feel like making pancakes #MKR,0,not_cyberbullying,,
Mercy is a joke with all these shadows...,0,not_cyberbullying,,
RT @esilver829: @MT8_9 This is dangerously accurate,0,not_cyberbullying,,
"I'm talking about people that take an active stand to say they want to create solutions for harassment, but do nothing beyond get RTed.",0,not_cyberbullying,,
"@BreakingNews not normally in agreement with this regime ,but This doesnt leave a nasty taste",0,not_cyberbullying,,
"Uh, can the call to ashran noise please be a little louder?",0,not_cyberbullying,,
naga don't go,0,not_cyberbullying,,
At least you understand that woman != conventionally feminine @smalltownAbbey I would love to see all women embrace femininity. #notsexist,0,not_cyberbullying,,
"On twitter, you don't know who you are talking to. - oh, this woman couldn't be a software dev. oh lordy.",0,not_cyberbullying,,
"RT @a_man_in_black: If you want to report Rogue for doxxing and harassing people, use the ""report to Kickstarter"" link at the bottom. httpsâ€?",0,not_cyberbullying,,
Nikki you should've changed the ballet flats for a pair of stilettos #catwalk #mkr,0,not_cyberbullying,,
@Tonkiel sofrendo bullying! Deve ser cousa do #CARLOS,0,not_cyberbullying,,
@J_Birt94 And yet you felt the need to tweet this drivel,0,not_cyberbullying,,
Rosti on a sandwich press? It's either Genius or Retarded #MKR,0,not_cyberbullying,,
"Did anyone else see that the livers were called ""Mains"" via the onscreen graphics #Entree #MKR",0,not_cyberbullying,,
How on earth can you F UP couscous the first time? You can't beat the @jamieoliver method of double liquid #MKR #killerblondes,0,not_cyberbullying,,
@RichardDawkins @Adriano_Mannino I'm still trying to figure out how the experience of the color red is related to brain cells firing.,0,not_cyberbullying,,
Only 2 more days of driving school ?Ÿ™è,0,not_cyberbullying,,
RT @DanielleVLee: Colin is obviously malnourished from their cooking cause he sounds delirious. #MKR,0,not_cyberbullying,,
@james19XX You should examine your personal reasons why one gender 'looks weird' doing an activity as gender-neutral as bike riding.,0,not_cyberbullying,,
Everyone's face at the table on hearing Kat's strategic scoring delusion. #mkr http://t.co/AAD4CvgkJg,0,not_cyberbullying,,
That wass my babee / BULLY ! ( :,0,not_cyberbullying,,
@Faythemage @motavate i love those too much. TOO MUCH.,0,not_cyberbullying,,
I have a stomach ache.,0,not_cyberbullying,,
@abunaseeha2 ROFL.,0,not_cyberbullying,,
She Need 2 DM Me But She In School ( I think),0,not_cyberbullying,,
agora Ã© jessie j sobre bullying,0,not_cyberbullying,,
@Sanaa_Amir made my Monday larki,0,not_cyberbullying,,
"RT @IronFalcon77: 21-01-2015 Peshmerga hitting ISIS on major Offensive to reach Mosul, Goo...: http://t.co/s5UueosqAT via @YouTube",0,not_cyberbullying,,
@brandy3219 pretty much :p I miss you!!!,0,not_cyberbullying,,
Hope you do okay XD Looks like youll do good Darn I want a lemon tart now :/ #killerblondes #MKR,0,not_cyberbullying,,
Once again Kat and Andre make it through again! Which #MKR producers dick did they suck to get through? I'm fucking HATE them!,0,not_cyberbullying,,
#YES I'm already making plans,0,not_cyberbullying,,
IM REALLY SAD THAT IM NOT THERE,0,not_cyberbullying,,
"@SuperSpacedad most of tech doesn't really know about gamergate and doesn't care. In a bigger sense, gamergate has no importance.",0,not_cyberbullying,,
@dogaaraujo procura bully de eminem...,0,not_cyberbullying,,
@KSlackie will do tomorrow.,0,not_cyberbullying,,
RT @shanemadden: @freebsdgirl It's about ethics in controllers on dogs. http://t.co/oYgB4cLN9W,0,not_cyberbullying,,
@WilliamShatner @steve_markham watching someone with 1k followers explain Twitter to you has been the highlight of my past 15 minutes.,0,not_cyberbullying,,
@ReckLessNprada girl I don't even know you so what was the point of tweeting me?,0,not_cyberbullying,,
My face every time I hear or see Kat....hope it don't get stuck,0,not_cyberbullying,,
"I think best song in the world is eagle-hotel califoniya( 1994-04-25,26)",0,not_cyberbullying,,
wow... Rick is merciless! #TheWalkingDead,0,not_cyberbullying,,
@halalflaws @biebervalue @greenlinerzjm It's blazingly obvious that all you kids have been hand fed your opinions about Islam by some Imam.,0,not_cyberbullying,,
I will not be using killer blondes as a hash tag! #MKR,0,not_cyberbullying,,
Is #mkr turning into #masterchef,0,not_cyberbullying,,
@ZhanaelDaiche http://t.co/888ioKZaPg,0,not_cyberbullying,,
Nah nah nah-nah...hey heeeeeyyyyy..... Katie &amp; Nikki #MKR,0,not_cyberbullying,,
"Reasons to vote for obamaaa, he's got mine ?Ÿ‘ç?Ÿ‘Œ?Ÿ‘è @barack obama http://t.co/0QbSX9g3",0,not_cyberbullying,,
"@DiscordianKitty I kinda laughed at the pic, gotta admit",0,not_cyberbullying,,
Kat the Rat,0,not_cyberbullying,,
Just have to go through my two most boring classes of the day and I'm doneeee,0,not_cyberbullying,,
"@truaemusic Hey, there are only 24 hours in the day. You attack Kim Jong UN and I will give you lots of favorites.",0,not_cyberbullying,,
Don't understand how bad sportsmanship can be condoned by #mkr #strategicscoring,0,not_cyberbullying,,
"Hoje, 17 adolescentes vÃ£o tirar suas prÃ?prias vidas, devido ao bullying. - â€º Reblog se vocÃª se importa. â€º â€º... http://tumblr.com/x4h3xmk6hq",0,not_cyberbullying,,
Are you effing kidding me???? Talk about #JumpingTheShark #MKR,0,not_cyberbullying,,
#iwishyouwouldturnmedown and you be waitin on a ride to Bully every friday,0,not_cyberbullying,,
What is going on with Ems &amp; Shez?! #MKR sudden death beckons.,0,not_cyberbullying,,
"Men joke about rape: ""It's just a joke! Women have no sense of humor!"" Women joke about consensual sex: ""Women are too raunchy! Not funny!""",0,not_cyberbullying,,
@dhaminitee I love you PNC!!!!!,0,not_cyberbullying,,
"RT @mykitchenrules: PUNtastic, Colin! #mkr #hungrycampers http://t.co/8RDBv9QFjP",0,not_cyberbullying,,
RT @TVWEEKmag: What do you think of the new judging combo? Is this the start of a beautiful bromance? #manuwho? #MKR #tvweekmag http://t.coâ€?,0,not_cyberbullying,,
"@samred no rush or anything. like i said, it's been up for a while. i just noticed, though. :)",0,not_cyberbullying,,
"@KKhanMarwat *dies laughing* You realize most men can't cook and clean for themselves, right?",0,not_cyberbullying,,
"@TheeEmarati good â™¥,â™¥",0,not_cyberbullying,,
@AdnanSadiq01 @PTISalarKhan @georgegalloway LOL. So you came up with a conspiracy theory for one and approved all the rest? Brain Dead.,0,not_cyberbullying,,
@tomdcc accepting pull requests for better ideas that don't violate pseudonymity/privacy. &lt;3,0,not_cyberbullying,,
"RT @loopnotdefined: @wadhwa @freebsdgirl Yeah, ""women in tech"" is becoming ""radicalized"" because men are losing ground on it. THE HORROR.",0,not_cyberbullying,,
@Spacekatgal @danielpunkass BITCH I AM END BOSS. :P,0,not_cyberbullying,,
#confessionnight i'm friends with no one I use to be with back on middle school. #idgaf,0,not_cyberbullying,,
As a female you owe it to your mom and your future daughters to always conduct your self in a very classy way. It's just different now days,0,not_cyberbullying,,
"Whether life's disabilities, left you outcast, bullied or teased,rejoice and love yourself today, 'Cause baby, you were born this way",0,not_cyberbullying,,
RT @PatrickLenton: @PatrickLenton while bandits and dragons still attack my dog while i'm bloody mining ore and building a goddamn solariumÃ¢Â€Â?,0,not_cyberbullying,,
Now I'm going to have to make a lemon tart next weekend #MKR http://t.co/vaEs1SfX30,0,not_cyberbullying,,
I'm soo loving the show @mykitchenrules #mkr #lovingit #melbourne #gatherthepack,0,not_cyberbullying,,
"LRT: God, yes. Social media staff is straight out of a Simpsons or other dystopian parody.",0,not_cyberbullying,,
"RT @avenueminga: Pete Evans ""make your own baby formula"" may be fatal for babies #MKR  http://t.co/ILmbcbPvgy",0,not_cyberbullying,,
@pepe_auth llama a hacer un funeral digno a la concertaciÃ?n. lo escribÃ? hace 2 meses y fui vÃ?ctima de Bullying,0,not_cyberbullying,,
The older you get in Highschool the more times a week you wear sweatpants #forrealthough ?Ÿ‘Œ?Ÿ‘ ?Ÿ‘—âùŒ,0,not_cyberbullying,,
"I can't believe I slept at 6 this morning , yeah I'm officially fucked for school.",0,not_cyberbullying,,
@djosephj No sweat.,0,not_cyberbullying,,
Muz's Kitchen Rules #MKR  http://t.co/wFpjjQy6Fa,0,not_cyberbullying,,
"Jangan ganggu gue lagi, atau jangan salahin gue kalo follower gue bully elo! #NolakBalikan #AncamanSelebTwitter #combo",0,not_cyberbullying,,
"untuk anak 2010 yang jadi panitia, tolong cariin @sariaddicted anak ini pendampingnya siapa ya, kalian bully habis""an gpp kok :D",0,not_cyberbullying,,
Don't mind me tearing up when I hugged my nephew tonight - I just couldn't imagine him never coming home from school!,0,not_cyberbullying,,
"I'm not at GDC today, but I'll be there tomorrow. ;D",0,not_cyberbullying,,
@haniff_azman yes.,0,not_cyberbullying,,
I don't like wishing ppl bad luck but gosh I really dislike Kat and Andre. Much worse than tennis man! #mkr,0,not_cyberbullying,,
I watched #MKR tonight...  Kat and Andre should be disgusted with themselves...  Uncalled for on so many levels...,0,not_cyberbullying,,
i don't know because i had everyone else on that thread blocked. but i'm am loling so hard right now.,0,not_cyberbullying,,
@RachaelManleyTB do you go to city college?,0,not_cyberbullying,,
"@Silus_Templeton @trishesdishes Uh, no.",0,not_cyberbullying,,
And why is NBA 2K15 in my steam library? I would *never* buy that game.,0,not_cyberbullying,,
@DaniDaniDaniii1 with spinich - who doesn't love spinich! #mkr,0,not_cyberbullying,,
Chicken livers. Do they have chianti? #hannibal #mkr2015 #mkr http://t.co/bYp2nqMtO1,0,not_cyberbullying,,
"@hassanfarias O problema Ã© que hoje em dia as pessoas confundem crÃ?tica, ou simplesmente falar a verdade, com bullying, aÃ? fica difÃ?cil.",0,not_cyberbullying,,
"Calling someone sexist = worse than sexism. I'm glad of the daily allotment of male tears, though, they keep my skin fresh and dewy",0,not_cyberbullying,,
@EmRad25 @n1cksanch3z omg!!! I know he's so sexy!!! ?Ÿ˜˜?Ÿ˜ç,0,not_cyberbullying,,
"@MelCtyRevsLUFC Wow, way to use the oppression of women to make a cheap, tired joke. No one thinks you're funny OR interesting.",0,not_cyberbullying,,
I wpuld've given Katie and Nikki a high score just to get rid of Kat and Andre #mkr,0,not_cyberbullying,,
"@Clashoftherats Nope, I know people who read Arabic and I have four different translations. You are lying.",0,not_cyberbullying,,
@NazHussain26 trus me ya aint been were a am a jus got owta hospital aswel,0,not_cyberbullying,,
Anyone have tips as to how I can get out of school mode? I'm at it with the Wine and Physics book again...and a math book these S are hard!,0,not_cyberbullying,,
"Also started Bully: Scholarship edition today... Ok game. It's definately got the fun factor, can see it getting old quickly.",0,not_cyberbullying,,
Thanks to everyone that came out to walk with us and San Benito Bully dog  group. :) It was a fun time. Especially... http://fb.me/UXFergCy,0,not_cyberbullying,,
"@WeBieberArmy would u wanna help with a Demi support/ stop bullying video?(: you don't have too, just asking! &lt;3",0,not_cyberbullying,,
@edgeofthesandbx @batchelorshow @FearDept The entire Russian propaganda machinery was used to sell Maidan as something it was not.,0,not_cyberbullying,,
"acho bullying esse dia dos pais, me sinto totalmente ofendida.",0,not_cyberbullying,,
@simonpegg isn't the whole mag just bullying?! It's like a bitch you can keep in your handbag,0,not_cyberbullying,,
Meu cÃ©rebro faz bullying com o meu coraÃ§Ã£o! http://t.co/6QLEWwZ,0,not_cyberbullying,,
When your friend dose something stupid #classic,0,not_cyberbullying,,
Watching the ant bully,0,not_cyberbullying,,
@edgeofthesandbx @batchelorshow @FearDept The Russians murdered 50 times as many.,0,not_cyberbullying,,
On point: http://t.co/eYA8Nm9jK4,0,not_cyberbullying,,
THIS FUCKING POTATO IS BLOWING MY MIND. Duck fat. You guys. FIGURATIVELY DYING OF BLISS. http://t.co/EKWnULLxjc,0,not_cyberbullying,,
@halalflaws @biebervalue @greenlinerzjm I read them in context.No change in meaning. The history of Islamic slavery. https://t.co/xWJzpSodGj,0,not_cyberbullying,,
"The desire to say something mean, to gossip, to complainâ€”to just somehow get rid of aggressionâ€”is like a tidal wave. Chodron",0,not_cyberbullying,,
"If you don't like you me at six then we cannot be friends. don't socialize with me, don't touch me. DON'T EVEN LOOK AT ME ok.",0,not_cyberbullying,,
Gunna be exciting this Saturday couple of Stanek boys going head to head @estanek17 make sure your spikes are tied it might be a shoot out.,0,not_cyberbullying,,
The moment when your teammate told you the wrong time to show up at the school and you got there to early and Im probably gonna get CT again,0,not_cyberbullying,,
I'm chillin till I go back to school... Too much goin on,0,not_cyberbullying,,
"#mkr If I had immunity, I'd cook poo sausage.",0,not_cyberbullying,,
"#tÃ?picodenacos escribir ""bulling"" en vez de ""bullying"" jaja #merÃ?odemimisma",0,not_cyberbullying,,
@brookemarielane Haha!  Ditto!  I'm actually posting a pumpkin recipe this week.  #CantGetEnough!,0,not_cyberbullying,,
Retweet if you arent coming to school tomarrow :),0,not_cyberbullying,,
RT @nukacola11: Best way I could describe Islam: #ShariaFree2016 http://t.co/WTnXnAW6Du,0,not_cyberbullying,,
Annie &amp; Lloyd are serving leftover dinner for breakfast. Why? #mkr,0,not_cyberbullying,,
Melon tutorial to stream and dld: httÃ¢Â€Â?,0,not_cyberbullying,,
Dealing with harassment | http://t.co/t8hK7OsZLi http://t.co/yGokd1PaIf,0,not_cyberbullying,,
With flaaash uno and bully..finna smoke,0,not_cyberbullying,,
@BDSSupporter Did you just get that brain out of a cracker jacks box? http://t.co/kRaFx37dXb,0,not_cyberbullying,,
@Marvriky class of 83 in the house?,0,not_cyberbullying,,
@OneLegSandpiper @DblBlackDs That was incoherent. Try again.,0,not_cyberbullying,,
"@ummayman90 Richard II is nobody's prophet, microbrain.  And you can't excuse the crimes of Islam using others crimes.",0,not_cyberbullying,,
"Hey everyone, besides being an amazing start to the week (the weather for one!), we are exactly a month away from Thanksgiving! Huzzah!",0,not_cyberbullying,,
"Me, on the right, watching the morons &lt;grrr&gt;",0,not_cyberbullying,,
@DestrossGX @KayinNasaki @tehrebound that's a hoax.,0,not_cyberbullying,,
"@OrgulhoPedroN Af que bullying, meu pai Ã© um animal , mas nao precisa jogar na cara naum '-' Sua chata ...era um animal ?kkkkkkkkkkkkkkkkkkk",0,not_cyberbullying,,
RT @BanningTheBurka: #BanTheBurka http://t.co/kfRyRp1ICt,0,not_cyberbullying,,
Jedward Takes Stand Against Bullying In Powerful Campaign: A caption discouraging bullying and encouraging toler... http://bit.ly/mYCx1n,0,not_cyberbullying,,
#MKR For all you pissed about Kat getting through - just think of the twitter fun we are going to have at her expense next round!,0,not_cyberbullying,,
"From the looks of my Twitter feed this morning, @rosie made herself relevant for the first time in yrs by saying something majorly fucked up",0,not_cyberbullying,,
"@dsmyxe @PolitiBunny when you have that many followers, you know precisely what happens.",0,not_cyberbullying,,
@sam_taverna no way,0,not_cyberbullying,,
@tarah @girlziplocked @hypatiadotca @justkelly_ok @ameliagreenhall he's a weasel. You fell for it. You're throwing *me* under the bus.,0,not_cyberbullying,,
@SexKittenParty White feminists need to focus on calling out men in a HIGHER position of power than themselves. Let's keep focus here.,0,not_cyberbullying,,
i always get thoughts of ppl running up to me,0,not_cyberbullying,,
Hope the suprise isn't eliminated contestants get to cook off for a chance to return! #MKR,0,not_cyberbullying,,
"Seriously, though. I'm still pretty upset about Leonard Nimoy.",0,not_cyberbullying,,
YEAH VICTORIA #MKR,0,not_cyberbullying,,
@AnthoBuzzTV pretty sure they're Channel 7 stooges designed to get the twitterverse fired up. Seems to be working #mkr,0,not_cyberbullying,,
"@MikePrysner No, you are a liar.  They are not neo Nazi groups, idiot.  That is pure propaganda from the Putin media.",0,not_cyberbullying,,
All a girl really wnt is for ya to keep it real be loyal nd faithful to dem be there for dem hold dem dwn nd let these hoes knw ya taken,0,not_cyberbullying,,
"High school is flying, were almost 2/3 of the way done with sophmore year. Wow. #ClassOf2015",0,not_cyberbullying,,
apa atuh apaaa euy apaa ? minta di bully ? iya ? sinisini :d,0,not_cyberbullying,,
@onebrightlight github has been great for that. love them.,0,not_cyberbullying,,
Deconstructed lemon tart #mkr http://t.co/0lVCVGN6fo,0,not_cyberbullying,,
Fourth Circuit Court Upholds School Discipline Of Student For Internet Bullying http://ht.ly/670ev #bullying #sm #schools,0,not_cyberbullying,,
no boy asks you out,0,not_cyberbullying,,
"This whole Harper Lee thing kind of grosses me out. So, her sister died, and it sounds like everybody is taking advantage of her.",0,not_cyberbullying,,
"If Tony &amp; Lynn are eliminated, they should just burn the set like the house in What's Eating Gilbert Grape? #MKR",0,not_cyberbullying,,
Hit the snooze button 5 times this morning. I think I broke my own record.,0,not_cyberbullying,,
Favourite (and cutest) review so far! Yummy! Yummy! Yummy! #mkr #hungrycampers,0,not_cyberbullying,,
@dankmtl @AAlwuhaib1977 @PeaceNotHate_ And you are a Nazi redneck with a deep love of fascism. http://t.co/3U6t4jnsLX,0,not_cyberbullying,,
"@cinemassacre I was a fan of the AVGN series until you decided you absolutely needed to use the phrase ""raping your favorite films."" Bye.",0,not_cyberbullying,,
"Just told @antoniosmith94 about his ninja celebration being on the #BATTLEDRINK board. His reply: ""Thats cool. I like to get people licked.""",0,not_cyberbullying,,
Gotta get home to watch #mkr,0,not_cyberbullying,,
#prayforlynn&amp;tony #mkr,0,not_cyberbullying,,
Headed Back to the Valley which means Back to Reality,0,not_cyberbullying,,
"RT @MolksTVTalk: Tonight's dessert is called ""Remains of the Day"". #MKR",0,not_cyberbullying,,
RT @marsadirq: â€œ@ammaraltahan: #Daesh destroys another church in #Mosul #IRAQ.  #IS #IslamicState #ISIL http://t.co/mGsC2IgcWoâ€ù#DeadlineDay,0,not_cyberbullying,,
#MyWishIn2013 to do better in college and not fail my exams :/,0,not_cyberbullying,,
@cxarli nope. I had to manually block her.,0,not_cyberbullying,,
Thank god. Now the real show can start! #MKR #MKR2015,0,not_cyberbullying,,
RT @Setarehgan: Is there any difference between #Iranian regime &amp; #ISIS? (Daesh) #Iran #IranTalks #irantalksvienna #News #USA #UK http://t.â€?,0,not_cyberbullying,,
@Schmeegs17 duh you have to learn the tricks of the trade!!,0,not_cyberbullying,,
"#MKR Step away from the Kat, kids...for your own safety.",0,not_cyberbullying,,
I hope Colin tears Kat and Andre a new one!!! #mkr,0,not_cyberbullying,,
"Having a high level of toxicity in your community can lead to more serious cases of harassment and abuse, so we need to tackle this head on.",0,not_cyberbullying,,
"TEAMSTRIZZ.COM"" Check this video out -- @Big Bully Streetz ""Gon Do Ya Hustle"" http://t.co/V8hA4YL via @youtube""""""""""""""""""""",0,not_cyberbullying,,
@MelBiebs69 So when Taliban make women stay home and wear Burquas are they not implementing 33:33?,0,not_cyberbullying,,
"@AlMonitor And if Daesh loose half their forces to air strikes while taking small villages, to say, ""not weakened"" is absurd.",0,not_cyberbullying,,
RT @brendensparks: @freebsdgirl It's like somebody juggling knives who won't take responsibility if one of them hurts an onlooker.,0,not_cyberbullying,,
Yo /baph my address was never even that apartment. Why are you so dumb? ?Ÿ˜œ https://t.co/usngQfjkjo,0,not_cyberbullying,,
"@LifeInKhilafah Since both the Daesh and your prophet murdered women and children, you are talking like a hypocrite.",0,not_cyberbullying,,
Then I can finally drive to school,0,not_cyberbullying,,
'pls vote for us for making u line up for 45mins' #mkr,0,not_cyberbullying,,
"@stevenamoney And they're both good additions, although quiet lately. 3D know the business. Bully is a great heel, and Devon got buff!",0,not_cyberbullying,,
".@carolinesinders email vid to randi@randi.io, share on Dropbox, Amy file share service, whatever you prefer.",0,not_cyberbullying,,
"@SaneMommy Thanks! It should be extra fun since I'm running my friend, @BusyBell2boys!  I'm excited!  @SunDrop",0,not_cyberbullying,,
"@daprast @piulinfection @sipidkiller @miftakhair | MasMamah , mohon bimbingan sipid di kota org, sekiranya dia nakal, di bully aja",0,not_cyberbullying,,
@Pass_The_Mike_ Which is a problem today. You cant say you are a Christian but enjoy what God hates.,0,not_cyberbullying,,
@xCarLan Protecting Shias from ISIS doesn't include beating Peshmergas to death.,0,not_cyberbullying,,
@mykâ€?,0,not_cyberbullying,,
#tech,0,not_cyberbullying,,
@plrdirectory Another #plr provider discovery - thanks for the connection!,0,not_cyberbullying,,
"@Criistii_98 Si no hay Bullying, es porque no hay cariÃ±o! x",0,not_cyberbullying,,
RT @xor: Closing arguments today in the Silk Road trial. @sarahjeong and @susie_c are on it. http://t.co/I0rovjHgVp http://t.co/c1Rayuog34,0,not_cyberbullying,,
RT @YumchaAddict: mmmm Chinese Snack @lisamromano @garydlum @doriangray05 @heidi_han @mattsparks88 @binksterb #MKR mmmm http://t.co/epKwLmrâ€?,0,not_cyberbullying,,
"I can't believe I'm using this word without irony, but this is setting up to be disruptive as heck.",0,not_cyberbullying,,
"meredith - ""mr wadhwa, i would love to broadcast this entire interview the way it is.""  DEAD SILENCE FROM WADHWA.",0,not_cyberbullying,,
"Cyber bullying and sexting a growing trend among teens: Students across the county are back in school this week,... http://t.co/L5u4q6W",0,not_cyberbullying,,
Got accepted to my first college!,0,not_cyberbullying,,
@limbclock i wouldn't do that.,0,not_cyberbullying,,
"If 2 #mkr contestants were to be ousted by Kat &amp; Andre's unfair score, Nikki &amp; Kate were the right ones. Didn't cook well, almost as bitchy",0,not_cyberbullying,,
"Just put them all in a ring, give them some boxing gloves, and watch it all play out from there. #MKR",0,not_cyberbullying,,
This is french!,0,not_cyberbullying,,
@substerrr I can ask you the same question about your tweet.,0,not_cyberbullying,,
@MaDaSaHaTtEr_17 @buttercupashby http://t.co/PmJZ413Eza,0,not_cyberbullying,,
Jus a lot goin on at once lol,0,not_cyberbullying,,
"Oh man I used focus twice. Don't tweet at 4 am on your way to the airport if you want to maintain your linguistic integrity, kids.",0,not_cyberbullying,,
"@a_little_opus Treating women like trophies, the shinier the better! Totally not sexist.",0,not_cyberbullying,,
"I have learned that pleasing everyone is impossible, but pissing everyone off is easy and funny as fuck!! #lovethatshit",0,not_cyberbullying,,
"@tpstigers as someone that went from ~4k followers to what i've got now, i've seen a huge difference.",0,not_cyberbullying,,
"O menino admitiu que foi vÃ?tima de bullying, e pra chamar atenÃ§Ã£o, criou essa histÃ?ria se declarando nazista e que mataria todos",0,not_cyberbullying,,
"RT @harikondabolu: Hey @BobbyJindal, here's my response to your accusation of being ""obsessed with race."" http://t.co/oD0fMFvHat",0,not_cyberbullying,,
"â€œ@UberFacts: KFC Japan has created a fried chicken keyboard, mouse, and USB drive.â€ù #asian @TomCatKiefer",0,not_cyberbullying,,
@ThatJesusS do you know this person? i don't generally promote fundraisers for legal fees for people i don't know/haven't talked to.,0,not_cyberbullying,,
Quem mais sofre bullying: - â€º ( ) Loiras burras. â€º â€º ( ) Nerds. â€º â€º (X) O nÃºmero â€œ24â€ù da chamada. http://tumblr.com/xob3xk4pmc,0,not_cyberbullying,,
@DopeConnection WHAT ! He don't deserve no reward he a bully ? Lol I what I get then !,0,not_cyberbullying,,
It kinda sucks.,0,not_cyberbullying,,
"@PeerWorker @EvvyKube Nope. You keep saying that, but we both know you're lying. Show me where I called you stupid.",0,not_cyberbullying,,
Eugh piss off kat #mkr,0,not_cyberbullying,,
@HighKush420 Looks like Cracker von Patriarch is at it again,0,not_cyberbullying,,
Meatballs and veggies for breakfast??? Uh no thanks #MKR,0,not_cyberbullying,,
Like when @GMShivers said that only industry newbies believed sexism existed. Or when @JennofHardwire sends her harassment squad after ppl.,0,not_cyberbullying,,
"I'm laughing, Kat and Andre laugh at Annie and Lloyd not doing well and then they completely fail #MKR",0,not_cyberbullying,,
"Acontece nos dias 17 e 18 - SeminÃ¡rio sobre BULLING  No Teatro Dix-Huit, mais informaÃ§Ãµes na GEED - 3315 4942",0,not_cyberbullying,,
"well that result feels rigged, especially with the amount of people for pancakes #mkr",0,not_cyberbullying,,
"That pork cutlet and crackling looks so yummy, not sure about the other stuff on the plate ;) #MKR",0,not_cyberbullying,,
#sayforthesakeofsaying,0,not_cyberbullying,,
@scarmichael18 @shaner38 Not legally.,0,not_cyberbullying,,
"Umm, wheres Manu? #mkr",0,not_cyberbullying,,
@panelrific: Let's go ?Ÿê§?Ÿê§?Ÿê§?Ÿê§?Ÿê§?Ÿê§?Ÿ˜ƒ,0,not_cyberbullying,,
@Deedontplay I stay at the crib if it ain't school or the gym I ain't fucking with it,0,not_cyberbullying,,
#MKR France Vs Ireland Vs Paleo Pete...LETS RUMBLE!,0,not_cyberbullying,,
"Seu merda - ""Isso Ã© bullying"" - ""SÃ? se for com a merda""",0,not_cyberbullying,,
RT @yungturd: there should b an app that tells you when the best time to walk into guitar center is without being raped by 14 yr old's guitâ€?,0,not_cyberbullying,,
@kate_1985 - not sure!! But never fear @mykitchenrules still has 751 teams left and another Instant Restaurant round to come. #MKR,0,not_cyberbullying,,
I'm starting to doubt if I even have an immune system.,0,not_cyberbullying,,
@comattwow it's always been my stance ;),0,not_cyberbullying,,
"quando eu vejo essas essa palavras ""building myself"" eu penso que Ã© ""bullying myself"" rialto",0,not_cyberbullying,,
"Grace doesn't set us free FROM faithfulness, it sets us free FOR faithfulness. #Mesner.",0,not_cyberbullying,,
@Bard_of_peace I do a search on my name. Prefacing this - I come in peace.,0,not_cyberbullying,,
"find the problems w/dude's solution, don't publicly call him out, get accused of ""trying to pick a fight"" when i ask him about it. SHOCKING.",0,not_cyberbullying,,
@JG_Thick @Fxq_Ya_Feelins I did It once maybe I need To do it again So I Can Get I On Ya Level Lol,0,not_cyberbullying,,
@kieran_yates I know - so cute. Love the way he spinelessly dives in to being a bully to win the girl!,0,not_cyberbullying,,
A class that I will never pass is #Algebra 2 .,0,not_cyberbullying,,
There is NOTHING glamorous about that restaurant #MKR,0,not_cyberbullying,,
It wouldn't be fair. Kat knows NOTHING of fair! Wtf &gt;.&lt; #hypocrite #mkr,0,not_cyberbullying,,
It's #mkr Survivor. Immunity idols have been issued,0,not_cyberbullying,,
@jojobean2020 doing okay,0,not_cyberbullying,,
"@taitaisanchez as do i. &gt;.&gt;  i had quit, but then gamergate happened. e-cig just wasn't cutting it anymore.",0,not_cyberbullying,,
"Several people have pointed out http://t.co/nr1da7c7rJ WHERE WERE YOU WHEN I NEEDED YOU FOR LIFE ADVICE, XKCD? http://t.co/1mZFXmRlEu",0,not_cyberbullying,,
"I'm trying to get work done, but this is a problem. http://t.co/OST7YSKhpO",0,not_cyberbullying,,
Possible kickstarter reward: I will rename Leo to a name you choose. For a week.,0,not_cyberbullying,,
@BrianQuast_  I'm telling.,0,not_cyberbullying,,
@tsgrillo depois reclama do bullying,0,not_cyberbullying,,
@Nikora79 I wish I could just be sad. Instead I'm constantly spitting up rage bile.,0,not_cyberbullying,,
@DHStom d'awww. I FEEL LIKE WONDER WOMAN.,0,not_cyberbullying,,
"@GerardGeorges4 @PentagonPresSec We would prefer to kill ISIS without killing too many civilians, Gerard.",0,not_cyberbullying,,
RT @Iranianatheist1: Bill warner: Islam versus Crusades. https://t.co/ykA0Awvria,0,not_cyberbullying,,
"@JakeReed42 Thanks for following, darling ;)",0,not_cyberbullying,,
#mkr #karma Kat and Andre,0,not_cyberbullying,,
"Dou um empurrÃ£o em uma pessoa, isso se chama : - â€º EU : EmpurrÃ£o. â€º â€º SOCIEDADE : Bullying ! http://t.co/09hVKp5",0,not_cyberbullying,,
@_iQueRaww Lol you should've came to the field after school,0,not_cyberbullying,,
@itvnews @mittromney @barackobama @robertmooreitv,0,not_cyberbullying,,
RT @comcen76: #Kobane February 2015 100th anniversary of armenian genocide by the Turks. .,0,not_cyberbullying,,
@iqy007 @alwalawalbaraaa @DanieleRaineri One way to keep the front lines away from the Raqqa civilians was not to invade Raqqa.,0,not_cyberbullying,,
I don't like to argue but I can't help what other ppl do ..,0,not_cyberbullying,,
Sorry what was that? You can't burn anything on a toastie? #mkr,0,not_cyberbullying,,
@IftikharAwan @MaajidNawaz And this is what the hate about Islam. http://t.co/QRDbtanRuP,0,not_cyberbullying,,
NÃ£o Ã© bullying se eu te quebrar inteiro e dizer que estava brincando de jogos mortais.,0,not_cyberbullying,,
Has MKR lost all credibility as a competition? Permitting a teams scoring a 1 they admit freely is just to get through a little further #MKR,0,not_cyberbullying,,
No letting go ?Ÿ?§?Ÿ?µ,0,not_cyberbullying,,
"NMJC is the most difficult school to get information from. EVER. and really, $2 per transcript? stupid.",0,not_cyberbullying,,
RT @H4mmerz: It's for toasting sandwiches not cooking potatoes for head chefs!!!! #mkr,0,not_cyberbullying,,
Photo: NÃ£o Ã© bullying se ele usa aquele reloginho que troca as pulseirinhas coloridas. http://tumblr.com/x3c418asdx,0,not_cyberbullying,,
I have to poop but I'm the only one at my register #fml,0,not_cyberbullying,,
RT @Celz29: â€œ@TVWEEKmag: You walk by putting one foot in front of the other? Really? Amazing advice! #mkrâ€ù holy crap! That's what u do? ?Ÿ˜è,0,not_cyberbullying,,
#KatieandNikki #MKR,0,not_cyberbullying,,
My stepdad walked into the room to offer me pot (WA!) and then he farted for 5 seconds when I declined.,0,not_cyberbullying,,
I want to see Ash and Camilla win this show #MKR,0,not_cyberbullying,,
"@hypatiadotca @GlennF i almost typed ""is it in the cloud"" forgetting that i have keyboard input word replace for cloud to butt.",0,not_cyberbullying,,
feeling ill just after a nap is annoying.. still feeling ill an hour later is worse #badchoice,0,not_cyberbullying,,
@sheeeneee That's goooood! Call me tmr baby. I'm not going school so wake me up before you leave okay.,0,not_cyberbullying,,
RT @JJTheNoonas: [INFO] 170403 Jinyoung spotted at Han river with gagman Lee SeungYoon!,0,not_cyberbullying,,
My housemate was inspired. #mkr http://t.co/YrtSVNPknK,0,not_cyberbullying,,
"nossa mano, a erika num sabe me dar oi normal como todas as pessoas, ela tem que me bater .. isso Ã© bullying ta dona",0,not_cyberbullying,,
"Back to work this week! Practice, workout, repeat! Time to get better #workhardergetbetter",0,not_cyberbullying,,
"That shit was funny when twon was,like give these brass knuckles to uglyyy teller she can havem in his * Ray Voice*",0,not_cyberbullying,,
@BrianaHart13 @FerminLaura hurry up and get to 10k tweets I swear you guys have been at the same tweets for. Years.,0,not_cyberbullying,,
@wobble_chops makes sense! A bully would probably be a good option. They're pretty low-key from from what I understand. =),0,not_cyberbullying,,
"RT @Cloud_People: @JackLeeHi @mi_l_l_ions @YesYoureSexist actually, this myth is false. Please see: http://t.co/es7qy9yRmx",0,not_cyberbullying,,
"Wait, I thought #MKR was about the cooking? Why isn't anyone talking about the well cooked chicken livers?",0,not_cyberbullying,,
People annoy me so much.,0,not_cyberbullying,,
"@desireepalfrey @real8rmel Des, Leah's still in that house! Daughter worked for me in retail so she knew I'd been a REALTORÂ® for 4 days!",0,not_cyberbullying,,
@aeliasen I think the paperwhite would be a better choice. voyage has weird delays sometimes with button responsiveness.,0,not_cyberbullying,,
"@iglvzx @SwiftOnSecurity don't forget, we don't even *use* git. That's an export. We use svn. :P",0,not_cyberbullying,,
"#MKR is going to kill the golden goose with more instant restaurants. Same thing happened with Masterchef. Restrict supply, create demand.",0,not_cyberbullying,,
"Tak peduli ku di bully, omongan lo gue beli B) ~ @Erikka_chris",0,not_cyberbullying,,
"Tipo assim, eu ainda nÃ£o joguei esse The Sims, vou sofrer bullying por isso?",0,not_cyberbullying,,
@chazermann26 Dumbest comment of the day.,0,not_cyberbullying,,
Anyone think Kat &amp; Andre are being completely lazy with their meal. Guess what happens when you cheat your way in! #mkr,0,not_cyberbullying,,
@ZenaSlender omg that's so cute :),0,not_cyberbullying,,
THISE NOISES WHILE HE IS WAGGING HIS TAIL. wtf http://t.co/YEkXYKq34L,0,not_cyberbullying,,
Tired of bullying? Then sign @EndBullying2day Twition it's taken away TO many lives and it NEEDS to stop!!! #StopBullying #stopcyberbullying,0,not_cyberbullying,,
(Though you have sold out metaphorically.),0,not_cyberbullying,,
@voretaq7 @chilblane i'm sorry. :(,0,not_cyberbullying,,
West Virginia cows?  #Kidding,0,not_cyberbullying,,
@MaxOfS2D @StephenAtWar Origin is a flaming piece of shit.,0,not_cyberbullying,,
@blog44 How the Political Right Bullied the US Government Into Ignoring the Threat of Right-Wing Extremism: http://t.co/Ocz8HGJ,0,not_cyberbullying,,
@Firebomb173 @randi_ebooks I saw. It was deleted.,0,not_cyberbullying,,
That is all,0,not_cyberbullying,,
A4 Children are now facing an empty safe haven -home. Everyone out doing seperate- No meal times together #ProCChat,0,not_cyberbullying,,
Islam's idea of intellectuals. http://t.co/5s2LYc1D43,0,not_cyberbullying,,
@Lovemycoffeetoo explained it at the end of last nights show (in about 1 minute) #mkr,0,not_cyberbullying,,
@Love___Egypt @washingtonpost You are a liar. http://t.co/oHC5f3I5CD,0,not_cyberbullying,,
@TURBOCUNT YES AND YOU ARE ADORABLE. ^.^,0,not_cyberbullying,,
"Don't look for Android among the heaps of shiny, new tablets headed to store shelves this holiday season.",0,not_cyberbullying,,
"@SSiders1007 I miss you, Shannon! âù?You.",0,not_cyberbullying,,
I will never get sick of the sex and the city movie #classic,0,not_cyberbullying,,
@NewsCoverUp @GBabeuf @RJennromao @DavidJo52951945 @Novorossiyan @gbazov @rougek68 Only civilians who died were all in range of R terrorist.,0,not_cyberbullying,,
@miscu_ I have bots to block all of that.,0,not_cyberbullying,,
"Bueno, al menos #TheFinal sÃ? demuestra lo que puede provocar el bullying, aunque sea una pelÃ?cula traumÃ¡tica... #StopBullying :/",0,not_cyberbullying,,
@Spectrumpigg  Thanks.,0,not_cyberbullying,,
"Another left wing fallacy, that poverty causes extremism, has bitten the dust in multiple ways.  Here is one. http://t.co/oDG9YKzzRJ",0,not_cyberbullying,,
sitting next to @SoniaMalikCrazy and Jennifer. Eww #notsohappymonday,0,not_cyberbullying,,
@Censored31 So I hear that Baghdadi ran like a scared rabbit in Gwer.  Guess he has no faith in Allah.,0,not_cyberbullying,,
Time to cheer on twinners @helenaandvikki on #mkr! Learn more about them here: http://t.co/t0cKsvGbN7,0,not_cyberbullying,,
RT @RantingOwl: Gabrielle Union's essay on nude photo leaks as a new form of sexual abuse is EVERYTHING. http://t.co/1yrNXqBHQi,0,not_cyberbullying,,
Diga nÃ£o ao Bullying !,0,not_cyberbullying,,
"@SumerSloan @PAWarnhoff @etsho127 Didn't ask for your time, or your opinion.",0,not_cyberbullying,,
Running this account before 9 a.m. without an Irish coffee is not recommended.,0,not_cyberbullying,,
@truaemusic And the reason you do that is because you have no principles other than being PC and hating the white race.,0,not_cyberbullying,,
"Childhood obesity is accompanied by risk of psychosocial problems: low esteem, social isolation, schoolyard bullying (Wake et al., 2002)",0,not_cyberbullying,,
"white people are oppressed. they get called karen, cracker, and get told they canâ€™t dance. it doesnâ€™t matter if negros went through 100+ years of slavery and segregation. oppression against white people is just as bad",1,cyberbullying,,
RT @SamJags: @MikeSimsWalker FUCK YOU DUMB NIGGER!!!! JAGS SUCK FUCK YOU!!!!!&lt;Wow!,1,cyberbullying,,
"Called it an early night. Came home and just watched ""I Am Not Your Negro."" Top three doc for me. Every white person should watch it. James Baldwin is a masterpiece.",1,cyberbullying,,
"Damn bitch u mad huh??? Well guess what?? Ain't shit u can do about it!!!! Ahhhhhhh RTâ€œ@tayyoung_ FUCK OBAMA, dumb ass niggerâ€ù",1,cyberbullying,,
"@atchatheking @dpreston88 so havin a jar full of weed is a nigger thing? Fuck outta here, u sound dumb AF",1,cyberbullying,,
"Dawg! ""@Zerro_kun: Always 1 dumb nigga gotta fuck it up 4 all of us ""@Tumi213: ""I hate men"" trending on my bbm status updates.some nigger",1,cyberbullying,,
"Suck Dick Bitch RT @TRILLXBXTCH_: Shutup bxtch ! RT @tayyoung_: FUCK OBAMA, dumb ass nigger",1,cyberbullying,,
FUCKOFF U DUMB NIGGER FUCKING WHORE!!!. GO FUCK UR MOTHER IN THE ASSHOLE U SLUT FUCKING BITCH!!!,1,cyberbullying,,
"Why she look like a chocolate chip cookie? RT @Lotta910: Dese crackers can't hold him back!!!! â€œ@tayyoung_: FUCK OBAMA, dumb ass niggerâ€ù",1,cyberbullying,,
I would have to have dumb fuck on my face to give this pussy nigger any type of money.,1,cyberbullying,,
Arâ€™mon post the lil white girl calling him a nigger and these dumb mfs run her follows up from 772 to 1.2k now why the fuck-,1,cyberbullying,,
@ChaseNCashe fuck that dumb nigger say that shit in the bay area hell get shot,1,cyberbullying,,
"You have to wonder at what points did the white population sit down and have these conversations every decade. â€œDont say negro, you say coloredâ€ù â€œDont say colored, you say blackâ€ù â€œDont say black you say African Americanâ€ù â€œok they wanna be called black againâ€ù",1,cyberbullying,,
@_AyeeRyan: Fuck Ty Moe Lls lol nigger you aint shit with out me ! Dumb bitch !,1,cyberbullying,,
Lmfao man niggas be on this bitch really stunting. Fuck u tryna sound positive but still tryna stunt. Dumb ass niggers,1,cyberbullying,,
the pain was like 3/10 lmfao I went to European wax center at Yorktown bc u get 50% off ur first one hehe,1,cyberbullying,,
Oh my... Such language RT @TexPunchem: Dumb fuckin racist nigger. Fuck your cunt mother. @MacDuna,1,cyberbullying,,
My bro got married to a mayonnaise colored lady and they had a kidney Kentucky. Awesome. Now the crew going to visit and we can smell the racism in the air. The wind just blew by us and said â€œ niggers â€œ.,1,cyberbullying,,
"@hate_man1: why would I block you I love talking to stupid nigger fucks Everytime a Dumb White Boy loses an Argument to an African American
what the fuck are you dumb niggers protesting"" about? he's been fired and charged Just dumb niggers being dumb niggers",1,cyberbullying,,
u literally cant say anything thts not praise to them as a black person or they will indirectly call you an untreated nigger its rly disgusting ...,1,cyberbullying,,
Thats how I feel. RT @JDMslutJesse: Dumb ass nigger. I swear to god if you hit me i woulda knocked you the fuck out,1,cyberbullying,,
@MLGFFamine yea fuck u ur a dumb nigger i hope ur mom doesnt give u fry chicken tonight,1,cyberbullying,,
- Fuck #ColumbusDay. Lyin dirty low down no good thief. You ah dumb nigger if you celebrate.,1,cyberbullying,,
"The most disgusting part was that it was other fellow black Americans who laughed in agreement at these remarks. This makes it clear who the real niggers are, and none of them are Kanye West. #RealTalk",1,cyberbullying,,
"Our history goes back over 1000 years, why do BLM just concentrate on the recent past. They are not interested in anything but black slavery. Nothing else matters to them 1500s-1700s, white slavery...couldn't care less.",1,cyberbullying,,
"Systematic racism is real in America. Just because you donâ€™t here white people in powerful positions saying â€œnegro, colored, and/or niggerâ€ù in their policies doesnâ€™t mean racism is abolished.",1,cyberbullying,,
Fuck jack dumb nigger retard faggot bitch Down syndrome disabled looking ass,1,cyberbullying,,
"simple bitch RT @tayyoung_ FUCK OBAMA, dumb ass niggerâ€ù",1,cyberbullying,,
name a one direction song that begins with the first letter of ur middle name,1,cyberbullying,,
"U wnt David Tlale? RT""@rosario_gomes: Niggers who make Rap videos dressing american labels when they live in Africa they R dumb as fuck.""",1,cyberbullying,,
"One of the weirdest things,u may never understand is the first over night time u have to spend with your mother after 20 years. The anxiety is 2nd to none,questions like,are u to be at ur best behavior? But câ€™mon she is ur mom just relazzz as be taken care of",1,cyberbullying,,
@R_Springerrs @triggertreach Your the only dumb ass nigger....fuck Kanye and you to for defending his dumb ass!,1,cyberbullying,,
"@ShizzyCocoLoso Randy Moss is a dumb ass nigger that say dumb shit like "" I take plays off"" Fuck that nigga.",1,cyberbullying,,
"â€œ@COLDEST_BTCH: RT @_LoveVuitton: Bitch Get SHOT RT @tayyoung_: FUCK OBAMA, dumb ass niggerâ€ù TWICE.",1,cyberbullying,,
"So you mean to tell me that this so called free Black man was operating like a white man at white supremacyâ€™s peak, you donâ€™t think thatâ€™s itâ€™s a smear campaign so yâ€™all negros and white supremaist can say â€œBlacks owned slaves tooâ€ù. To further villains the victims?",1,cyberbullying,,
@KingJames donâ€™t take the bait.Reach out to all colored itâ€™s going to take that to move forward.Racism is engineered bye those we never see itâ€™s not the common man.Its used like a weapon divide and conquer donâ€™t take the bait.This place in Time needs u to rise above...,1,cyberbullying,,
"So u mad cuz yo president black get use to it 4 da next 4 years scummie RT @tayyoung_: FUCK OBAMA, dumb ass nigger",1,cyberbullying,,
"She aint got nothing better to but be mad...lilRT @MrsLarson2U: This bitch smdh.....RT @tayyoung_: FUCK OBAMA, dumb ass nigger",1,cyberbullying,,
"Fuck the NAACP, 1st ...we not ""colored"".....2nd... we are not negro's... &amp; 3rd u old fucks need to get wit times. money &gt; racism #thatisall",1,cyberbullying,,
@M40A3Stevy You Racist fucking fuck! JK dumb ass niggers. BTW there is a difference between black people and niggers.,1,cyberbullying,,
God i pray no one tries me ! Like these videos Iâ€™m watching daily of yte ppl calling a black person a â€œniggerâ€ù. Itâ€™s absolutely disgusting how much HATE some people have for black people. God will expose you all &amp; youâ€™ll meet your final destination!,1,cyberbullying,,
"@darensammy88 Kala is hindi word &amp; there is sanskrit word called ""ashwait"" it means color black just like in Portuguese black is Negro word not racial slur, we call white people ""gora"". You don't see them to get upset about it. So don't make it racial or anything.",1,cyberbullying,,
â€œ@ChelseaAaronn: FUCK ALL THESE DUMB ASS NIGGERS THAT DECIDED TO FOLLOW ME!â€ù WELP,1,cyberbullying,,
"if ur one of the first to put up a fic for a thing, ppl will flock to it bc it's all they have. as the tag grows, it's already got the kudos to back it up not always bc of quality but bc a once-upon quantity. it perpetuates itself as more fans come",1,cyberbullying,,
Chill out Grand Dragon RT @j_kerans15 Im a Young NIGGER i be on that fuck shit i be with my young NIGGERS that on that go dumb shit,1,cyberbullying,,
RT @SwiftOnSecurity: Kids these days will never know open WiFi with everything going over HTTP. And net send. Oh my god. net send. What gloâ€?,1,cyberbullying,,
"RT @FoxxFiles: ( ,-_-) http://twitpic.com/3pjoi9 RT @Simpsei: The fuck did Gucci Mane do? -Dumb nigger Â¡!!",1,cyberbullying,,
"Answer the Q. Is that u walking back your racism. When BLM says all white peeps are hateful. And you defend them. Well then ur degrading me, a colored person. If only I can think as a white peep like you. Smart!",1,cyberbullying,,
@SLUM_DOGG oh little nigger shut-in wants to play dumb now. so u that fat fuck Marvin j of apple or what? i thought u where my daddy?,1,cyberbullying,,
"â€œ@Tropic_Tiff: RT @tayyoung_: FUCK OBAMA, dumb ass nigger/ YOU MAD HUH?â€ùBitch I'll Make You Suck Some Nigger Dick For A Molly Tho",1,cyberbullying,,
Yes we would absolutely be mad if any white person called a black person a â€œNegroâ€ù in the year 2020. How do you know what the black community was upset by when youâ€™re not black? There was national outrage.,1,cyberbullying,,
@STNNR_ColeChan You're white why are you acting like a nigger it's disgusting dude I'm black and I don't act like a fucking nigger,1,cyberbullying,,
@DouchyTyler @GIVEME_DAWEED shut the fuck up Dre ya dumb ass nigger. Tyler you couldn't even beat lsu. #JeffFullerWasTheRealDeal,1,cyberbullying,,
"shut the fuck up RT ""@LexTayloredAhh: @AmmoBeatz @PrettyKiyyx3 Lol Helll Naw Nigger You Shutup With Your Dumb Self""",1,cyberbullying,,
Romney12 fuck obama I'm gonna try to kill that nigger if this dumb black population votes him potus again.,1,cyberbullying,,
"â€œ@InkUp4Lyfe â€œ@tayyoung_ FUCK OBAMA, dumb ass niggerâ€ùâ€ù",1,cyberbullying,,
@65Vercingetorix I love how u racists always seem to fuck up simple words. But im the dumb nigger??? fuck yo flag! #EricSheppardChallenge,1,cyberbullying,,
"Agree! And the only one using the disgusting nigger word was the black thug! I cannot understand HOW the blacks can say that word is so offensive, yet THEY use it in common language and their song lyrics!?!?",1,cyberbullying,,
I want a telfar because the bags are sooo cute and itâ€™s black owned. But if we know anything from these past few years itâ€™s all skin folk ainâ€™t kinfolk and money makes people act up. Iâ€™d hate to purchase and the creator comes out saying weird anti-black assimilationist bullshit,1,cyberbullying,,
"this bitch here ==> Zzzzz ""@tayyoung_: FUCK OBAMA, dumb ass nigger""",1,cyberbullying,,
"@JasmineLovvee If He Dont Want You Well Fuck Him , He Aint Worth Your Tears , Never Sweat A Dumb Nigger .
@kalee_FromTheL how do you sound I'm like 85 you mad dumb go fuck with a Black nigger broke ass
@BahkariBoy @Tjsotomayor He does care about black people. He just don't give a damn about dumb niggers that will never learn. Fuck em.
How you gonna preach about not twitting for attention when all you tweet about is snow bunnys who gives a fuck you dumb nigger
Company profile NKC COON HUNTING, INCORPORATED - http://t.co/YK1TMdLgTj  #NKC #COON #HUNTING, #INCORPORATED
theyâ€™re disgusting, anti black, anti women, anti nigger people
@DeJuan45: â€œ@iBrettAdkins: @DeJuan45 fuck you! JUSTICE FOR GEORGE YOU DUMB NIGGER!â€ù Wow smh!!! So lucky!!!!""ignorant MF!!!!!!!",1,cyberbullying,,
"SUCK ME AND BARACK DICK BITCH!! RT @tayyoung_: FUCK OBAMA, dumb ass nigger",1,cyberbullying,,
Money and respect..........nigger is the words on a lot of your lips. And you still see Blacks as beneath you. So disgusting. If you can charge an old man for his participation in the holocaust. Then charge yourself and pay every black person reparations.,1,cyberbullying,,
"So Racist wow ppl these days "" @Rainmargi2 RT @franco244: @Rainmargi2 I'm Italian you dumb nigger bitch.==&gt; Fuck You!",1,cyberbullying,,
"(Acts 29:21450) AND their ""wannabe white"" entourage of dark skinned ""Golden"" Negro former Hebrews of God ""traitors"" rebellious unto God, all ""duped"" by Satan believing the devil's thoughts in the Bible called the Word of God, all ""lies"" in the Bible, and everyone is ""hooked""",1,cyberbullying,,
"i dont think he likes me anymore :( oh btw fuck that niger i know that was a subtweet, dumb cunt.",1,cyberbullying,,
@nick_delmazo @thearkboi @swagdaddy_maddy @Kyle_0124 yall niggers dumb as fuck,1,cyberbullying,,
Then the black community has to stop calling themselves â€˜ niggerâ€™ all time and stop calling themselves â€˜colored pplâ€™. Why white is not a color! Words matter!!! Stop racism now!,1,cyberbullying,,
@fashlon another dumb steppin fetchit! nigger succumbing to the black man's kryptonite! He is disgusting! only a white woman will do?,1,cyberbullying,,
Imagine that: my roommates who claim to love black people called me a dirty nigger twice last night while they were drunk #disgusting,1,cyberbullying,,
"It is a racist insult when used against black people but it's a double meaning word. Like ""Negro"" in Spanish is just black but white ppl called black people Negro to be insulting.",1,cyberbullying,,
My dad called my mom a white devil...like okay great negro,1,cyberbullying,,
"Or, it's the exact opposite of what is being shown in the video. So we have any proof that that tiny white woman called that huge black Carlos a negro with an 'i'? Nope. Just Carlos's narration before the confrontation.",1,cyberbullying,,
: using the word nigger just makes all these white people ignorant disgusting and frankly dumb as fuck. He's the preside - deal w/ it! #BO,1,cyberbullying,,
Dont have many followers.. see if this will help. Goddamn dumb niggers.Fuck wetbacks and chinks too. Also hate Jews. God fuck everybody!,1,cyberbullying,,
@IScreenTweets No bitch you need a life. Why the fuck you stalkin my mentions? You just another dumb NIGER lmfao! Ratchet ass hoe.,1,cyberbullying,,
"Who did you get that from love? Weâ€™re in the year 2020 and fans had to make their faves tweet about black lives matter, but sure keep throwing up peopleâ€™s past like it means anything",1,cyberbullying,,
So many dumb fuck drivers out here I wanna shoot every fucken nigger chank wetback gook &amp; white trash piece of shit out here!,1,cyberbullying,,
"I finished Ready Player One, and just,,, problems y'all. Protag is a MARY SUE (HTH u gonna consume all of 80's culture by 18yo? And never fail a crucial test?) Transphobia (""are you a woman? ... never had a sex-change?"") Diet Racism (""chocolate-colored skin"")",1,cyberbullying,,
@BarackObama Fuck Obama youre just a dumb nigger,1,cyberbullying,,
"I get called a racist prick when when i make racist jokes. But in reality, i dont give a fuck you dumb niggers! Its a joke, take it heavily.",1,cyberbullying,,
Talib has a pattern of attacking Black women on here. And I also noticed that for the past 12 hours heâ€™s only been replying to Black women. Many Black men have replied to him and called him out today and he hasnâ€™t said anything to them,1,cyberbullying,,
@NOKIgivesuWINGZ I love my baby @ShoRtTurtLe412 fuck all you dumb niggers hes all I need !!&lt;~I thought u loved my brother @YeaItsLoopy :(,1,cyberbullying,,
â€œ@JaaaacK__: man fuck these bitch ass niggers I'm LiL TUNECHI I'm a nuisance I go stupid I got dumb like the 3 stooges I don't eat sushi :pâ€ù,1,cyberbullying,,
"turn yo location on on yo tweets homie lmao â€œ@tayyoung_: FUCK OBAMA, dumb ass niggerâ€ù",1,cyberbullying,,
"You think colored people are worse off now than 50 years ago? Idk whether you're trolling or not.. I think u are mistaking me for the ""white moderate"" MLK describes in his writings. I'm not saying racism doesn't exist or saying we should ignore it and just move forward",1,cyberbullying,,
"RT:""@tayyoung_: FUCK OBAMA, dumb ass nigger"" &lt;&lt; Aaaand another one...",1,cyberbullying,,
I honestly feel offended when I hear some dumb fuck talk about being the best rapper in naija.......this nigger right here is the G.O.A.T when it come to rap in Nigeria and I dare say Africa he is simply unequalled. And that's a fact.,1,cyberbullying,,
Racism is when u select your White clothes to wash first before the Black Colored ones... Don't be a racist! Wash... http://fb.me/1xguV9AVm,1,cyberbullying,,
"imagine cuddling to ur bf's chest, tonight &amp; him just wrapping one arm around u &amp; softly rubbing ur arm &amp; then him burying his nose into ur hair &amp; planting soft kisses on ur head. him playing with your hair w/ his other arm until u fall asleep but yes, read the first word, again.",1,cyberbullying,,
"â€œ@Phirruup: Angela, shut the fuck up for once ya dumb whroe bag.â€ù FUCK YOU NIGGER BITCH.",1,cyberbullying,,
"@Christoph Daniel's Out of everything he said, you cherry pick one incident trying to justify racism.",1,cyberbullying,,
U a nigger dumb bitch RT @DarthVen: In American you're all niggersâ€œ@oneflynicca:Fuck outta here @Phade2Black: RT @Chloe_Vee,1,cyberbullying,,
REPORT THIS WHITE DEVIL AS SPAM RT @MrCarter941 FUCK BLACK TWITTER ITS JUST A BUNCH OF DUMB NIGGERS,1,cyberbullying,,
ok anyone can be a nigger dumb fucks,1,cyberbullying,,
"He called Michelle Obama â€œa gorilla in heelsâ€ù and 13-year-old Chelsea Clinton â€œthe White House dog.â€ù He also often played a song called â€œBarack the Magic Negroâ€ù. So, yes. He is both.",1,cyberbullying,,
"â€œ@ReezyDaSnowman â€œ@tayyoung_ FUCK OBAMA, dumb ass niggerâ€ùâ€ùoh shit we got a hater",1,cyberbullying,,
â€œ@regannhutchison: Dumb nigger. Fuck you.â€ù,1,cyberbullying,,
"RT @tayyoung_: FUCK OBAMA, dumb ass nigger &lt; @BlakeDukeshier ..I told u",1,cyberbullying,,
"@RepMarkMeadows i watched from Canada. You are fake. I am white was born on an island first white baby born there in Milne Bay in 1947. I am disgusted by the USA and its racism. You of all people why was your ""Prop"" standing, no chair? R u to ashamed to talk about your colored .2",1,cyberbullying,,
Damn right im a rascist FUCK NIGGERS and you dumb ass... â€” And all Muslims are terrorists and all Mexicans are i... http://ask.fm/a/64ehb6bf,1,cyberbullying,,
"You do realise berbers donâ€™t identify as arabs right ? My dad is Berber and heâ€™s black, a lot of Moroccans from the south are black, theyâ€™re literally just hidden from the media by sad ass white Moroccans. We get called â€œAzhiâ€ù a lot which literally translates to â€œblack negroâ€ù",1,cyberbullying,,
ur dumb as a nigger if u believe that â€” I'm white you stupid fuck http://ask.fm/a/5ko83c5h,1,cyberbullying,,
"bruhhhhhh if yall did ur jobs no one would have to go overseas in the first place,,,",1,cyberbullying,,
I literally- and I swear to you im not being funny- never saw anybody say that George was a fucking hero for anything .. tf yall ppl be comin up wit these ridiculous ass statements? All im getting from this statement is that yu find it cool to kill black ppl because of they past,1,cyberbullying,,
Go save Mexicans u black bitch Obama u help get out of rape u fuckinh dumb nigger fuck u on Kevin nash dick ans his son fuck u,1,cyberbullying,,
"Racism is R's dirty little secret reason they will vote 4 a pedophile. ""If u can convince the lowest white man he's better than the best colored man,he won't notice you're picking his pocket. Hell, give him somebody to look down on,&amp; he'll empty his pockets 4 you."" Lyndon Johnson",1,cyberbullying,,
"Your rude, your racist, your disguising, you can't spell, your a bully! nobody wants you on twitter, SO JUST LEAVE",1,cyberbullying,,
Avasail! You dumb spic! Where's the nigger Berry!? Holy fuck! So pissed! #ExcuseMyLanguage #NotRacist,1,cyberbullying,,
@_FlyassFIQ YOU DUMB FUCK HERS OFF TO ARE BILL IS TOGATHER GOT DAMM NIGGER ILL BEEP THE FUCKN HORN GEEZ,1,cyberbullying,,
Racism is wen u select ur white clothes to wash first b4 d black nd colored ones...dnt be a Racist wash dem altogeda.,1,cyberbullying,,
you dumb nigger go fuck urself,1,cyberbullying,,
"Mr. #45 Terrible Trump! I k how that you'd been told many times over,from before. Ur one of the worst Presidents,I'd ever known. Ur lack of respect for urself and the First Lady,Mrs. Melania Trump not to attend the late Congressman John R. Lewis' Funeral. RESIGN IMMEDIATELY!!!!!",1,cyberbullying,,
fuck Obama. he's a dumb nigger.,1,cyberbullying,,
"So that is what is called! ""First direct elections in 50 years"" Try Superior-inferior selection since 1850s. Infact the system worked so well that India still has the Dalit, SA blacks, white Americans have negros and Australia has Abos. #racism",1,cyberbullying,,
Malcom X wasnâ€™t wrong when he called yâ€™all House Negros....always at the white manâ€™s ass** #BlackHistoryMonth2020,1,cyberbullying,,
"@FarthingRyan oh your talking about ""nigger"" imbtalking about niggas as in homies and friends you fucking dumb fuck. Dum ass stalker",1,cyberbullying,,
"â€œ@hes_a_hooper: â€œ@MajinBitch: @Leaklive_ not white, u nigger. Again you're still dumb as fuckâ€ù this guy â€ù",1,cyberbullying,,
yeah well ur my favourite so i was the first one to see it and reply,1,cyberbullying,,
"Iâ€™ve seen several interviews with black Americans over the past few days; they all are in complete disagreement with what you just said. None of them are rich, public figures, or anything like that. Just hard working men and women that made good choices!!",1,cyberbullying,,
"Lmao I'm not giving orders, end of the day I can't make you do anything. I'm literally saying instead of focusing and two people, everyone needs to realise when they dig into all youtubers past that they have all said shit racist or problematic. Because they are humans.",1,cyberbullying,,
"FOUR MORE YEARS! RT @tayyoung_ FUCK OBAMA, dumb ass nigger",1,cyberbullying,,
"First impression: ""Oh she is too pretty to be my friend oh no"" Your nickname in my head: trin Closeness ratings [1-10]: ~5???? idk but we should talk more Do I like you: Ye ur great!! You are my: freund Ever had a crush on you: A smol one when I first met you tbh fdsgjkhljksf",1,cyberbullying,,
IF u cannot SEE THE BLATANT RACISM/HYPOCRSY/LIES/GREED of trump IN PLAIN VIEW...then u may want to take off those GREEN-COLORED GLASSES called MONEY,1,cyberbullying,,
"â€œ@tayyoung_: FUCK OBAMA, dumb ass niggerâ€ù hater",1,cyberbullying,,
fighting racism isn't a goddamn contest where you pick and choose which incident or victim to care about depending on whether their fans have been hypocrites in the past. either you care about it all or you don't care at all. none of this point-counting bullshit.,1,cyberbullying,,
Correction *NIGGERS* lol RT @PnutSays They are RT @dontteaseher: LMFAO #oomf just said black people are disgusting I'm just soo weakk,1,cyberbullying,,
That's what I'm saying?? Fuck is that? RT @UCantBeLikeAda: Whoa! What?!RT @Ibtrollinbitch: @PartyBoyJay @UCantBeLikeAda dumb nigger,1,cyberbullying,,
"@tayyoung_: FUCK OBAMA, dumb ass nigger LMAO! GOD STILL LOVES YOU, EVEN IF YOU ARE A DUMB BITCH! ^_^",1,cyberbullying,,
Fuck all you fucking dumb motherfucking dumbass motherfucking retarded quere fucking shithead fucking nigger asian dick dickity patriot fans,1,cyberbullying,,
"Exactly like distant cousins because they are, JUST like so called white people and the Jewish of course (still decedents of Rome) are Not so distant cousins to the ""NEGRO"" So close that they are pretending to be us right now.",1,cyberbullying,,
I hate to see stupid females on my TL bitching for love . Then always end up with a fuck nigger and bitching again smh dumb ass.,1,cyberbullying,,
"Because they're dumb as fuck. Same cats spewing that shit would wanna SET. IT. OFF. if some random white dude called them ""nigger.""",1,cyberbullying,,
RT @ChainReactionzz: Fuck Obama care dumb nigger,1,cyberbullying,,
OMG UR RIGHT ITâ€™S EVEN THE FIRST ONE Iâ€™m blind,1,cyberbullying,,
"Why the fuck would someone say ""fuck nigger"" because Murata lost? Fucking Dumb ass Japanese blame the judges not the opponent dumb fuck",1,cyberbullying,,
â€œDestroying white neighborhoodsâ€ù wtf is wrong with you. And u just assume everyone in a decent safe neighborhood is white. What ab the colored ppl in the neighborhood. And why donâ€™t u just go after the racist ppl no matter what there color is. Your literally showing racism rn,1,cyberbullying,,
Trump is really giving license to people to officially rewrite the past and make it so no Democrat ever did anything bad we can just blame it all on the Republicans right. I only bring this up because this is how DNC delegates are acting,1,cyberbullying,,
Bernie doesn't have a long history of promoting civil rights. I don't know why his supporters keep saying that. He did some marches in the 60s but he hasn't done anything for black folks. Biden has a problematic past with black voters but he has tried to understand by reaching,1,cyberbullying,,
Otherwise we would be called House Negro for standing with a white father?,1,cyberbullying,,
"It's the most disgusting, vile word that racists use to refer to black people. Like nigger",1,cyberbullying,,
Yung niggers REALLY don't read and they ignorant and dumb as fuck n illiterate and PROUD.,1,cyberbullying,,
â€œBlack bodies with white heads!â€ù I called them what they were. Every one of those â€˜Negro progressâ€™ organizations had the same composition. Black â€˜leadersâ€™ were out in the public eye- to be seen by,1,cyberbullying,,
"Iâ€™m sure Germans wish they didnâ€™t kill 6 million Jews in WW2 but you canâ€™t change the past. You can learn and grow from it. I understand some black people feel oppressed by police but come on, defunding the police???? If anything increase funding to hire better candidates!!",1,cyberbullying,,
fuck al sharpton and jesse jackson.. dumb ass niggers.,1,cyberbullying,,
"@tayyoung_: FUCK OBAMA, dumb ass nigger fuck you bitch!",1,cyberbullying,,
Where the smart WHITE ppl at on my timeline cuz these niggers dumb as fuck,1,cyberbullying,,
@CripSpongeBob fuck you and your dumb nigger gang shit,1,cyberbullying,,
"omg lib iâ€™m stalking ur account,, watch one punch man or attack on titan !! they are good first animeâ€™s imo :D",1,cyberbullying,,
â€œ@wLcMizzle: @_SheAintD fuck the dumb ass Nigger Kipp go tho we bouta lock in on his 8 ball assâ€ùright here my nigga,1,cyberbullying,,
@A2daO you dumb nigger n u can RT that. Fuck u,1,cyberbullying,,
"not really, a black person saying the n word is normal because it doesnt have to do with anything from the past, a white person saying it is racist because it incourages rewriting the history and all that shit so no my guy you cant be racist toward your race.",1,cyberbullying,,
"the blessings that have been heaped upon an American Negro? A few nights ago, a man who would be called in America, a â€˜whiteâ€™ man, a UN diplomat, an ambassador, a companion of the kings, gave me his hotel suite, his bed...Never would I have even thought of dreaming (17/n)",1,cyberbullying,,
"Appreciate the input, and Black on Black crime is an issue, but I would appreciate a system that didn't target Black people when they didn't do anything wrong. Homicides are not the only issue. We've seen enough over the past year to know that change needs to happen regardless.",1,cyberbullying,,
fucking fraud jesus man fuck that dumb nigger fucking creddies reckless for a gold i cant its so sad,1,cyberbullying,,
"Imo tell u this...racism is still alive and eint even sick. RT @moflavadj: Are we really all getting along in S.A?Black,white,colored,...",1,cyberbullying,,
"You unhappy scrappy? RT @tayyoung_: FUCK OBAMA, dumb ass nigger",1,cyberbullying,,
"Nigger, you dumb as fuck",1,cyberbullying,,
"RT @DiaSayWhat: I hate how niggas try to hide/ lie about things , we find out everything",1,cyberbullying,,
"Lmao, are you racist? RT @tayyoung_: FUCK OBAMA, dumb ass nigger",1,cyberbullying,,
One more thing OK sit down close ur mouth n listen to me people all this b l matters is BS first of all ur not the only people in this world OK n ur not the only color no matter what ur polticial thing is ur not the ultimate Jesus n God u can't tell me ur over anyone else,1,cyberbullying,,
"â€œ@tayyoung_: FUCK OBAMA, dumb ass niggerâ€ù---&gt; somebody shut this fat sloppy hoe up !! Please !!",1,cyberbullying,,
"@sM_Will1900 shut the fuck up , dumb nigger.",1,cyberbullying,,
yesss thereâ€™s a black market for it too! I just learned of it. I donâ€™t put anything past these people. That is the real evil in this world.. the abuse and torture these children are going through,1,cyberbullying,,
"I donâ€™t get why would yâ€™all ask kq to kick him out of group??? Heâ€™s literally never done anything wrong in the past, heâ€™s the MOST educated idol on racism. Heâ€™s even covered black and white and talked about racism In it. Pls donâ€™t cancel him over a mistake that he didnâ€™t mean :(",1,cyberbullying,,
@AZEALIABANKS LOL. JIGABOO SPEAR CHUCKER NIGGER SLAVE. DUMB BITCH ID THROW AN INTERRACIAL HATE FUCK YOUR WAY BUT U NASTY :-},1,cyberbullying,,
"first of all, one of them is irish how dare you secondly, ur opinion..itâ€™s just...unnecessary &lt;3",1,cyberbullying,,
Nigger ---) Colored ---) Black ---) African-American. And still racism.,1,cyberbullying,,
"I try to stay off the topic of racism but going into the borderline building (which u ""randomly"" get selected for to further screen u) it was nothing but colored ppl. Didn't see one white person in that bitch except the officers I'm just sayin",1,cyberbullying,,
@janitorryan YOU SAID NIGGER YOU DUMB FUCK! THAT WORD IS VERY DIFFERENT THAN NIGGA. Shouldn't even be explaining to you,1,cyberbullying,,
"@She2Ratchet FUCK YOU, YOU DUMB ASS CRACKER YOUR JUST MAD CUZ YOU AIN'T NO NIGGER I GOT TRIGGERS FOR BITCH NIGGAS",1,cyberbullying,,
pussy ass loving righteous nigger Alex u dumb fuck,1,cyberbullying,,
"okay, first of all ure one of the best accs here. im so happy to be ur moot. continue to spread positivity and happiness. i do hope ure doing good &lt;33 sigh i have to sleep but do remember that im here for u, always.",1,cyberbullying,,
"He musta fucked yo ma cuz u maaadddd RT @tayyoung_: FUCK OBAMA, dumb ass nigger",1,cyberbullying,,
What does this have to do with anything? KKK is a dead organization. BLM has killed many black lives in the past months. It's a fact. Deal with it. BLM doesn't care about black people but about communism,1,cyberbullying,,
it is crazy that in 2019 you white bitches will still paint your face black and still say Nigger. fucking disgusting,1,cyberbullying,,
"#TweetLikeAlexis Broooooo , i hate my mom ! fucking bitch ass nigga , what the fuck dumb hoe , monkey ass bitch . fuck you nigger .",1,cyberbullying,,
@Theos_Tweets7 hey bitch ass nigger twitter only allows u 140 words if u get it u get it if u Don't Fuck off Dumb ass,1,cyberbullying,,
@Miami_DoucheBag: @Dreadz_On_Swagg you stupid dumb fuck... Zimmerman is gonna walk. Go fuck yourself. Looky what this nigger told me,1,cyberbullying,,
Malcolm X-----said that so called Negro leaders are PUPPETS and PARROTS for the white liberals He said that you can't find one Negro leader that not controlled by white liberals Video,1,cyberbullying,,
@yoimdanii fuck up dumb e hoe go send more niggers your nudes,1,cyberbullying,,
They can't say fuck but they can say nigger #boondocs this shit is sooo dumb*,1,cyberbullying,,
the fat fuck needed 2 breathes betwean actuins... calling him self a dumb nigger... be nice.,1,cyberbullying,,
"I'm white. My whole life I've treated people as friends. Black, white, Latino, Indian etc. Only the past 2 months have I become a racist. Why? I'm white. Whether I believe it or know it I'm racist. Never have been before. Never done or thought anything racist, but now I am??",1,cyberbullying,,
This dude is blacker than midnight talking about he thinks niggers are dumb like ur ugly and dumb as fuck ima delete ur ass,1,cyberbullying,,
@MoriahRae1: Fucking Nigger won again. Look u dumb ass white trash stupid redneck Hoe stop being sooo damn stupid it's 2012 u fuck,1,cyberbullying,,
There is Racism still w/whites but YET instill its still A LOT OF U COLORED ones still prejudice &amp; hating on your own color!,1,cyberbullying,,
"the dumb fat white girl convention must be held in coonville this yr smh RT @tayyoung_ FUCK OBAMA, dumb ass nigger",1,cyberbullying,,
"And I'm not dismissing you for being white, but I'm dismissing you saying that it is not offensive and ""the same as black"" because it is not. If a black person is called a negro by a white person by any means, it is racist, point blank period.",1,cyberbullying,,
@SpikeLee You stupid fuck you have no fucking right to do that you dumb jig go fuck yourself niggers like you fuck shit up for your own race,1,cyberbullying,,
This shit is disgusting how black niggers can act lol,1,cyberbullying,,
"I laugh at everything, EXCEPT for those chiease jokes people make bout my eyes -___- dumb fuck niggers",1,cyberbullying,,
"Having a discussion on â€œgo back to where you came fromâ€ù itself is hatred, racist, and most likely it happened to a good amt of POC. I would say majority isnâ€™t a hoax. To pick a small incident that is a hoax is defending racism and hatred.",1,cyberbullying,,
"Fuck all you black as niger, what's my agenda none of ur damm business, you just pick my damm cotton. You dumb black blasters. It's a",1,cyberbullying,,
"How are you going to tell me how to feel? I mean remember not too long ago we still held signs â€œno blacks no dogs no Irishâ€ù and in the sixties the signs didnâ€™t just say niggers, monkeys and black, The also said noâ€ùcolouredâ€ù thatâ€™s the issue Amber knew itâ€™s a very disgusting term",1,cyberbullying,,
@kalzoney nigga I got class,1,cyberbullying,,
"lmaoo brittany out of control lmaoo RT @JUICY_BRITTANYX Bitch you better watch it ""@tayyoung_: FUCK OBAMA, dumb ass nigger""",1,cyberbullying,,
"Upset ...lmao RT @ExxcuseMyPretty somebody is mad. #4MOREYEARS RT @tayyoung_: FUCK OBAMA, dumb ass nigger",1,cyberbullying,,
RT @onlyashlywould: if yo bestfriend dont call/act like ur girlfriend when she see a ugly nigga trynna yike w u at a party they aint your bÃ¢Â€Â?,1,cyberbullying,,
"Fuck it, I'm just assuming that people were calling me a ""dumb nigger"" while I was at suffolk and I'm cracking skulls when I get in school",1,cyberbullying,,
@hayyney what is a fuck nigga dumb ass nigger cunt monkey bitch thing,1,cyberbullying,,
"STAY MAD xDD :@siimplyPreddie SALTY! RT @kaytrendyme_: VERY mad. RT @bello_xo: you mad though. RT @tayyoung_: FUCK OBAMA, dumb ass nigger",1,cyberbullying,,
Death grips? Get the fuck out of my face with that kiddy shit what do I look like a dumb nigger or something? -Anthony Fantano,1,cyberbullying,,
Tell your nigger friend this and tell her to unblock me so we can continue this you dumb fuck,1,cyberbullying,,
You 2 dumb ugly fuck nigger name wayne positive Trash soft ass nigga pic.twitter.com/6ocLKMeKOQ,1,cyberbullying,,
"HOLY CRAP BATMAN, THOSE NIGGER WINCHES GOT US LOOKING LIKE COMPLETE IDIOTS IN THE PRESENCE OF MUSLIMS! LET US USE THE DUMB AS FUCK RAP",1,cyberbullying,,
"Lol thank you I appreciate white people like you So Sad God bless you RT @tayyoung_: FUCK OBAMA, dumb ass nigger",1,cyberbullying,,
UR THE ONE THAT SCREAMED AG ME FIRST,1,cyberbullying,,
"@latry @TrinidadJamesGG @MileyCyrus your dumb as fuck, NIGGAAA learn that ""nigger"" means ""ignorant person"" not just black get over urself fr",1,cyberbullying,,
Got called a nigger the other day and i laughed in that bitch face she felt dumb as fuck,1,cyberbullying,,
"@TheICON_BEAST bitch your dark ass fuck you GAY ASS AKON REJECT, smh who edits photos? Faggots fucking dumb nigger learn how to spell",1,cyberbullying,,
@casspernyovest wish u could call me 2come and fuck up dis dumb ass nigger 4u bro,1,cyberbullying,,
"What she said! Stay mad! Hahah â€œ@Miami_Chica: You mad bitch? Well stay the fuck mad! RT @tayyoung_ FUCK OBAMA, dumb ass niggerâ€ù",1,cyberbullying,,
butt nigger dumb fuck ass stain bowel queef honkey clonker fritz drooling diseased mucus all over his God forsaken bottom lip looking like a strumpet ass twat booger lip bitch hole fuck cunt hooserhausin yellowbellied flat foot chip tooth two dollar cuntly oaf,1,cyberbullying,,
@goshawty123 saying nigger is racist you dumb bitch . Black ppl say nigga . How illiterate are u ? Like grow the fuck up .,1,cyberbullying,,
I'm a racist ass mofo I don't give a fuck bout crackers spics Arabs chanks or niggers if y'all dumb enough to fall in with stereotypes #gtfo,1,cyberbullying,,
"Itâ€™s always the old whites who message you about being a sugar baby, never a salt and peppered negro . I donâ€™t want pink meat. I donâ€™t want to be called a white mans whore. Leave me alone",1,cyberbullying,,
"Yall shluts anyways. RT @tayyoung_: FUCK OBAMA, dumb ass nigger",1,cyberbullying,,
You 2 dumb ugly fuck name wayne ugly nigger pic.twitter.com/nulMByqunA,1,cyberbullying,,
Wtf this dumb fuck just fired shots? Stupid nigger,1,cyberbullying,,
Why some dumb niggers fire bomb a car on the street smh stupid mothefuckers you gone fuck up yo shit Damn dummy,1,cyberbullying,,
That man called you out and you are here demoralizing a Black woman. Who has the biggest testicles? It may be him. He's fighting for his rights to screw white women. You on the other hand are too busy trying to remind me of my Negro status. F U,1,cyberbullying,,
"............RT @tayyoung_: FUCK OBAMA, dumb ass nigger",1,cyberbullying,,
People dumb as fuck. That white lady clearly ainâ€™t mean to say Los Angeles niggers.,1,cyberbullying,,
Sum black ppl are soo stupid darkskin lightskin to other races ur still a nigger remember that u dumb fucks,1,cyberbullying,,
Uhm ok so u also used the straw man fallacy by talking about the waiter and how it was â€œracistâ€ù just Bc he was colored when we were clearly discussing aboutâ€ù transgendersâ€ù. uhm u also used the red herring fallacy using â€œ racismâ€ù as a way to show some similarities between the 2,1,cyberbullying,,
"â€œ@tayyoung_: FUCK OBAMA, dumb ass niggerâ€ù y'all see this shit.........",1,cyberbullying,,
HELL NO DUMB STUPID BITCH TF WRONG WITH BETTER DEACTIVATE YO SHIT AGAIN DUMB LIL NIGGER LOLOLOLOL FUCK OFF CUNT,1,cyberbullying,,
"When your 4 year old sister gets on Xbox and calls people Dumbass Niggers and Stupid little bitches and tell them Fuck you, you dumb bitch",1,cyberbullying,,
Yeah the dumb ass is mad RT @_RudeGal: You mad huhRT @Ignorant_Fucks Our president is a dumb nigger #nigger,1,cyberbullying,,
"Racism is like a stain on ur colored clothes, u can't bleach it Kuz it ain't white.",1,cyberbullying,,
So my coworker says her husband going around calling ppl dan dumb ass niggers man I would fuck his honky ass up,1,cyberbullying,,
"Â«@tayyoung_ FUCK OBAMA, dumb ass niggerÂ» get WITH it BITCH!!! OBAMA HOE",1,cyberbullying,,
Fuck red and white dumb ugly nigger pic.twitter.com/kTX0Fpn9Cn,1,cyberbullying,,
"CONTACT ME, BECAUSE RACISM STILL EXIST. I WAS CALLED A ""NIGGER"" BY A WHITE GIRL ON DECEMBER 12, 2018 AT A HARRIS COUNTY PUBLIC LIBRARY. I HAVE THE INCIDENT REPORT THAT I MADE IN MY HAND.",1,cyberbullying,,
Donald Trumpâ€™s rise to fame is based on the very fact he was taken to court for red lining against African Americans. Anything that states DT is â€œproâ€ùblack Americans is blatantly propaganda You seem like a reasonable person. I ask you read further into his racist past and present,1,cyberbullying,,
Words to never say in the getteo cracker wacker fuck your couch oh and Nigger ya dumb,1,cyberbullying,,
"#Dafuck bitch!!! RT @Pretty_BSJ: Bitch stfu .RT @tayyoung_: FUCK OBAMA, dumb ass nigger",1,cyberbullying,,
"Me: shut the fuck up you dumb nigger Muk: yea I'm leaving, go find some choogs with your other noogers",1,cyberbullying,,
Sebastien...you look dumb as fuck now...kys #nigger,1,cyberbullying,,
@GarrettaBrown85 @5Candrew Why do people even talk about white privilege when the majority of food stamp recipients are white people!!,1,cyberbullying,,
"RACISM is wen u select ur white clothes,n wash dem before the black/colored ones!! Say NO to RACISM... Wash them together""",1,cyberbullying,,
You're pissing me off & then ima kick your real dumb nigger ass!! :| don't fuck with me!,1,cyberbullying,,
"@PoliticalKathy What U said is racist &amp; U know it! People of color, like Urself, can be racist towards other people of color. Religion, well U discriminate Muslims &amp; their different ethnic backgrounds which goes back 2 racism of other colored people! Sad!!",1,cyberbullying,,
Now we all got business cards. Dumb hurt to fuck to death lying ass nigger you. You sorry ass begging nigger you.,1,cyberbullying,,
Fuck you bitch dumb nigger,1,cyberbullying,,
I got this dumb ass fucking nigger in my lab group and he's dumb as fuck,1,cyberbullying,,
she's mad lol â€œ@Fucccccc_: I hope you get yo ass beat . Dumb broad â€œ@kimberrlym_: Fuck you nigger #CANELOTEAMâ€ùâ€ù,1,cyberbullying,,
"Hey @ACLU @splcenter @FBI @SantaMonicaPD @RepSwalwell @RepMaxineWaters @SenFeinstein @Govjerrybrown WHY WASN'T THIS DISGUSTING #WhiteMan ARRESTED ?? Attacks Black Woman &amp; commited Hate Crimes verbal &amp; physical assaults as he kicked her &amp; called her ""niger"" repeatedly.",1,cyberbullying,,
"@ajplus Fucking liars, every evil they comitt will be blamed on isis, how about Iraqi troops separating boys and detaining/toturing them?",1,cyberbullying,,
This nigger ain't black idk wtf he is. All I know is that he is a dumb fuck with no common sense https://twitter.com/dearyoufromwe/status/750124864619417600,1,cyberbullying,,
"â€œ@tayyoung_: FUCK OBAMA, dumb ass niggerâ€ù FUCK YOUR GRANDMOTHER &amp; HER ASHES",1,cyberbullying,,
#DIAMOND IS DEFINITELY #MONA TOP #COON #EXPLOITEE THIS SEASON.  #MIMI IS PRAISING GOD THIS IS AIRING BEFORE #LHHATL SHE NEEDED THIS #LHHNY,1,cyberbullying,,
JULIA IS OFFICIALLY ONE YEAR OLDER FOR ME !!! HAPPY BIRTHDAY !!!!! lit rally one of my closest and first twt friends you make my days better and ur an icon never change you're the bestest and ilysm @xuxislayer123,1,cyberbullying,,
"This racist ass bitch smh. The hate will never stop â€œ@tayyoung_: FUCK OBAMA, dumb ass niggerâ€ù",1,cyberbullying,,
Very actually thx ur one if the first people to take this seriously,1,cyberbullying,,
"â€œ@tayyoung_: FUCK OBAMA, dumb ass niggerâ€ù ignorance at its best. Smh",1,cyberbullying,,
"Tired of the wack ass niggaz getting recognition, nomore games ! Y'all gonna know my name !!",1,cyberbullying,,
#IWishIHad d energy to beat d. Fuck out of dumb ass niggers,1,cyberbullying,,
Couldnt log in to do my music homework! fuck online classes dumb bitch ass nigger shit! Grrr #withdrawn,1,cyberbullying,,
"Well I'm a server, and I don't know why they would do this, but they gave me a black family and they were disgusting niggers",1,cyberbullying,,
"Lmfao FREE SCHOOLS, DUMB NIGGERS! RT @RoJustDGAF: fuck @VeniVendetta got me crackin the fuck up in the store but school free tho"" lmfao",1,cyberbullying,,
"BITCH YOU MAD AIN'T YOU.!!! #TEAMOBAMA Whhhhuuuudddduup.! RT @tayyoung_: FUCK OBAMA, dumb ass nigger",1,cyberbullying,,
Some niggers is dumb wateva fuck them anywaysz asshole,1,cyberbullying,,
"100% which is why its called Black Lives Matter. It is a totally white hating Marxist drugs money laundering outfit. It uses ADHD, OCD, Asperger white kids to look 'all inclusive.' They even hate half black folk who carry the white slaver gene. First slavers were Egyptian Negros.",1,cyberbullying,,
someone's mad ... *hands you a tampon* . RT @Colton_Zappe: Fuck that dumb nigger Obama,1,cyberbullying,,
"Y dis dumb FUCK in a red mustang on 95 north wit da drop top open but da nigger drivin got on gloves, hat &amp; jacket? #dumbshit",1,cyberbullying,,
"And on a side note, any black dude who is into white women telling them to give them that ""nigger dick"" during sex Is fucking disgusting.",1,cyberbullying,,
Now beat the fuck out of each other dumb niggers,1,cyberbullying,,
like wtf did you think i was gonna laugh at you basically calling me a nigger jokingly and thinking thats funny? type of fucking dumb shit i be hearing man!!! niggas dumb as fuck!!!!!!!,1,cyberbullying,,
Your best friends a monkey looking nigger so shut the fuck up you dumb cunt.,1,cyberbullying,,
Thatâ€™s sad af. I see my family just accepting anything from bm and I want to scream do better and look past your social circles. Iâ€™m with a black man and Iâ€™m his world. Heâ€™s never disrespected a black woman nor put nbw above bw. We cater to eachother,1,cyberbullying,,
For 2020 blackpink have the most wins for one song got the most highest pak for gg And also ur faves debuted first and constantly cb 2-3 and promoting music shows while bp cb once a yr and promote only 2 MS. But one song enought to outsold M&amp;M,1,cyberbullying,,
"EERP! #Obama2012 RT ""@tayyoung_: FUCK OBAMA, dumb ass nigger""",1,cyberbullying,,
"Yeah but I bet your love that black dick bitch""@MyHolyPussy: #iHaveNoLoveFor niggers. They are disgusting and they have AIDS""",1,cyberbullying,,
HOW THE FUCK YOU GOT 9 SONGS AND I MEAN NINE SONGS ON YOUR ONLYFANS ACCOUNT AND YOU CHARGING $29.99 A FUCKING MONTH...I SWEAR SOME OF YOU NIGGERS ARE DUMB...SO FUCKING DUMB YOU MAKE ME ASHAMED.....MAYBE I'M GETTING OLD BUT I DON'T REMEMBER MUSIC CD'S COSTING $29.99 EVERY.,1,cyberbullying,,
osker grant (woodside): fuck that dumb nigger should have gotten more it's NOT ok to contact this poster with ... http://bit.ly/kP30wd,1,cyberbullying,,
@Junglee_Jim wow u sound like a broken record u dumb nigger now fuck off seriously,1,cyberbullying,,
@_LilMae @briskiee_ @vick_williams96 @YounGesT_PounD cant fuck with no dumb niggers,1,cyberbullying,,
"I'm on the outskirts of B'ham, Trussville, and most of my neighbors are Black. There are no yard signs, either pro Trump, or pro Biden anywhere. But in the past 8 yrs, I've never seen or heard anything like what has happened in the past 2 nights. It's been spectacular!",1,cyberbullying,,
"White people say some dumb ass shit then wonder why ""niggers"" wanna knock em the fuck out , stay In your lane white bouls.",1,cyberbullying,,
"A false assertion by Biden. It was probably the majority. Just a few examples: Woodrow Wilson called blacks ""an inferior race"" and screened racist movies in the White House. Nixon called black ""Negro bastards"". Reagan called Africans ""Monkeys who are uncomfortable wearing shoes.""",1,cyberbullying,,
@killzarin fuck you dumb fucking sand nigger,1,cyberbullying,,
Saw My Lil'Nigga @DopeShitt__ Dis Mawning !,1,cyberbullying,,
"Exactly. And with these masks it's HIGHLY possible. I don't put anything past these people. Google ""Black male latex #mask.",1,cyberbullying,,
Great shot. There is a similar confluence in Brazil near the city of Manaus. Encontro das ÃÅguas is where Rio Negro and the sandy/white-colored Amazon River (also called SolimÃµes River locally) meet. They run together for about 5-6 km before mixing completely.,1,cyberbullying,,
@Rxppling @Zhorahs @marcoli64 you're dumb as fuck nigger,1,cyberbullying,,
fuck wiz khalifa and black and yellow.. dumb ass niggers and they stupid ass agendas,1,cyberbullying,,
Fuck red and white dumb ugly nigger name Wayne Positive trash soft ass nigga pic.twitter.com/6BBKr5RkCn,1,cyberbullying,,
@We_Hate_Niggers lol!! Hahaha waab!! Your funny!! But I bet you won't try the shit I promise you will be a dead man walking ..dumb fuck!!,1,cyberbullying,,
"RT @tayyoung_: FUCK OBAMA, dumb ass nigger --- #MADWHITEPEOPLE",1,cyberbullying,,
Where I come from the word nigger offends me you're fucking white you dumb fuck,1,cyberbullying,,
"negro in Spanish is not a slur it's a colour and adjective, the word for black. like ""blanco"" is white. ""moreno"" means tanned and is often used as an euphemism to avoid saying someone is black. black spanish people would be upset if you called them moreno and not negro.",1,cyberbullying,,
Just saying because I bought one for my son at Christmas and cost me about 1700 for everything. Granted it was a pre- built but idk first thing about building a pc,1,cyberbullying,,
@JEcountryboy so its ok to say nigger is what your telling me ? And it was a year not 2 dumb fuck &amp; that other tweet you tweeted in Sept,1,cyberbullying,,
"Shut the fuck up you dumb nigger. Never tweet again or the clan will get you, you chicken loving ape.",1,cyberbullying,,
Saw two gay guys in amk library...one tall nigger wearing a black tshirt kissing a skinny indian wearing white tshirt...omg disgusting!!,1,cyberbullying,,
"well i personally dgaf about the """"large amount of niggers"""" in europe i give a fuck about this nigga corbin and his dumb last name",1,cyberbullying,,
@InaGroll We know you fuck niggers you dumb cunt! http://www.dailystormer.com/npd-disassociates-from-model-after-she-makes-porno-with-a-black/comment-page-1/,1,cyberbullying,,
"Bitch shut the fuck up and respect your president hoe! RT @tayyoung_: FUCK OBAMA, dumb ass nigger",1,cyberbullying,,
@HoskinsTy96: White boy power bitch black power bitch,1,cyberbullying,,
"Racism is when u select yours white clothes n wash them first b4 de black n colored ones, SAY NO TO RACISM n wash them all @de same time",1,cyberbullying,,
"@tayyoung_: FUCK OBAMA, dumb ass nigger Telly Tubby lookin Bitch mad af! Ctfu",1,cyberbullying,,
"both of yall look like Edward Scissorhands in the face RT @tayyoung_: FUCK OBAMA, dumb ass nigger",1,cyberbullying,,
Fuck that dumb ass nigger kike. Fukn bum ass jew cunt. tell me i cant c0me inside till i wash ur car u can suck my butt bitch,1,cyberbullying,,
"Blah, blah, fear, fear, blah, fear, fear, I past a test, blah, blah, blah, Trump can't read his script, fear, fear, blah, they are Black and will fear, fear, blah, blah. I saved all of us from the virus, blah, blah. Obama did it, fear, fear, hate, blah. Did I miss anything?",1,cyberbullying,,
"Imagine ur first comeback is lucky one and monster,,, I was so lucky",1,cyberbullying,,
Dave focking right everybody be mad as hell for saying the word faggit but nobody gives a fuck when we use nigger yâ€™all some dumb mother fockers,1,cyberbullying,,
@Black_success you are a sick and disgusting yellow nigger!,1,cyberbullying,,
Ty bby. Ur the best and youâ€™ve encouraged me so much! I feel like u were one of my first friends ily endlessly!,1,cyberbullying,,
Don't follow this bozo nigga is white and called me a negro,1,cyberbullying,,
@senpaigaharabot shut the fuck up u dumb nigger,1,cyberbullying,,
Dumb nigger in fortnite killed me I was stacked as fuck too,1,cyberbullying,,
I'm confused on why you say fuck a nigger? Ain't ya daddy black? Bitch are you dumb or are you dumb? Fuck outta here.,1,cyberbullying,,
@lakimcardasian who you think you are when you defend rocky it first breaks the stuff of others and is so Nigger that it will not replace it and then beaten up with a bunch of junk Dumb guys i do not respect you for a fuck.,1,cyberbullying,,
RT @corralt93: Fuck you obama you dumb black nigger,1,cyberbullying,,
"YOU MAD??????? OH...WHO CARES!!! RT @tayyoung_ FUCK OBAMA, dumb ass nigger",1,cyberbullying,,
So what..You call all white ppl Devils ..Thats worse then being called Negro..Plus u call black ppl Negros to...Wow...,1,cyberbullying,,
"Â«@tayyoung_ FUCK OBAMA, dumb ass niggerÂ» you mad, bro? Haha",1,cyberbullying,,
"â€œ@tayyoung_ FUCK OBAMA, dumb ass niggerâ€ù bitch shut tf up n obey yo president!",1,cyberbullying,,
They r all weirdos every single one of them... ur first mistake was trusting men,1,cyberbullying,,
Wow RT @WrightStateUniversity: Yeah? Ok dumb nigger RT @FRESH2DEF216: I just parked illegal as fuck lol no pass or nothing #firstdayofclass,1,cyberbullying,,
Huh lol RT @Cracker_John: @dblcheesemeeks dat i random as fuck yuh dumb nigger....but ill agree wit ur planet of the apes looking ass..,1,cyberbullying,,
"@FellasLoveBJ #Dead lmaooooo... aye thats funny shit ima use that! yeah he good as dead, dumb nigger lol and FUCK YOU yellow ass =]",1,cyberbullying,,
"Since this is open, i would like to state.... AFRICA IS SAFER WITHOUT HATRED. We clearly got the minimum count..... You Americans called us negros, &amp; Thank you Lord for teaching these white ..... a lesson. Took us as slaves, jesus has come back.@realDonaldTrump",1,cyberbullying,,
@CoachK1992 dumb fucking nigger! Fuck,1,cyberbullying,,
Pop a Beer I'm Sweating #HowTo #Vine Fuck is a #Molly Dumb Niggers https://vine.co/v/hgzuDpeW3x6,1,cyberbullying,,
"ur so talented man, may i use the first one as my avi, sorry for asking again i donâ€™t wanna use it unless i have ur permission",1,cyberbullying,,
Negro really just called me a c**n because I disagreed that Michael B Jordan playing Scarface would be career suicide.... Same dude worships Scorsese whose early films had his white characters say N****r in every film. Tough talk when you're in a completely different country,1,cyberbullying,,
"Girl FUCK YOU ! RT @tayyoung_: FUCK OBAMA, dumb ass nigger",1,cyberbullying,,
â€œ@MrStayinyolane: â€œ@sniperkc: I just realized ... Meryl ..Daryl .. Haha so late #TheWalkingDeadâ€ù DUMB FUCK.â€ù Eat this juicy nigger cock bruh,1,cyberbullying,,
"Dear ignorant white ppl, stop trying to insult me by calling me a ""nigger"". I am 100% PUERTO RICAN you dumb fucks",1,cyberbullying,,
Fuck the pursuer dumb nigger,1,cyberbullying,,
YOU BLACK BITCH ALL THEY SEE YOU AS IS ANOTHER DUMB ASS NIGGER WHO'LL KISS THE FEET THAT THEY WALK ON JUST BECAUSE THEY GAVE YOU A BAG... REMEMBER BITCH YOU WORK FOR US... WE'RE THE MAIN REASON WHY YOU GET A PAYCHECK FUCK YOU MEAN https://www.facebook.com/abby.c.hepburn/posts/1882568655089314,1,cyberbullying,,
Unfortunately no matter how loud you scream it they wonâ€™t hear anything past the idiot sticks they have shoved in their ears,1,cyberbullying,,
"Just my school downplaying blatant racism and referring to a racist student calling my black friend a nigger as a ""bias incident""",1,cyberbullying,,
"You did not just call me a dumb nigger, who the fuck do you think you are. #assholes",1,cyberbullying,,
You 2 dumb ugly fuck nigger name wayne positive Trash soft ass nigga fuck red and white black brown pic.twitter.com/Z1Rzs3N75Z,1,cyberbullying,,
"There wouldnâ€™t be anything in pop culture without the Black, Trans and Queer culture from the past and current times.",1,cyberbullying,,
bitch made niggers up my ass obsessed m****fuckers your fucking up my mood dumb bitch and that shit means a lot so dont. dont fuck up my vibe,1,cyberbullying,,
Fuck Your Life Dumb Nigger #textgram http://instagr.am/p/REExfJIRmo/,1,cyberbullying,,
"@tayyoung_: FUCK OBAMA, dumb ass nigger smh you're sad",1,cyberbullying,,
"like u needa look up how to spell lmao RT @chea08: Dumb fucks need to look up the detention of ""nigger"" because it doesn't say BLACK.",1,cyberbullying,,
RT @MikeSimsWalker: RT @SamJags: @MikeSimsWalker FUCK YOU DUMB NIGGER!!!! JAGS SUCK FUCK YOU!!!!!&lt;Wow!,1,cyberbullying,,
@Based_World avi is stupid as fuck. Dumb nigger lmfao.,1,cyberbullying,,
@flanzamakhadanc I didnt fuckin break ur cord u dumb fuckin nigger. Fuck u ill buy ur bitch ass another cord Idgaf u beatoff. #scumthisdick,1,cyberbullying,,
"â€œ...the negro is not equal to the white man; that slavery, subordination to the superior race, is his natural and normal condition.â€ù - Alexander Stephens, Confederacy VP Nancy Pelosi just called for his statue, and others, to be removed from the Capitol.",1,cyberbullying,,
"(Acts 29:18212) REBELLIOUS unto God of God's own divine dark skinned ""Golden"" Negro Hebrew Nations of God's people ""now"" gone over to the devil like the Potter's House rich black man called the great ""white"" preacher of Satan, still teaching about Satan and the devil's Church, in",1,cyberbullying,,
"Iâ€™m telling you as a black man, not a POC like you, that what Kanye said isnâ€™t anything special, genius or exciting. It was bullshit. A rich man telling poor people that weâ€™re too â€œobsessed with our pastsâ€ù yet the actions of the past affect pur daily lives.",1,cyberbullying,,
"if you actually knew how to read the pedo narrative put on him is false. He was 15 when the girl was 16 and she lied. if youâ€™re a black male, they police will charge you with anything because of this thing called systematic racism you saying â€œpastâ€ù like he stop cheating on her",1,cyberbullying,,
"Goodmorning. Free Cello Growl available here. Dedicating mine to the lady in the co op who pushed past causing much distress and anger, but you can use yours for anything you like. Black and white video of cellist playing Sounds like low angry cello #Cellist #MusicIan",1,cyberbullying,,
HWTS TGE FUCK THESE DUMB NIGGERS ARE CAMPING THATS ILLEGAL,1,cyberbullying,,
"bruh ur so boring, first one is a tory lanez album, 2nd is summer walker, 3rd is jackboys and travis",1,cyberbullying,,
See what I mean RT @Malt_bia: Talmbout you got 'stacks'...yea nigger but what did you risk to get it? You dumb fuck.,1,cyberbullying,,
@quismar12 if that's not the most false assumption that's ever left your mouth you stupid ass good for nothing dumb fuck nigger,1,cyberbullying,,
Not just the leftist media but the white liberal Democrats and their token negros (as Malcolm X called them),1,cyberbullying,,
"Ideally,When we go for Darshan,we need to see His Feet first then see His Divine Face; but the crowd is so much, hefty men carry their kids on their shoulders,block view, staff literally grab Ur waist,shoulder and push you,so, stumbling,one sees His Face for a second that's it!",1,cyberbullying,,
Disgusting did you hear that black person saying that the wrong nigger we would end up in court for saying anything like that,1,cyberbullying,,
"God RT @AntiDARKSKINNED: Don't start with that ""I'm brown"" bullshit. You are black, you are a nigger. You are filthy &amp; disgusting.",1,cyberbullying,,
So black lives matter only focuses on police brutality? They donâ€™t care about anything else? At 16 I was street gang member and now speak in school classrooms about my past life and how not to follow the road I was on. I hope my past helps all kids regardless of skin color.,1,cyberbullying,,
Fuck you Maicon dumb nigger gave Bale a career,1,cyberbullying,,
Why is it when your in a great mood some dumb ignorant fuck has to try n jack shit up?!?!....I will NOT have a nigger moment!!!,1,cyberbullying,,
"Derrick B mad that Black Rob called his woman â€œbaby mamaâ€ù! Negro done heard worse from those white men who drafted him, white sports guys talking about him, but now heâ€™s mad at Black Rob?Lol",1,cyberbullying,,
@ForeverPalesa I do wut I want nigger most black peoples hair is disgusting,1,cyberbullying,,
"They said, you canâ€™t take want Kanye says in the past to mean anything in the present. If you knew Kanye you would know that. (But yâ€™all wanna vote him into a position where what you say in the past is a direct accountability issue in the present. Ok.)",1,cyberbullying,,
Me side-eying film critic twitter who defended that goofy negro who called Blue Ivy ugly and that white woman who blamed us for why Greenbook won an Oscar but NOW want to speak up on why our lives matter. Iâ€™m good. We donâ€™t need you.,1,cyberbullying,,
"Yâ€™all real life dumb as fuck, I hate you niggers, and yâ€™all know who yâ€™all are.",1,cyberbullying,,
first impression: i like ur name :D your nickname in my head: max?? closeness ratings [1-10]: 1 do i like you: sure lol i dont know u you are my: ??? ever had a crush on you: no should you post this too: if u want one random thought: hello,1,cyberbullying,,
"@tayyoung_: FUCK OBAMA, dumb ass nigger Catch Fade ?",1,cyberbullying,,
@ImagineTG @RicansTG this fucking nigger called me an ogre. This kid is dumb as fuck,1,cyberbullying,,
"Fuck out ta here with that ""I can say nigger because I'm Jewish and people are racist towards us too"" shit. Dumb ass.",1,cyberbullying,,
"Ridiculous. Or is it a strategy to fracture the black vote? I donâ€™t put anything past POTUS. Heâ€™ll try anything to win. Seriously, Kanye?",1,cyberbullying,,
@TuckMyJPP YOU CAN BE A NIGGER LOVER ALL YOU WANT BUT KEEP YOUR DISGUSTING BLACK FRIENDS FROM TALKING TO ME YOU MARIACHI BAND BITCH.,1,cyberbullying,,
"@NET_ZONER: @tayyoung_ FUCK OBAMA, dumb ass nigger"" BUT YOUR PRESIDENT IS BLACK THO HAHAHAHAHAHAA HAAAAAATER"" loooooooool",1,cyberbullying,,
Some Nigger's Are Dumb Has Fuck ( @AmbroseFarmer ),1,cyberbullying,,
"@brvden ANWAY, don't say nigger, and don't be a dumb fuck. bye",1,cyberbullying,,
".@hilaryr's candidate, Joe Biden, fondly remembers plantation owner/white supremacist and U.S. Senator James Eastland, who once called for the abolishment of the ""Negro race"": â€œHe never called me â€˜boy,â€™ he always called me â€˜son.â€™â€ù",1,cyberbullying,,
"Thanks for adding more ammo to my #NeverKamala stockpile. Why would I a black woman, trust or believe anything a woman like Harris would say or do with a past, as such, along with questionable ties to WS and wealthy donors? With my money?! To help the poor?! #MakeItMakeSense",1,cyberbullying,,
"And then Shane being part of it, like I loved Shane in the past, and as a young fan at the time I didnâ€™t think shanaynay was racist and I thought black ppl were ok with it coz no one said anything, according to what I was exposed to. And now itâ€™s like....",1,cyberbullying,,
FUCK YOUR BREAKING NEWS.. real spit my dumb ass niggers,1,cyberbullying,,
"More like he called himself brown because his skin is brown, and he calls white people peach skinned. He doesnâ€™t label people black or white. LAâ€™s refer to each other as negro or trigeÃ±o. Not marrÃ?n. The left runs on the fake pillar that keeps it propped up, racism.",1,cyberbullying,,
That BLACK MAN was just treated like a nigger by ESPN! He said nothing wrong! Did NO HARM! Molly Q was briefed to do that in her ear wedge!!! Utterly DISGUSTING AND UNJUST! #AmeriKKKa,1,cyberbullying,,
@Khi_Blazee no life bum? My dad owns a buisness dumb fuck while your slutty mom is getting payed shitty like every other fucking nigger,1,cyberbullying,,
"dont u dare compare a racist white woman to elijah, it is about colour, white people have made it that way. elijah deserved his redemption, bc his personality originated from struggles and pain of racism. josie pye is a rich white girl who dismissed marys death cus shes ""colored""",1,cyberbullying,,
@CrakersInAfrica @SportsCenter hey stupid nigger.. the jazz have 13 wins and you won by 3 dumb fuck,1,cyberbullying,,
"Dumbo is known for racism from both ethnicity as I witnessed a hispanic calling a black a nigger. My high level mason family were on the phone with me when the racist incident happen, and I'll be meeting with some of them tomorrow in possibly pressing criminal and harassment",1,cyberbullying,,
"Itâ€™s about something thatâ€™s finished. Been and gone. That none of us are anything to do with. Crying about the past and trying to erase history, rather than fixing the present &amp; the future. How pathetic. Black Slavery is happening TODAY. Right now. But you donâ€™t care.",1,cyberbullying,,
really? really? racism from other races just isn't enough? RT: @JayFrogs That's cause u high yellow u ain't colored lol,1,cyberbullying,,
"Why y'all so mad? Blame Mitt Romney for not winning! â€œ@tayyoung_: FUCK OBAMA, dumb ass niggerâ€ù",1,cyberbullying,,
@OneAndOnlyAkash I don't doubt that where I live racism exists to I'm talking but the word. Nobody uses colored no more!!! Where u live at?,1,cyberbullying,,
"They ask how local #NewsPaper #media #journalism is crushing &amp; not trusted: @leicslive wrote MERE RD is re-opened (no, its not). While #racism #discrimination #inequality of #police @leicspolice @LeicsFireRescue - what is it (u dnt trust colored folks #BAME): all on-site WHITES!!",1,cyberbullying,,
omfg this nigger dumb as shiitttttt. fuck,1,cyberbullying,,
Went to Mississippi on business from California. Front office consisted of all white. Warehouse consisted of all black. CEO was proud that his employees were not NWA. Never heard that and asked the jerk what he meant. Niggers With Attitudes and the office laughed. Disgusting!!!,1,cyberbullying,,
name a one direction song that starts with the first letter of ur last name,1,cyberbullying,,
it's been a long long time but ur one of the first mutuals i had on this hell app and i'll always be grateful,1,cyberbullying,,
i wasnâ€™t in ur page in the first place werido. i responded to someone else &amp; u hopped in. also ur the one whoâ€™s a fan. baby u still remembed me from a whole ass week ago. sit down.,1,cyberbullying,,
Fuck you dumb niggers hang them @Kriegsson,1,cyberbullying,,
"1st he called me a ""nigger lover. disgusting"" im assuming bc my best friend is black. &amp; threatened me when i called him an old creep.",1,cyberbullying,,
Thats PRESIDENT OBAMA* to you RT @Colton_Zappe: Fuck that dumb nigger Obama,1,cyberbullying,,
â€œ@felicia_Shahan: A nigger doesn't even mean a black person . It means a disgusting human being .â€ù uh,1,cyberbullying,,
Black Mob Swarms Georgia Walmart to See 'How Much Damage' They Could Do http://bit.ly/1C7w0ZA via @BreitbartNews &gt;&gt;JUST A BUNCH OF PUSSY ASS POS TRASH THUG NIGGERS WHO ARE TOO LAZY TO WORK AND MAKE IT ON THEIR OWN!!! DUMB FUCKS!!!!,1,cyberbullying,,
"@tmears MOTHER FUCKING COCK SUCKING DUMB ASS MOTHER FUCK, I HATE THAT NIGGER MORE AND MORE EVERY STATUS MOTHER FUCKER ASS HOLE SHIT NIGGER",1,cyberbullying,,
"RIP to her mentions RT @PecannSundae: This how u die .. food for thought shorty RT @tayyoung_ FUCK OBAMA, dumb ass nigger",1,cyberbullying,,
@CRAVIZ0NE â€”first impression: ur name is cute !! â€”your nickname in my head: the one who makes a lot of threads â€”closeness ratings: 5/10 (?) â€”do i like you: yeshh â€”you are my: creative moot â€”to be honest: i love ur threads theyre so â€”should you post this too: up to you!!,1,cyberbullying,,
RT @ImFunkyDee: @amdatguy says fuck a dumb bitch I say fuck a dumb ass modafarking Nigger&lt;&lt;what nigga o,1,cyberbullying,,
"@_Gokuuuu: RT @_Curd â€œ@tayyoung_: FUCK OBAMA, dumb ass niggerâ€ùyou lil bitchcalled her a little bitch lmao",1,cyberbullying,,
"*Niger Knocking at Vince's* *Dog barks* *10:40 at night* Eddie : ""SHUT THE FUCK UP!"" ""DUMB SLUTTY DOG!"" *Everyone takes off running&gt;""",1,cyberbullying,,
RTâ€œ@RacistTom: hush nigger your just another problem in the system you mean nothing.â€ù it's you're not your! Clearly you're dumb as fuck!,1,cyberbullying,,
"youngtaek speaking english :we must go :really? :we must make up but in my mine ""we will do anything in the power to make sure golden child for ..uhm in sorry man jaehyun~"" LMAO the black hole youngtaek in the past . sorry mr taaaag~",1,cyberbullying,,
RT @iHateHostal: I swear somebody needs to invent a #KanyeShrug emoticon &lt;fuck that dumb nigger!,1,cyberbullying,,
why the fuck is this nigger liking my tweet like say he hasnâ€™t texted me for nearly 2 days. dumb ass,1,cyberbullying,,
You 2 dumb ugly nigger name Wayne Positive trash soft ass nigga fuck jj we don't give a fuck about j who ever heis pic.twitter.com/2RCuckCOIB,1,cyberbullying,,
But we are all niggers to them... Dumb fuck,1,cyberbullying,,
what?? racism? in failing to pronounce your name and colored half of India culprit..Damn girl what cud u do when not liking Mcd burgers,1,cyberbullying,,
@CelphTitledd wya big boii $w@gger panty dropping ass young dumb and final ass kid yameannnnn hotel swag on you soon ford fiesa nigger fuck,1,cyberbullying,,
https://youtu.be/Nhwo_0LMDuw this the first one I found. Thereâ€™s more if ur interested,1,cyberbullying,,
"Been done some shit only couple souls kno, will be a vigilante on the dumb HOE niggers head, fuck it, ur smart niggers every time",1,cyberbullying,,
Racism is when u select yur white clothes to wash first before the black and colored ones....Don't be a racist! Wash them all 2gether,1,cyberbullying,,
"Smfh RT @tayyoung_: FUCK OBAMA, dumb ass nigger",1,cyberbullying,,
"Jus had someone dm me sayin ""fuck you nigger go pick some cotten"" with a Nazi pic on it. All I said was. It's cotton* you dumb fuck.",1,cyberbullying,,
A white man say that if you have 1% of Negro blood then you are a so called Negro and people still believe that to this day. Biracial people are not what we call black. That definition came from a racist.,1,cyberbullying,,
Fuck allah and his goat. Same for dumb gansta niggers and rappers. We need to drown all muslims and feed to pigs in IOWA. Go Trump,1,cyberbullying,,
well fuck........ that dumb nigger well I guess it really does mean we are all dying in a month,1,cyberbullying,,
â€œyou chose to be born as a â€˜coloredâ€™ person in Americaâ€ù what does that even mean? how does someone choose their skin? why does it sound like she justified racism? â€œtake responsibility. you chose to be black in America. it is what it is. poverty exit lol u call that a problem?â€ù,1,cyberbullying,,
"So Fuckin over u dumb,outta touch â€œI fuck my sister, I donâ€™t know 12x2, i hate u niggersâ€ù types lyin abt everything while believing what ur uncle (who has fucked u all ur life) tells u gtf over urself",1,cyberbullying,,
"1 we can try change 1 we cannot do anything about, the 1 we can change needs all people behind it together instead of disregarding the fact that other people that are not Black can be discriminated against, if we spend too much time looking at the past you'll never look forward",1,cyberbullying,,
Iâ€™ve heard it and the shit isnâ€™t cool at all . Yâ€™all donâ€™t want anyone calling yâ€™all â€œniggaâ€ù or â€œniggerâ€ù but youâ€™re going to call another black person a â€œniggerâ€ù . Itâ€™s fucking ignorant and disgusting.,1,cyberbullying,,
@johnnbread fuck yoou than dumb nigger!,1,cyberbullying,,
U dumb â€œ@wood2020: I am vote for the white man! Str8 ^ fuck ya niggers!!â€ù,1,cyberbullying,,
"â€œ@tayyoung_: FUCK OBAMA, dumb ass niggerâ€ù shit like this. Grow up",1,cyberbullying,,
"Why are you mad Fat Girl RT @tayyoung_: FUCK OBAMA, dumb ass nigger",1,cyberbullying,,
Hallmark movies are so racist it's disgusting they will star a token black and make their movies about white women or men finding love us niggers celebrate Christmas also and spend money on Christmas and go through the same things Hallmark,1,cyberbullying,,
"Lmaooo. she mad? RT @StevieJay_: This hoe mad too..awl shit â€œ@tayyoung_: FUCK OBAMA, dumb ass niggerâ€ù",1,cyberbullying,,
"I donâ€™t want anybody being upset that these ppl donâ€™t get pushed.. She was in a huge storyline... her first big one.. and look at what she does. Itâ€™s really idiotic, especially when ur already out for the same reason .",1,cyberbullying,,
Blocked 6 irrelevant halo kids 1 dumb nigger and 1 fat ugly fuck in less than an hour. And I thought the cod community was bad.,1,cyberbullying,,
â€œ@BrendanAlec: And that's why you shouldn't of traded sekac. Dumb fucks the nigger's useless @CanadiensMTLâ€ù WOW I hope you get beat up,1,cyberbullying,,
"Racism is wen UÌ…Ì?Ì¶Ì¥Ì? wash ÅªÑèÌ…Ì? white clothes ist b4 washing DÌ…Ì?Ì¶ blacks n oda colored ones..don't b AÌ…Ì?Ì¶Ì¥ racist, wash dem 2geda",1,cyberbullying,,
u ever just remember this and black out and then wake up with no recollection of anything u did over the past 3 months,1,cyberbullying,,
@POTUS @kayleighmcenany @ABC @CBS @NBC @CNN ASS HOLES AND EVIL WILL ALWAYS EXIST IF U DONT KNOW HOW TO DEAL WITH ABUSE AND NARCISSISTS MAYBE U SHOULD STUDY FIRST ITS EASY IF U KNOW WHAT UR DOING NO ONE HAS TO TOLERATE ABUSE FROM ANYONE EVER THEYRE EASILY HELPED TO LOOK STUPID,1,cyberbullying,,
that hgtv show called bang for ur buck was my first introduction to the way rich ppl really spend like it's no one's business,1,cyberbullying,,
â€œ@King_Kaiser94: @piss_sandwich im drunk aSS fuck you dumb nigger faggotâ€ù you drew,1,cyberbullying,,
Donâ€™t have credibility because they donâ€™t say what you want to hear? Or because they are black and arenâ€™t completely crying foul at everything this country was built on. Using the past to justify an argument about present day is divisive and never solves anything.,1,cyberbullying,,
"Fuck her, let her dumb ass be mad looooool RT @MisterBibb: â€œ@MoriahRae1: Fucking Nigger won again.â€ù( @LIL_HOLLIS @TheBSharp smh)",1,cyberbullying,,
"HAAHAHHAAHAHHA yes, you will be the first one I will invite. Still remember ur advice",1,cyberbullying,,
"â€œ@tayyoung_: FUCK OBAMA, dumb ass niggerâ€ù You got a hot lil mouth, im tryna test that throat",1,cyberbullying,,
@ChainReactionzz: Fuck Obama care dumb nigger,1,cyberbullying,,
"Lmfao fucking Kentucky cracker RT @BADDtooTHEEbone FUCKING REDNECK RT @tayyoung_: FUCK OBAMA, dumb ass nigger",1,cyberbullying,,
"â€œ@Allanlopez97: @stephenpyron @DankLionPrince whoa, I think that went a little too far man..â€ù It's okay he's a nigger. Dumb ignorant fuck.",1,cyberbullying,,
"im not talking about ""reserve racism"" u used the term colored ppl correct? do u kno how many other races hate other races jus cus they race? https://twitter.com/s4misosaa/status/837721483375968257",1,cyberbullying,,
To even consider the word â€œniggerâ€ù for a stereotype of certain black girls fighting is disgusting when even innocent children were burned and raped because they were considered â€œniggersâ€ù,1,cyberbullying,,
"oooo ur the first one to have spotted that its not kuroo hes actually waiting for kuroo but i got lazy to draw all that KDNDKSK ill finish it one day okay,,,,, but its a symbolic version of kuroo ig HAHAHAHA its intentional thank u for noticing",1,cyberbullying,,
"There are too many racial slurs to count. Negro being one of the most white washed. But in this case, it was the fact the he felt the need to clarify the hosts race, then coupled it with a condescending tone. This is what racists do! They need to be called out!",1,cyberbullying,,
It don't matter how white woman you niggas fuck ..how many mixed babies are created..you still looked at as a dumb field nigger..goofys,1,cyberbullying,,
"Do you even know that it was a white Jewish guy called Abe, who formed the first negro basketball team...The Harlem Globetrotters.",1,cyberbullying,,
@Jim_daratchet_K shut the fuck up u dumb stupid nigger #CHRISVOICE,1,cyberbullying,,
I'm ashamed I'm half white ! I don't want to be a part of a disgusting judging race ! Like really ? U change nigger to mean black ppl ? Sick,1,cyberbullying,,
u know its crazy when colored people follows me it's like I'm in these American movies about racism,1,cyberbullying,,
#Niggers RT @OhGinaBehave: Some black men are just really dumb as fuck.,1,cyberbullying,,
"never said that dumbass, iâ€™m saying stop talking out ur ass and making up shit first off; no one frm the beginning this happened ever said that megan started it an deserved it. women jus love making shit up to make men look like we support this misogynistic behavior",1,cyberbullying,,
You are a Racist if u select your white clothes to wash before the black and colored ones....Stop Racism! Wash them all 2gether!!.,1,cyberbullying,,
@FortniteGame Why the fuck did u fucking remove playground dumb niggers,1,cyberbullying,,
Cool. He hasn't done or even fucking SAID anything pro-white in the past 3 years. Pro black? Yup. Pro Mexican? Yup. Pro American? Nope.,1,cyberbullying,,
"@AntiDARKSKINNED: Don't start with that I'm brown"" bullshit. You are black, you are a nigger. You are filthy &amp; disgusting.""...........oh",1,cyberbullying,,
gaurentee u cant nigger im not a dumb fuck,1,cyberbullying,,
All the personnel of 4949 Broadway Sacramento California are all queer dumb fuck niggers no matter what skin color they all are,1,cyberbullying,,
RT @niseycouture: i say we all ban nigga & nigger. we sound dumb as well as ignorant as fuck. i'm deleting that shit from my vocabulary.,1,cyberbullying,,
@emmittreed21 may nigga. You tried to chase me fuck ass nigger. I hit you with a broom cuz I couldn't find the bat. Dumb ass fuck nigger,1,cyberbullying,,
Fuck I fucking hate dumb Hawaiians with nigger lips!,1,cyberbullying,,
ur first one it just fits,1,cyberbullying,,
@JoemaLoMA: @Imrude89 @korilashay you would think a fucking nigger is sexy you dumb cross breeding fuckWTF didn't say sexy at all,1,cyberbullying,,
"RT @RLJ1738: Nigger unchained...â€œ@keibenet: Epitome of ""nigger"" RT @CheesusSlice: Maurice Clarett dumb as fuckâ€ù",1,cyberbullying,,
"The ignorance of the younger generation is on full display. They're not going quietly, y'all. RT @tayyoung_ FUCK OBAMA, dumb ass nigger",1,cyberbullying,,
"@_SoPretty_: @dressedbyDRE u dumb fuck ! can I let my phone charge, my nigger?",1,cyberbullying,,
disgusting black niggers or whatever shadow said,1,cyberbullying,,
@Dobey_Dobin dumb nigger I have an iPod so fuck u but u can also fuck me if u want,1,cyberbullying,,
Take ur time ordering a large meal & when the white/colored/indian folks next to u get served 1st. U better raise ur fist in protest.#Racism,1,cyberbullying,,
black christians? HILARIOUS as fuck.. dumb ass niggers,1,cyberbullying,,
"@kammie_shadows I type whatever , nigger. Atleast I ain't all F's dumb fuck.",1,cyberbullying,,
â€œ@DumbNiggerNames: @WAT_DA_FUCK_B @ShitNiggersSay This guy is fucking dumb ass nigger.â€ù Lol lil bitch fuck u,1,cyberbullying,,
Ur first one that is so apt!,1,cyberbullying,,
"1) Iâ€™m not white 2) Latinx is not a race. Itâ€™s an ethnicity. 3) in Central America, black people are called Negro or Negra, Morena, or Prieto. I donâ€™t go around arguing for that Latinx people call black people Afro-Latina/o. 4) Latinx is the anglicization of the Spanish language",1,cyberbullying,,
you all pick on her cuz she is the pretty than all you put together that nigger bitch erica is dumb ass fuck and listen to stupid julies ass,1,cyberbullying,,
Fuck these bitch ass niggers how y'all doing I'm a tunchii I'm a newsSince I go stupid i go dumb like the 3 stooges I don't eat sushi,1,cyberbullying,,
tbt the time when I was called â€œnegroâ€ù and â€œmonkeyâ€ù by a teacher the time when I was asked if I even have a father the time when I was gaslit with the â€œyou think everything is racistâ€ù the time we werenâ€™t allowed to talk about BLM anymore because the white kids felt attacked.,1,cyberbullying,,
"@ProffJola it may happen that you aren't qualified at all you dumb fuck, take your nigger tendencies and fuck off..... go back to the bush",1,cyberbullying,,
@twinningronnie FUCK NIGGER SHIT YOUR RIGHT FUCK ME. DAMN IT. we're both hella dumb. #shitherpessquad,1,cyberbullying,,
omg Iâ€™m in love with ur fancams! mostly the first and last one can i know what app u use to make them pls ?,1,cyberbullying,,
What about the racism that people are causeing and me haveing to struggle in life I know itâ€™s quarantine but people are offended by people makeing fun of there color or either them police people are kill them colored people u think that doesnâ€™t affect other people it hurts me rn,1,cyberbullying,,
@MarkRoundtreeJr: LMFAOOOO I HATE BLACK PEOPLE https://t.co/RNvD2nLCDR This is why there's black people and niggers,1,cyberbullying,,
"I know the game I should teach it , cause these nigga hate for Mfn reason Ã°ÂŸÂ?Â·Ã°ÂŸÂèÂ?Ã¢Â€ÂçÃ¢Â™Â€Ã¯Â¸Âè !",1,cyberbullying,,
"â€œ@Chris_Dangalan: I'm never doing dumb shit in my life ever again, fuck that shit manâ€ù nigger tits",1,cyberbullying,,
Fuck Kobe... idgaf dumb sportsball nigger,1,cyberbullying,,
"#TrayvonMartin IS A DUMB NIGGERS,NIGGERS, NIGGERS, #zimmermantrial #zimmerman Fuck #trayvon stupid ass kid. loser. cockboy",1,cyberbullying,,
"U so silly @lovekriee RT @lovekriee: â€œ@tayyoung_: FUCK OBAMA, dumb ass niggerâ€ù you fat too? fat folks b so MAD!",1,cyberbullying,,
@EpicGames your a dumb nigger for thinking save the world was a decent idea. Fuck you and your family,1,cyberbullying,,
"Somebody called me a white supremacist. Uncle Tom, House negro. Just I told them I'm not ruling out that there's systematic racism, but using George's death to score politcal points that's what I have a problem with. Black people we're being used by the left thinkers.",1,cyberbullying,,
"I'm not arguing that white people have had a troubled past with racism but right now, today, it is being used by both sides to further the divide in our people for personal political gains. You think BLM has anything to do with standing up for black people? You'd be wrong.",1,cyberbullying,,
"Ay ay ay, indaba. This is coming from a political party that calls themselves Fighters, and displays pure racism toward colored, white and Indian. Ay boys @Julius_S_Malema @FloydShivambu @MbuyiseniNdlozi, Tata castor oil, u full of shit. You will do the same here to our people.",1,cyberbullying,,
Itsssss a question dumb telly tubby IS YA CLIT FAT PUSSY HOE NIGGER... â€” oh fuck off you stupid cunt http://ask.fm/a/2521g18e,1,cyberbullying,,
Niggers who act like players are really dumb fucks,1,cyberbullying,,
@Countryboy557 Nigger? you dumb shit head. You are by far the dumbest fuck ive ever talked to.,1,cyberbullying,,
@sumanthraman We have shown one pass it was confirmed government as well today. First you show uday pass and come and ask us other pass. People are clear in this issue long back for your u people it would be clear. If u not clear or not trusting govt then it is ur prblm continue,1,cyberbullying,,
"I remember when Rush called Chelsea Clinton the ""white house dog."" I remember when Rush called Obama ""the magic negro."" The meaning of the medal of freedom has been cheapened by being awarded to a misogynistic racist.",1,cyberbullying,,
Nicole itâ€™s like anything else the buck got past.Obamaâ€™s racism didnâ€™t show until Trump took over as president then his racism showed.the idea that heâ€™s part black nobody was going to go against him he wanted to keep being an ass kisser,1,cyberbullying,,
"You've had nothing but COLORED men ALL UP IN YOU, yet u never gave racism much thought @KimKardashian? #shameful http://necolebitchie.mobify.me/2014/05/kim-kardashian-before-i-had-baby-north-i-didnt-give-racism-much-thought/",1,cyberbullying,,
"I was born in 77â€™, 14yrs after this incident&amp;millennials pick on my age as if Iâ€™m out of touch,so how much racism likeâ€ùthose daysâ€ùdo you honestly believe still remains? Bathrooms&amp;water fountains were segregated in many towns then if you forgot. These days are nothing like then!",1,cyberbullying,,
fuck you niggers RT @RIPMCGRADY: RT @MunchGottaChill: RT @Blueraydre: Dumb ass baseball taking over my ESPN smh,1,cyberbullying,,
"RIP RT @HeartBreak_Zayy: Beyond ignorant to say. RT @tayyoung_: FUCK OBAMA, dumb ass nigger",1,cyberbullying,,
Who's policys his the way he manipulates u people his racism towards colored people way u guys think he's a great business man when hes one of the worst the way he thinks he's god the way hes more into turning the country into a dictatorship then a actual presidency,1,cyberbullying,,
@RogerTenard Smh.Stp Bullying Dem Niggas Bro.Lol,1,cyberbullying,,
"I wrote a Pakistani character love interest and a guy in my writers group brought up the ""Magical Negro"" thing. Yes my character is quite special, but when I have a super cool character are they always going to be called a ""Magical Negro"" unless they're white and then it's chill?",1,cyberbullying,,
"Iâ€™m a Black woman. Same, future. Thereâ€™s no point of the past if I canâ€™t change anything.",1,cyberbullying,,
"@ThatGentCarlos FUCK U BITCH, WHO WANTS 2 GO 2 JAIL OR DIE U DUMB FUCKING BITCH ASS PUSSY NIGGER, MARY JANE WE LOVE U, FUCK BAMBI,",1,cyberbullying,,
This dumb ass really finna fuck up her whole future cuz she wanted to crack some jokes about the niggers like...you love us that much bby? You gone ruin yo life for us? Our power...,1,cyberbullying,,
"its merry christmas , dumb fuck ! RT @fucktyler Murry Xmas Niggers!",1,cyberbullying,,
"For that u have to play that y no one knows ur name first learn football,There is different between playing and watching from outside",1,cyberbullying,,
What the fuck you dumb nigger I hate you now,1,cyberbullying,,
"First of all racism is a whole different thing, I'm colored because i was born black but when it comes to trans, they chose to become trans by doing surgery like if someone dyes their hair green and u tell them I don't like the color of ur hair. I don't think they will get mad.",1,cyberbullying,,
@SippinDR4NK @XXLNack @LongDickFEAR LAST THING WE NEED IS ANOTHER DUMB NIGGER IN THE TEAM LMAO FUCK OUTTA HERE BOY,1,cyberbullying,,
RT: @EMPIRE_JIGGI3 derwin ur da reason y bitches think dey rule niggers ur a dumb ignorant fool ... fuck bitches,1,cyberbullying,,
"u know i have 2 say this cuz its been bugin me 4while now. N maybe on ur platform u can help spread the word,but in order 2 battle racism n defeat racism we need 2 stop usin words such as""white""(Caucasian)as well as black or colored(African american)n stop fuellin hatred n racism",1,cyberbullying,,
"Yeah, u stupid dumb fuck nigger â€œ@Libras_R_Us: If #Libra gets upset, that means they care, and you should take it seriously.â€ù",1,cyberbullying,,
"@Fuck_Kasper lmao no i think everyones dumb as fuck for freaking out on her like that, like Mel Gibson said nigger too who gives a fuck lmao",1,cyberbullying,,
@jenn021327 u are implying that the play For Colored Girls Who Have Considered Suicide When the Rainbow is Enuf is reverse racism lol,1,cyberbullying,,
#Gay RT @TrendSettaShane @Me shut the fuck up you dumb Nigger. Nobody gives a fuck what you think. Tryin to make yoself feel good? #iownyou,1,cyberbullying,,
"hoe bout to get spammed -> RT @d0drugskids: @iDreamPersian bitch youre dumb as fuck for taking me seriously. Leave my mentions, nigger lover",1,cyberbullying,,
You're being a racist nigger what the fuck was going through her head when she said that dumb ass shit. https://twitter.com/laurmanipng/status/750494091310342144,1,cyberbullying,,
"@JColbert_116: â€œ@tayyoung_: FUCK OBAMA, dumb ass niggerâ€ù tweets like thisMake Yu Loose your Religion WWJD!!",1,cyberbullying,,
"#PewdiePieIsOverParty The racial slur is ""nigger"" not ""nigga"", you dumb cucks. He didn't say shit like ""LET'S BURN ALL NIGGERS"", fuck off",1,cyberbullying,,
"RT @tayyoung_: FUCK OBAMA, dumb ass nigger ----WOW this is so sad!",1,cyberbullying,,
me: *gets a new wig cuz its pretty* everyone: ew! ur wear wigs??? u disgusting bald headed bitch!! you niggers cant even grow HAIR! oh what? nah donâ€™t worry i got black friends im not racist haha,1,cyberbullying,,
"one of ur first bangers i've witnessted, still a banger !!",1,cyberbullying,,
"While people love Splash mountain.... It's based on a Racist movie. There is nothing better then people riding down a water slide and being reminded that a white man created a black character called Uncle Remus that was one of the first ""Magical Negros"".",1,cyberbullying,,
U do for white folks what U don't/ won't do for non colored folks in similar situations. Ur racism/bigotry shows more and more with ur passing days!!,1,cyberbullying,,
"Shut the fuck up nigga!! RT @tayyoung_: FUCK OBAMA, dumb ass nigger",1,cyberbullying,,
#PointProven lmao RT @C00kieeeeee: I hate niggers! Fuck is a hellacoppa??? U mean helacopter? Smh.....dumb asses,1,cyberbullying,,
Dear dumb nigger: why the fuck are you still wearing skinny jeans. Go back to your mother's basement and change your fucking clothes,1,cyberbullying,,
how have you been on twitter these past few months and not read anything omg they said read black radical theory so start there,1,cyberbullying,,
"@Blklivesmatter and @ash_antifa if your going to go after â€œslave owners from the pastâ€ù I would think ya started with #DemocratsTheEnemyWithin and chase them out first!! The Democrats @HillaryClinton was the last one to go to a former kkk funeral, ur going against wrong people.",1,cyberbullying,,
#6wordstories FUCK ALL YOU DUMB ASS NIGGERS,1,cyberbullying,,
"There's a negro in a smart suit with a beautiful White woman whose hand is caressing his chest, This is the promo shot of a series called 'Power' New releases: 'Who Killed Malcolm X ?'...",1,cyberbullying,,
"To the nigger who was outside of turner slapping people with shaving cream, you are a fucking dumb ass. Grow the fuck up -.-",1,cyberbullying,,
"â€œ@LightDreams_: â€œ@Tweet_DatAss: someone's salty â€œ@TeaTimeWithTiny: Awwww RT @tayyoung_: FUCK OBAMA, dumb ass niggerâ€ùâ€ùâ€ù",1,cyberbullying,,
when ur first one out,1,cyberbullying,,
@eGoaTizM @Blaztful @NicktasticYT tht dumb fucking nigger just kick a cat? I'll fuck tht fat nose idiot up ill beat his ass for real,1,cyberbullying,,
"@AshleyLyerla all I hear is you bitching about how he wont fuck you, suck his dick you dumb nigger",1,cyberbullying,,
@Darknightt5150 @YouTube Fuck you stupid ass nigger fuck off in hell you dumb son of a bitch,1,cyberbullying,,
That shit sounds dumb as fuck RT @FuckeryBusiness: @ikidnap_puppies @FredTheTruth &lt;== nigger said if im (cont) http://tl.gd/a88ujr,1,cyberbullying,,
"Saying the N word to harm Black people is disgusting and racist. But saying ""Nigger"" by itself without any intent to harm is fine. Especially if you are educating people on how bad of a word ""Nigger"" is. Do I hate black people? No. Just because I said the word doesn't I'm racist.",1,cyberbullying,,
"(Im so rubbish at updating this omg) Book 28: The Vanishing Half by Brit Bennett Follows twins, 1 marries black, 1 passes as white &amp; doesnâ€™t tell her family anything of her past &amp; we see the generational differences, privilege etc devoured this 5",1,cyberbullying,,
Said I was reporting anyone saying â€œNiggerâ€ù. HOW THE FUCK ARE YOU BLACK USING THAT WORD?!?! Like are yâ€™all dumb orrrr ?!?! Donâ€™t use the white mans word to prove a point!,1,cyberbullying,,
@Roxanne_Thinnks @DangItObama fuck you niggers Alabama a good team obviously we just one you dumb fucks,1,cyberbullying,,
@ThisGuy_Trey I am begging them to never give him a mic again. #Coon,1,cyberbullying,,
"hi, i would like to apologise to my black mutuals or followers for ever using any aave in the past. i will continue to educate myself on all of it. please call me out if i ever use any words that make you feel disrespected, uncomfortable, or just anything i should never say.",1,cyberbullying,,
was listening to guys discuss racial issues but one thing Iâ€™d like to say: u are not valid 2 go against the fact that racism canâ€™t be towards white people when u r a white individual urself. U cannot relate to issues of POCâ€™s bc you have not experienced being a colored person.,1,cyberbullying,,
"i Love You. RT @tayyoung_: FUCK OBAMA, dumb ass nigger",1,cyberbullying,,
"Honest to god what do those dumb fucks think? ""Huhuh, im just gonna call this guy whos stronger than me a nigger huhuh im fuckn smart yo""",1,cyberbullying,,
@Valerie_JeanC But Annie is fantasy and you ca--fuck it. Niggers are dumb.,1,cyberbullying,,
@TreySongz stupid ass nigger stealing music and shit...dumb as fuck,1,cyberbullying,,
"No! I don't have to do better! His use of the term nigger was gratuitous, disgusting and offensive to myself and most black people! Stop making excuses for him! White people are not allowed to use that word under Any circumstances! What would Dr. King say about his use of it?",1,cyberbullying,,
"No. Macy's has investigated all video, the white victim (an employee) uttered no provocation. But that's evident right here...the Negro is concerned the white guy touched him, not called him n*gger.",1,cyberbullying,,
so are we insinuating that saying nigger repeatedly is the same as saying fuck the police because honey do I have news for ur dumb ass,1,cyberbullying,,
@__evan_____ @__ColeJ @LoganPeeples niggers that will beat yo baby ass nigga fuck wrong with yo dumb ass tryen us up,1,cyberbullying,,
Lauren said you are dumb as fuck bitch ass nigger,1,cyberbullying,,
"Plus their were black slave owners. No one is white washing anything from the past. What you need to do is learn from it. If you sweep it under the rug, doesnâ€™t mean it didnâ€™t happen. I was not there and I donâ€™t want to go back. Obviously you do.",1,cyberbullying,,
"Oh RT""@tayyoung_: FUCK OBAMA, dumb ass nigger""",1,cyberbullying,,
"White people do not get judged negatively right off the bat when someone walks past you... people of color as in... blacks, mexican, middle eastern.... etc, people NOTICEABLY colored differently than white. thats what racism is. NOT being judged because u have white privilege..",1,cyberbullying,,
"Disgusting. This Baton Rouge Judge, Mike Erwin, openly called a Black woman a nigger at a local restaurant.... http://fb.me/1WJMoOScp",1,cyberbullying,,
NIGGERS WITH AN ER I HATE YOU BITCHES SKSJSJDJDJ FUCK BUT WHY IS THIS ME @YALL DUMB ASSES FR,1,cyberbullying,,
"The funny thing is (when you look past the insane idea of covering graffiti as a hate crime because kids with daddy issues said so), if anything they were supporting blm by making the writing black as opposed to yellow.",1,cyberbullying,,
YOUR A STUPID FUCKING NIGGER GET THE FUCK OUT OF HERE YOU DONT BELONG HERE OR LEARN TO SPEAK ENGLISH DUMB NIGGER,1,cyberbullying,,
"The YouTube comments are going to entertain me for 3 weeks ...already read ""good for him. fuck that dumb vintage nigger"" that's comedy!",1,cyberbullying,,
"As it, even Niger Tonadoes will go to Stamford Bridge and beat Chelsea blue black. #disgusting",1,cyberbullying,,
@DemzArtiste: #Respect To My Brother @CESounds fuck this teefing nigger yo keep shoutin me an see u dumb shit. Iv said wher it is nw luk!,1,cyberbullying,,
Thats why the fuck you were soooooo into MY pussy? bitch PLEASE. Shut the fuck up or I'll fuck all your friends you dumb nigger,1,cyberbullying,,
Niggers gotta be right about everything damn just STFU bitch you're wrong end of story you dumb fuck,1,cyberbullying,,
@razb2k u piss me the fuck off dumb nigger! Making a book really? No one wants to hear your story bitch cuz u ain't shit,1,cyberbullying,,
"@Polo_Nigda OH ! &amp; nigga I ain't a dumb fuck , nigger",1,cyberbullying,,
your not gonna know him dumb fuck like your such an annoying nigger who thinks they know everything,1,cyberbullying,,
#drake represents the 416... but lives in the u.s.a. fuck u... dumb ass nigger.. come back 2 t.o and I'll spit in ur face!,1,cyberbullying,,
"when white (american) people use colored it's like I got u, u stupid fuck u thot u could pretend u care abt equality but ur racism shines thru",1,cyberbullying,,
"â€œ@OfficiallIreee: ""@tayyoung_: FUCK OBAMA, dumb ass nigger"" https://twitter.com/OfficiallIreee/status/266042634613710850/photo/1â€ù sit yo cracker ass down for 4 more years. #2TERMZ BITCH!",1,cyberbullying,,
JOE BIDEN LABELS HISPANICS AS LATINEX WTF IF YOU THINK THATS BAD Iâ€™VE HEARD HIM REFER TO HISPANICS AS WETBACKS! PEOPLE FROM INDIA AS DUNKIN DONUT WORKERS..BLACKS AS BOY OR NEGRO WITH A CLEAN DIALECT...HE EVEN CALLED A WHITE GUY FROM ALABAMA A HILLBILLY WHEN HE WAS VP HES A BIGOT,1,cyberbullying,,
"If you vote republican, you're a dumb ass... nigger RT @DominantMind Fuck Obama! Yea, Im black. What now nigger? #burn",1,cyberbullying,,
dumb as fuck...lol Thats NAB dummy...smh RT @LilUglyFolks NBA stands for niggers always balling.,1,cyberbullying,,
Only argument dark nigga a have is that his lips black lmfao u dumb niggers they ain't lettin no darky in the White House fuck u mean,1,cyberbullying,,
Baby ur white and u jus called me a negro plz put down for phone,1,cyberbullying,,
"â€œ@tayyoung_: FUCK OBAMA, dumb ass niggerâ€ù Df ?!",1,cyberbullying,,
Me first dumb ugly nigger name Wayne Positive trash soft ass nigga fuck you black trash White &amp; orange Me pic.twitter.com/zBVQnBa8Zo,1,cyberbullying,,
nowadays people can say nigger jokingly and it wont fucking matter grow the fuck up you dumb cunt,1,cyberbullying,,
"@pacehbreh plus you spelt it wrong you dumb fuck ahaha, its nigger*",1,cyberbullying,,
"Jared, Haili, and Matt!!! get the fuck and xbox!!!!! im getting a lil pissed and i wanna yell at some dumb illiterate niggers!",1,cyberbullying,,
Dark skin vs light skin thing is dumb as fuck yAll all black and white people still call yAll ass niggers lol so hush,1,cyberbullying,,
Iâ€™m not Indian. Go eat a cat dumb Haitian how bout that you fuck nigger . You niggers eat cats and dogs,1,cyberbullying,,
"Her twitter gone het stormed !!! RT @RocNATEion: Eat a fuckin dick cracker â€œ@tayyoung_: FUCK OBAMA, dumb ass niggerâ€ù",1,cyberbullying,,
"â€œ@_LexiJosephine: This bitch ... RT @tayyoung_: FUCK OBAMA, dumb ass niggerâ€ù",1,cyberbullying,,
â€œ@igbronze: THERES NO SCHOOL ON NIGGER DAY CUS THEY BACK WITH THERE MASTERS â€ù sounds dumb... as fuck... go die.,1,cyberbullying,,
@Nigger_FLIPPER: Dumb as fuck . https://twitter.com/Nigger_FLIPPER/status/494733694213816320/photo/1,1,cyberbullying,,
"RT""@tayyoung_: FUCK OBAMA, dumb ass nigger"" lmao shut yo ass up and go get some nigger dick lmao",1,cyberbullying,,
"Are u looking at the same picture. I am sorry everything isn't rose colored. My family being survivors of racism, know racist when we see it. And you trying to justify it well....I guessed you are okay with it. God bless. I will pray you have empathy for POC.",1,cyberbullying,,
@ScubaSteez @alexsinner12 @_itMAYbeNICOLE @NotKyleGoers this niggers dumb as fuck,1,cyberbullying,,
i'm sick of these niggas they had the easiest road ever,1,cyberbullying,,
"This hooker has taken the dick out her mouth to speak ---> @tayyoung_ FUCK OBAMA, dumb ass nigger",1,cyberbullying,,
racism is real regardless of me not fitting a stereotype! iâ€™ve been called a nigger &amp; a colored personâ€ù iâ€™ve been discriminated against iâ€™ve been racially profiled iâ€™ve been racially profiled by police been told â€œgo back to africaâ€ù UNTIL MY LIFE MATTERS THEN ALL LIVES CAN,1,cyberbullying,,
Im at the casino you dumb Nigger Idiot fuck,1,cyberbullying,,
@SteeloBrim @WeRunLA Shut the fuck up you dumb nigger boy,1,cyberbullying,,
â€œdo you know what i hate more than niggers? ... white niggersâ€ù what the fuck is a white nigger so dumb,1,cyberbullying,,
"Maybe I am single because Drake is single. Maybe I just fall in the category of ""dumb ugly niggers from ghettos"" because fuck man that's me.",1,cyberbullying,,
"@AntiDARKSKINNED: Don't start with that I'm brown"" bullshit. You are black, you are a nigger. You are filthy &amp; disgusting."" Really :O??!!",1,cyberbullying,,
"I still love you though :) RT @tayyoung_: FUCK OBAMA, dumb ass nigger",1,cyberbullying,,
WHY DOES MY TWITTER DO THIS EVERY NIGHT DUMB BUTCHHHH FUCKING NIGGER FUCK,1,cyberbullying,,
RT @MarlaGetsIt Fuck may weather fuckin nigger &lt;--- WTF did yu expect ppl not to say ntn to yo dumb ass !?,1,cyberbullying,,
very mature of you guys @GabriIsTheShit awesome friends RT @TeamUSAJohn: @iiamty @martinsnottrill @gabriistheshit Yea fuck you dumb Nigger.,1,cyberbullying,,
The organization is has been called UNCF since 2008. A white person using the word negro is racist.,1,cyberbullying,,
@kanyewest fuck you youignorant dumb peice of shit your baby looks like a pile of shit and what all the Kardashians are dumb nigger lovers,1,cyberbullying,,
RT @MikeSimsWalker: RT @SamJags: @MikeSimsWalker FUCK YOU DUMB NIGGER!!!! JAGS SUCK FUCK YOU!!!!!&lt;Wow!&lt;&lt;&lt; racisim no matter how rich we get,1,cyberbullying,,
"Calling people dumb isnt nice :( RT @tayyoung_: FUCK OBAMA, dumb ass nigger",1,cyberbullying,,
@PancakeWar @Ipodmail @YaBoyPvt he is a nigger though....just like @ipodmail is caucasian.....are you to dumb to realise that you fuck?,1,cyberbullying,,
Dumb nigger... yea fuck yea he must have a high school education at minimum,1,cyberbullying,,
@HIGHDii_ why the fuck u rting me? ..learn how to talk proper English. 'They gon'e' dumb nigger,1,cyberbullying,,
@Cameron_Mentel when you said â€œyouâ€™re letting the niggers run the schoolâ€ù is what I keep replaying in my head and Iâ€™m still sick from it and that was MY freshman year YOU DUMB FUCK YOU RUINED MY HIGH SCHOOL EXPERIENCE YOU AND YOUR RACIST FRIENDS WHO ARE ALL NOW TRUMP SUPPORTERS.,1,cyberbullying,,
An example is #tedcruz and Donny posting images of black toddlers holding signs showing â€œf the policeâ€ù. But neither has posted anything or spoke about the several lynchings of black men over the past few months. You only see what they want you to see.,1,cyberbullying,,
"Stankin ass â€œ@retrowill3 Why are you mad Fat Girl RT @tayyoung_: FUCK OBAMA, dumb ass niggerâ€ù",1,cyberbullying,,
Your uncle touched you didnt he? @pacifictomb:RT @brandongorham48: @pacifictomb Dumb nigger.Xjaws will fuck u up in a fight.Small dick bitch,1,cyberbullying,,
@MasonClay117 whatever you say you support someone who isnt in your country? Your the pathetic one u dumb fuck go live there nigger lover,1,cyberbullying,,
then he seen me in the truck w / MY dad &' gone say while she in the truck w / that old ass nigger NEWSFLASH its MY dad YOU DUMB FUCK !,1,cyberbullying,,
"Those Ones Just Calmly Went Through Our Tags To Knw How We Do It, Now They Are Out There Copying Boldly n Lying Abt Being The First! That Show Host Might Actually Be The One That Gave Them Tht Idea As Their Ambassador. We Are Ur Leaders We Are Ur Leaders #NguvuTacha",1,cyberbullying,,
"love discovering new memes because you first see it &amp; ur all ""what??"" then you see another one &amp; it clicks",1,cyberbullying,,
"Ok some dumb guy wore black face 40 years ago back when people thought it ok to say â€œ donâ€™t nigger lip the joint â€œ now another from 50 year ago , fuck it letâ€™s go desecrate the grave of al Jolson ! Times have... https://www.facebook.com/100000116920163/posts/2943890005624868/",1,cyberbullying,,
Ooo neat 8 is a powerful one And ur the first 8 I've met,1,cyberbullying,,
@sidharth_shukla @ishehnaaz_gill u know this was the first season of bb which I followed throughout but ur bb season is everything for me in future many bb seasons will come and many people would try to create bonds but no one can match the level of #SidNaaz VC: @shrinakwal ig,1,cyberbullying,,
Niggas hate apologizing but always doing something they need to apologize for,1,cyberbullying,,
See the issue is no one else tells any other group to get over a past atrocity.... but when it comes to slavery or anything concerning the Civil Rights era folks are quick to tell black people to let it go.....I think you guys should stay in your lane..,1,cyberbullying,,
Look at his other tweets. He thinks we WANT to be called â€œblacksâ€ù or â€œcolored peopleâ€ù or â€œnegrosâ€ù. He thinks he gets to decide what is or isnâ€™t racist. White people used those names and used them for generations in a derogatory fashion. It was no ones choice but theirs.,1,cyberbullying,,
"RT @_laporcia: Bitches be like my "" NIGGA "" crazy nah HE crazy with you HE pussy to us !!",1,cyberbullying,,
"@KingKaay: This that shit i dont like RT @tayyoung_: FUCK OBAMA, dumb ass nigger no this child didn't her tweets make u wanna k.o. her",1,cyberbullying,,
â€ùfuck yâ€™all thought this was.....niggersâ€ù had yung jeezy lookin dumb af,1,cyberbullying,,
"@tayyoung_: FUCK OBAMA, dumb ass nigger SIT YO LONG NECK ASS DOWN !",1,cyberbullying,,
"Is that Natalie Portman? Sad. I loved her in Black Swan, Leon: The Professional, etc. But her politics is so divisive that I can't watch anything from her from the past or the future. Oh well. #IStandWithTucker",1,cyberbullying,,
What the actual fuck. Like are you dumb? Sand nigger? How the hell did you even think of that? pic.twitter.com/ArGte6ZaEQ,1,cyberbullying,,
You look dumb as fuck my nigger.  Hahahah.,1,cyberbullying,,
"#NW-D.L Hughley: Unapologetic. &#13;this nigger dumb as fuck though,shit. #LLM",1,cyberbullying,,
@LCHS_patriots your a buncha dumb niggers fuck you,1,cyberbullying,,
"Somebody's gotta tell these people the truth.... Everybody knows that racism and poverty was invented by liberal Georgia Soros -- in a hotel on 125th Street called ""Lil Negros Soros"", near that ol' Pathmark store. Why did they do it? To hurt the innocent white people.",1,cyberbullying,,
I HATE YOU TOO LIL NIGGA! IF YOU HATE US WHY YOU HERE? Lmao fucking bully.,1,cyberbullying,,
"ur first one made me laugh and the ""monur "" in mine like what am i saying",1,cyberbullying,,
"Columbian niggas outchea tweaking on TV, getting disgusting for the camera",1,cyberbullying,,
"This bitch nigger on wwe, just asked 'how do you tweet in ghana,do they even have computers' this dumb fuck",1,cyberbullying,,
6 minutes ago Hey you toothless dumb fuck. Your a fucking stupid nigger!! Why don't you smile and show us the... http://fb.me/4HdxGij5Q,1,cyberbullying,,
"Before I knew anything political about Goya, as in this past Wed, I had served their black beans with my king ranch chicken.",1,cyberbullying,,
@F7Tempo fuck no wtf you dumb nigger lover,1,cyberbullying,,
damn neighbors been get knocked the fuck out/â€? haha don't play dumb black niggers,1,cyberbullying,,
"you dumb racist Bitch Fuck You &amp;'nd Mitt Romney #TeamObama @brittd1178: Everybody get out and vote so we can get this nigger out of office!""",1,cyberbullying,,
WHERE IN THE HELL IS THE NATION CALLED AFRICAN-AMERICAN IN THE NEGRO SCRIPTURES TITKED THE 1611 KJV TRANSLATIONS (?) LAST TIME I CHECKED I AM NOT THE PRODUCT OF TWO SO-CALLED WHITE EDOMITE (CAUCASIAN) MEN,1,cyberbullying,,
"Ally: ""black people say niggers alot...."" Ally's dad: ""I know it's disgusting "" lmao yessssss Papa burrows. #gottaloveron",1,cyberbullying,,
"Fck the testicle you were formed in you cum guzzler. RT @tayyoung_: FUCK OBAMA, dumb ass nigger",1,cyberbullying,,
Why The Fuck Are Yall Dumb Ass NIGGERS Saying #freetayk He Was Out On Bail. He Went On The Run An Committed More Crimes,1,cyberbullying,,
Nobody should be calling anybody a nigger whether you're black or not it's a derogatory term I think that's where you got confused you think just cause they're black means they get to say the disgusting word that racists uses to taunt blacks ? No,1,cyberbullying,,
"MEX-EWR flight landed with 2 women with dogs on board, next to each other. White woman proceeded through US Citizen line. Colored woman (me) gets flagged down (despite being a US Citizen), ""oh u have a dog"", told to go to the ""foreigner"" line, then detained. #racism",1,cyberbullying,,
"you dumb fuckin nigger i wish you would shut the fuck up, i mean god. that wasnt your conversation, so stay the fuck out of it. -Holli ...",1,cyberbullying,,
â€œ@Shelly_Smyth: I would never fuck a black nigger they ugly and have aidsâ€ù--&gt; aha you dumb fuck !,1,cyberbullying,,
yâ€™all please take me to protest w you my driving/parking anxiety is too bad but watching this shit the past 3 weeks i havenâ€™t done anything but in house doesnâ€™t sit right w me. i need to be out there showing support &amp; learning more.,1,cyberbullying,,
@Mr_NastyTime623 I know dumb ass I hear him saying fuck them black Niggers lol.,1,cyberbullying,,
@CheechdyChong Dumb Nigger Fuck! Its CELIBATE ! Illiterate Fuck Ass Nigger !,1,cyberbullying,,
Oho... First learn how to write then talk to me....yes also expand ur knowledge..... Just do one thing open read a GK book,1,cyberbullying,,
"Snooki jus venting RT @hieress_313: Here they go RT @tayyoung_: FUCK OBAMA, dumb ass nigger",1,cyberbullying,,
"For example, systematic racism, as you called it, happened to pretty much all migrants in the U.S. Like the Irish, who were white, were considered to be colored and had many problems in society because of it. There are Cubans who are white that had problems establishing life too.",1,cyberbullying,,
RT @DopeDistrict: @CarioAmsterdam NEGER AND NIGGER ARE EXACTLY the same you dumb fuck! don't be justifying a racist remark,1,cyberbullying,,
"Lmao, is you salty ? Oh okay . ""@tayyoung_: FUCK OBAMA, dumb ass nigger""",1,cyberbullying,,
"This government us just a bunch of house Negros just following whatever the masters order them. These master are hidden via a fancy name called ""INVESTORS"". I highly doubt that there's any BLACK ""INVESTORS"" but only white old men, called ""INVESTORS"". But hey, we need to listen",1,cyberbullying,,
You dirty disgusting piece of shit niggers no one wants to be fucking black I hate all of you so fucking much what the fuck,1,cyberbullying,,
"''man fuck these bitch ass niggers,how y'all doing?i'm lil tunechi i'm a nuisance,i go stupid,i go dumb like the three stooges'' @liltunechi",1,cyberbullying,,
It really is just about black lives. No one's fighting a war for anything other than the lives of their communtiies. America has never been United by race we've always been divided. The past 40 years have been a bandaid.,1,cyberbullying,,
Do you like niggers or beaners better? â€” Stop being a dumb fuck http://ask.fm/a/2og6ep9p,1,cyberbullying,,
Dumb ass niggers with no heart ' fuck ya'll ...,1,cyberbullying,,
@GloGang_Ricoo what's your@point ? I live downtown come at me man ill fuck your face up dumb nigger,1,cyberbullying,,
Raw â€œ@ShyGuy2Flyy â€œ@Joe_Schmucc your mom would let them all fuck RT @Tjones3221: Seahawks are a bunch of dumb niggersâ€ùâ€ù,1,cyberbullying,,
@DcV_Storm Cuz hes a dumb nigger (not a nigga a nigger) FUCK HIM. NIGGA THREATENED ME TOO.,1,cyberbullying,,
"Fake dumb ass niggers doing fake things, dumb ugly bitches running around like lose dogs, does it fucking looks like we doing two or give a fuck about two just always talk shit something that has nothing to do with any of you gosh.",1,cyberbullying,,
Who the fuck said i was upset? Im sharing MY onion on internet that I pay for so i can say or do whatever the fuck i want. Fuck you and your dumb ass kids stupid nigger.,1,cyberbullying,,
@_NinoFrown Lmfaoooooooo No racism? Nigga u Waffle colored u wouldn't know if racism was there or not,1,cyberbullying,,
I HOPE SOMONE PISSES ON YA GRAVE RT â€œ@PhonkyTown TAKE THAT YOU FUCKING NIGGERS ZIMMERMAN NOT GUILTY YEAH BITCH FUCK TRAYVON DUMB ASS NIGGER,1,cyberbullying,,
Fuck you you dumb ass coon nigger RT @iCallHoesOut O RT @BonitaCourtney_: i feel like watching burlesque.,1,cyberbullying,,
@EasyE___ you dumb fuck. I'm saying that's what I am. That's why people call me sand nigger,1,cyberbullying,,
"Yea he still ur president #runtelldatRT @tayyoung_: FUCK OBAMA, dumb ass nigger",1,cyberbullying,,
Fuck you dawg. White folks were calling you a thug and a nigger over a football game and you got the nerve to say some dumb shit like that,1,cyberbullying,,
"#Dizzamn!RT @MizzStrawberrie: ""@tayyoung_: FUCK OBAMA, dumb ass nigger""Fuck yo mama bitch!",1,cyberbullying,,
"Got called a ""dumb nigger"" while I was getting gas just now. Like, I'd be mad but I made $200 today at work so honestly fuck them but I'm still gettin this money",1,cyberbullying,,
U LOOKED LIKE UR LITTLE SISTER LOOKS IN THE FIRST ONE OMG,1,cyberbullying,,
"Yep, I DID watch it...again that's not my point. If you all want to fight against racism, as do I...pick TRUE incident of racism.",1,cyberbullying,,
"Youre a nigger and you hate your life hmm, really? Lmfao Briana is a dumb cunt. Fuck you bitcchh.",1,cyberbullying,,
Ass fuck nigga name wayne and ugly ass chris call 411pain fuck j who ever j is fuck j fuck you dumb ugly fuck name wayne stupid nigger,1,cyberbullying,,
Let me MUTE #oomf îê–îê–îê–îê– they annoy me too and this NIGGER that's texting my damn phone annoy the fuck out of me too dumb bitch,1,cyberbullying,,
Systematically we have all of that in America. If anything as a black female youâ€™re more privileged. You have a higher rate of going to college. If you graduate with an engineering degree large companies would go in a bidding war over you. This is 2020 stop living in the past.,1,cyberbullying,,
"Shitty Mitty, that you are. RT @tayyoung_: FUCK OBAMA, dumb ass nigger",1,cyberbullying,,
Saw countless posts for Floyd and Brooks but havenâ€™t seen anything for the young black princes and princesses whoâ€™s lives have been taken in just this past week due to senseless violence by their own neighbors. RIP Secoriea and Natalia. Two of many that have been lost too soon.,1,cyberbullying,,
@saraph109 suck a dick you fat no life dumb bitch nigger ass fuck nigger wendie,1,cyberbullying,,
TY UR ONE OF THE FIRST PEOPLE TO SAY THAT,1,cyberbullying,,
"Black army has been experiencing racism for a long time from KArmy. They are now speaking against the discrimination. Karmy goes as far as calling them niggers, go back to picking cotton etc... It's disgusting",1,cyberbullying,,
Thats the same argument as saying: as a non colored persn u can not understand racism... Its a argument which intrinsicly shows its intolerance...,1,cyberbullying,,
this is why i don't give my number out. this nigger is dumb. as fuck.,1,cyberbullying,,
people are right to be mad when it creates an imbalance esp when ranking for a card.. etc satans first UR being a ranked event one that led to us satan fuckers whaling so damn hard,1,cyberbullying,,
George W bush=4 trillion in debt after 8 years... Stupid nigger=16 trillion in not even 5... Good job dumb fucks #welfarebums,1,cyberbullying,,
"Do people really still say ""TN?"" If you don't have enough balls to say ""typical nigger"" then maybe you shouldn't say it. Dumb fucks.",1,cyberbullying,,
oh look at me its miss malaysia reporting here from outside america just coming to let all the black folk know that they chose to be born colored and the â€œwhites wonâ€ù like guys we should all just be happy and accept racism for what it is! oh btw just in case u didnt know,1,cyberbullying,,
Blacks are not a minority in the UK and they think they are allowed to do anything they want just because there were Black slaves the USA in the past and still in Africa and Muslim countries.,1,cyberbullying,,
"I'm not with that dumb shit, so don't expect me to run with niggers that I don't fuck with",1,cyberbullying,,
I donâ€™t know if people realize how important it is.... For the world to know that the so called white man is not a Jew. And that the negro in America is the real Jew. Y'all might not understand what that means for the world. That's a fckn problem for the lies set before us,1,cyberbullying,,
this ainâ€™t no bf/gf type beat this is marriage. You and ur wife are one. So she comes first in every aspect once u are married,1,cyberbullying,,
"when u tell colored ppl to ""come together"" to stop racism,that should mean we're gonna discuss what needs to be fixed,not forget everything.",1,cyberbullying,,
FOR FUCKS SAKE YOU'RE IN A LIBRARY STFU DUMB CUNT STOP CALLING YOUR LEBO/'NIGGER' CUNTS ON YOUR PHONE JESUS CHRIST,1,cyberbullying,,
@nicolebrown2727 a nigger is simply a complete fuck idiot too dumb for his own good,1,cyberbullying,,
Democrats like you talking about empathy is funny. You don't have empathy. You're just a spineless coward. Where is your empathy for all the black children murdered this past week in black communities? You won't say anything because their killers were black.,1,cyberbullying,,
"Don Lemon, he said white men are the main problem in this country as well as laughing about a guest making fun of half the country as uneducated. Then he laughed when a guest called Kanye West a token negro. He is a total POS.",1,cyberbullying,,
"â€œ@tayyoung_: FUCK OBAMA, dumb ass niggerâ€ù you mad? Want a donut??",1,cyberbullying,,
â€œ@HollaAtMe_Baby: Why. The fuck. Would you ask me to follow you back. then fucking UNFOLLOW ME. You dumb cunt ass nigger bitch.â€ù,1,cyberbullying,,
Idc that Kanye is black. He is a rich celebrity. He does not have to deal w/ the same consequences we deal with as regular black citizens of this racist country. Nothing about anything that man has said in the past 3 years would ever make me feel like he should be our president,1,cyberbullying,,
Dallas Snyder is such a dumb ass fuck tard pussy bitch bastard tittie skinny shit nigger damn cunt can scrotum shifting dick shitting bitch,1,cyberbullying,,
white people in the TL are acting like yâ€™all didnâ€™t learn anything about black people and POC in the past couple of months,1,cyberbullying,,
"rogan is aight. he don't mince words and he didn't have the power to actually oppress black people like biden did. biden was obama vp to cool white people down, he called obama ""a clean negro""",1,cyberbullying,,
"And you donâ€™t know that I donâ€™t like a bargain day. Iâ€™ve gone to Black Friday for the past 11 years. You donâ€™t know anything about my political beliefs, either. Never said I was advocating for pure socialism or against any form of capitalism. Critiquing society is healthy",1,cyberbullying,,
The next @carlospuyol_5 in the making ur one leader man I hope u go play first team football @QSetien @GarciaPimienta @EAbidalOfficial @jmbartomeu,1,cyberbullying,,
"better yet, if old white racists donâ€™t look at you and think â€œniggerâ€ù you canâ€™t say nigga. dumb fucks.",1,cyberbullying,,
"that made no sense. RT @RezilientKid: fuck off blacks. RT @x_Keith: Nigger, stfu. RT RezilientKid: see why americans are dumb? SIMON&gt;",1,cyberbullying,,
"@d800man ~ Ok nigger lover, you're not black. WHO GIVES A FUCK YOU DUMB NIGGER? YOU ACT LIKE A NIGGER.",1,cyberbullying,,
There isnâ€™t any. None at all. I actually look for anything past the shit they make up on the fly.,1,cyberbullying,,
"Lmaoo ""@stransinf: @_WSBG fuck u hatin on budden for u dumb nigger""",1,cyberbullying,,
FUCKING ASSHOLES GO THE FUCK YOU SLEEP YOU DUMB NIGGER BITCH COCKSUCKER FUCK I SWEAR TO FUCKING GOD IF YOU HAVE ONE MORE LOUD ASS CONVERSATION THAT ECHOES THROUGH THE WHOLE ASS HOUSE IM GONNA MOP THE FUCKING FLOOR WITH YOUR DEAD BODY,1,cyberbullying,,
"One thing about this question is that its giving notifs for ur replies too. So if ur going to reply to people on this acct, it sends a notif to everyone for each reply u made. It doesnt ping for continued posts on a thread however, just the first one.",1,cyberbullying,,
"ANYBODY SUPPORTIN DEM CALLIN U A NIGGA DUMB &amp; WEAK AS FUCK â€œ@MiszChyna: I didn't say niggers tho, but Idgaf if they say nigga @bToocold87â€ù",1,cyberbullying,,
â€œ@gspitzerr: Dumb little nigger needs to back the fuck offâ€ùAye you need to grow up! People like you make the world an ugly place! You bitch,1,cyberbullying,,
"Ooh, racism, now I'm scared! T @tml321: @J_Mess14 I was wrong from the looks of ur pic u r a nigger loving fag u dumb ass fuck",1,cyberbullying,,
first impression: i am still intimidated your nickname in my head: i donâ€™t know u well enough i donâ€™t know ur name iâ€™m sorry letâ€™s talk! do i like you: yes!! you are my: one of my moots what color do you remind me of: light tan should you post this too: if u want! :),1,cyberbullying,,
@bilalisyodaddy yesss I know that but there are v4s u stupid fuck it's called vteck u dumb sand nigger,1,cyberbullying,,
"Like niggas always lying thinking I'm stupid , like you don't have to lie to me baby you ain't my nigga",1,cyberbullying,,
@DogBountyHunter She was just a nigger to you...you're disgusting...then I see you embrace those black football players on TV..so fake,1,cyberbullying,,
"@angelxroblox tysm for the detailed commission i think ur the first person that doesnâ€™t over price it bc i found one thatâ€™s like 50 robux for the same thing! anyways tysm for not getting mad when i had no funds and i happily payed the gamepass way, iâ€™m super happy again, TYSM",1,cyberbullying,,
"The answer to your question is that we face racism and the effects of past racist regimes everyday. If you want a specific calendar of each day, incident and location it would span from roughly 1652 to this mornings delightful ""nigger"" comment under my latest YT video.",1,cyberbullying,,
This being one of ur first replies to my tweets,1,cyberbullying,,
@lilduval on the real niggaz is dumb as fuck you cant have a movie involving slavery and leave out the niggers,1,cyberbullying,,
Pull Up With The Pistol Make A Nigga Look So Dam Sick Like He Seen A Bitch With 3 Titts https://t.co/64YCÃ¢Â€Â?,1,cyberbullying,,
"@NeonsYoutube ugly pug nigger, cyro is better then u mate u dumb faggot I will fuck u up blud, u .see you right Iâ€™ll fuck u up if I see u , cyro is better and so is hypoistix",1,cyberbullying,,
@crownkakashi one of my first oomfs here! i remember u bc ur ratio is amazing plus u havent changed users i think. ur layout looks nice i hope we cld interact more ^____^,1,cyberbullying,,
"You reacting calling us dumb niggers. Iâ€™m hurt. RT @JuggernautBG: Iâ€™m mad over that call, I donâ€™t give a fuck about none of you niggas",1,cyberbullying,,
This nigger in my class dumb as fuck #holyshit,1,cyberbullying,,
"Fuck it.... where is these damn black broadcasters that slammed Bron over Hong Kong and China... White movementist..... saying oppression should be denounced.....two weeks later after they, the Hong Kong protesters, called him a dumb nigger I'm like where the smoke on that....",1,cyberbullying,,
u are a Racist if u select ur white clothes to wash b4 the black and colored ones..Stop Racism! Wash them all 2gether!!.. Nutin Doeth Thou!,1,cyberbullying,,
â€œ@chiIIful: FUCK MIKE BROWN. FUCK TRAYVON MARTIN. Niggers deserve to die. BLACK LIVES DONT MATTERRâ€ù kill yourself you dumb hoe ass bitch,1,cyberbullying,,
Sick and tired of my dads bullshit fuck that nigger dumb bitch,1,cyberbullying,,
@RELLVAMPSTAR man fuck lebron and Eli y'all just mad our owner a better gm then that dumb nigger y'all have in office,1,cyberbullying,,
I HATE DUMB FUCK'N NIGGERS!!!!!!!,1,cyberbullying,,
@WeirdKrista word you're dumb as fuck lmfao . Calling someone a nigger is childish and your parents wouldn't be so proud boo boo,1,cyberbullying,,
"The instrument is being used on both sides. Right wing extremists searching for â€œblack pagesâ€ù in the past of opponents. And left wing extremists, who are calling anything they donâ€™t like â€œracismâ€ù. There seems to be no reasonable middle in any discussion anymore.",1,cyberbullying,,
#FavoriteOFLine fuck u dumb nigger RT for fuck sakes,1,cyberbullying,,
WHAT THE FUCK. SOME DUMB NIGGER LEGIT JUST KILLED DESEAN,1,cyberbullying,,
Tell them wena bae RT @Herms74: yall niggers are dumb just complaining about that ass cos you know she aint never gonna fuck you,1,cyberbullying,,
Shut the fuck up you dumb ratchet ass nigger,1,cyberbullying,,
"Damn I HATTTTE the word ""nigger"" its 2012 ppl ALMOST 2013 GET THE FUCK OVER YOURSELF &amp; STOP BEING FUCKING RACIST! #DUMB BASTERDS!!!",1,cyberbullying,,
no your dumb as fuck. and what kind of skater dates a nigger in h... â€” you're such a racist. go fuck yourself dawg. http://ask.fm/a/4khg147f,1,cyberbullying,,
"!!! RT @FyeRedNiquee: Ignorant ass white people. So you mad? ""@JustBRI_You: Girl FUCK YOU ! RT @tayyoung_: FUCK OBAMA, dumb ass nigger""",1,cyberbullying,,
@jobbyblobby likewise virgin dumb nigger and btw he is making 1 million a year you dumb faggot loser fat fuck dont you ever tweet me again,1,cyberbullying,,
@THERACISTDOCTOR fuck that if niggers can unite for dumb shit but white can't unite for a great cause motherfuckers need to die,1,cyberbullying,,
This Nigger Right Here --&gt; @Gr8ight Is Dumb As Fuck cc @rhymemarvel @drvektor **spits** #thatisall,1,cyberbullying,,
If anything you'd think the Black's would stand up and speak out but no y'all literally love playing the victim in a equal world y'all know absolutely nothing of what real racism is Taking About past pains what y'all fail to understand is its there to learn from not manipulate,1,cyberbullying,,
"â€œ@Rapmonster: people are dumb as fuck.. especially niggers.,â€ù WTF IS THIS?! Ignorant shit.",1,cyberbullying,,
"I can only remember what happened in my past life if I written it down at the time or it is in old messages Anything before I was 12 I blocked out of my mind and it is all a blur, I can't remember anything it's all black to me",1,cyberbullying,,
@JtheKidd @corygunz @iampetergunz @hashbronxbeast what's up dumb Nigger? Howard is gonna butt fuck u...ur a bitch and u know it. Haha,1,cyberbullying,,
Y'all don't know shit about Chicago. If you know anything then you should know the feds have already been to Chicago in the past to help and nothing has changed. The feds can't solve this problem . .,1,cyberbullying,,
"Yes! I heard of it after it had been out for awhile. I downloaded the first couple of episodes and got hooked. I may dl it again, hard to find good shows except on premium networks like HBO. The seasons only run usually about ten shows. One good day or a couple nights, ur done",1,cyberbullying,,
"on the receiving end of racism, u not only prove it's existence but that your thoughts r colored by biases #Bamon",1,cyberbullying,,
"Racism is so deep in Latin America, like even tho must of us are brown, having white skin is standard for beauty being called â€œnegroâ€ù itâ€™s an insult, you grow up wishing you were white, you grew up with zero representation because your skin color is not â€œattractiveâ€ù, because itâ€™s",1,cyberbullying,,
"That tweet made me cringe, never imagined that any black child can call another a house nigger. It's demeaning, it's sad &amp; utterly disgusting #SorryPrinceKaybee",1,cyberbullying,,
"@MandaSwaggie DEAR DUMB FUCK: BLACK PEOPLE ARE NOT NIGGERS. HECH, THEY ARE NOT EVEN BLACK. THEY HAVE DIFFERENT SKIN COLORS. FUCKIN RACIST",1,cyberbullying,,
"Everyone saying mom backseat are fucking stupid, respect ur elders. if I was driving anyone else and they were older and got in the car first my wife is staying at the back. Get some manners people cause we all gonna get old one day",1,cyberbullying,,
Don't expect for people not to give up on you when ur d one who pushed them away and gave up on them first,1,cyberbullying,,
"RT @LolSupRach lmao wow. good insults girl. go fuck yourself, and get me a lemonade i'm thirsty nigger bitch @misskola..this bitch is dumb",1,cyberbullying,,
"@JoWHIZ @wizzy_onpoint dis guy is just a dumb fuck, this is the only way I can define u. No vex abeg. Don't worry,u still my bitch nigger :D",1,cyberbullying,,
STFFFFFFUUUUUUUUUUU ABOUT MIMI FUCK! YALL îê–îê–îê–îê–îê–îê–îê–îê–îê–îê–îê–îê–NIGGERS IS DUMBîê’,1,cyberbullying,,
"Blacks seem to hate any word that translates to ""black"". How many have we gone through? Nikker, Colored, Negro, Afro-American, Black, African-American, POC...what's next? Whites don't mind being called words that translate to ""White"". That's the difference. Weird, isn't it?",1,cyberbullying,,
"and white people called your ancestors slaves, negro, not human etc does that mean itâ€™s true?",1,cyberbullying,,
Never mind fuck that. Dm me your number. God damn dumb obnoxious NIGGERS texting me bullshit!,1,cyberbullying,,
fuck you this is not the person I think it is you dumb nigger,1,cyberbullying,,
"â€œ@tayyoung_: FUCK OBAMA, dumb ass niggerâ€ù ooo that girl is rude lol watch it pilgrim",1,cyberbullying,,
Who the fuck is this @niger_innis clown? Oh just another dumb trump supporter with a 2â€ù pipe up his ass. #CNN,1,cyberbullying,,
"why dont you donate to this cause instead first of all armys have been collectively donating to multiple different charities over the course of years one in an army exists for a reason, second. ur white and cis you have no business trying to patrol any of us",1,cyberbullying,,
"@HeSayCeeSay: @tayyoung_: FUCK OBAMA, dumb ass nigger""ohhhh shutup bitch"" Aye Cee I think she mad aaawww to bad....she stupid hoe Lol",1,cyberbullying,,
"@947 #947Olympics I did see where the people dissing me were coming from. But anything that happened in the past between black and white, I can't really speak on it but I don't feel like me being born the color I am makes me any less of a person. Eminem #TeamEminem",1,cyberbullying,,
"She MAAAAD LMAO!! RT @_DestinyFaith: @TEKtheMAESTRO fuck you dumb nigger! Y'all are do dumb""",1,cyberbullying,,
RT @Galepsy: THIS NIGGA TRUMP IS NUN BUT BAD NEWS IMPEACH DIS NIGGA Ã¢Â€Â?Ã¯Â¸Âè https://t.co/5iELBy0pf3,1,cyberbullying,,
"@imdavidduhh dude, fuck yeah actually(: and you dumb nigger how the fuck did you get like 100 followers in like 2 days D:?",1,cyberbullying,,
RT @ImNotMessican: RT @WhiteFollowers: Fuck ur shutouts u dumb nigger RT @HeCantChill: Shout out to my white followers tho.,1,cyberbullying,,
"@yofavoriteEXgf its only #rare cause niggers are dumb , they throw on some axe and be out the door like fuck it",1,cyberbullying,,
"the shit I just saw on my TL niggers "" don't like you dumb fucks",1,cyberbullying,,
RT @nyctophil3: Pineapples do not belong on pizza. Y'all niggas are nasty.,1,cyberbullying,,
"â€œ@tayyoung_: FUCK OBAMA, dumb ass niggerâ€ù. We see who's mad. Bitch take a chill pill and smoke a oozy and go to bed. #ObamaBiden12",1,cyberbullying,,
"LMAO you been brainwashed nigger by water bottle companies. No matter what you order bar / restaurant automatically puts a tap water on the table, with ice cubes. Nothing wrong with it. Is clean you dumb fuck!!",1,cyberbullying,,
@Kayyloco what a dumb question. go fuck yourself u dumb nigger,1,cyberbullying,,
omg ur literally angry over dis im sorry and i didn't even know if that was true or not at first but yeah a looked it up and one of the writers had said in a 2017 interview that he wanted to go that route with zuko and katara but just didn't,1,cyberbullying,,
BLM has done more damage to the black community in the past few months than anything.,1,cyberbullying,,
"The sanitation strike, had to eat a colored places, had to endure all kinda racism. My mother and father too. If u from the north u don't",1,cyberbullying,,
'& I Love My Team I'd Ride For My Niggers..' What Team? &amp; What Niggers? Dumb Fuck,1,cyberbullying,,
"While the sunâ€™s photons donâ€™t penetrate past 200 meters, the oceanâ€™s depths are aglow with bioluminescence. Anything emitting light attracts attention, both for prey and predators. Cloaked in some of the blackest black in the animal kingdom, Vantafish are virtually invisible 3/",1,cyberbullying,,
"â€˜Negroâ€™ was chosen by white people as a name to label an entire race of people without their approval or input on what they would be called. So, it became normalized and everyone used it because it sounded better than â€˜n*****.â€™ â€˜Honkyâ€™ was a direct retort to the â€˜n-word.â€™",1,cyberbullying,,
@kenzi3pachec0 fuck you you dumb nigger,1,cyberbullying,,
@XboneTourneys @Gatz_Games why cant i 2v1 dumb nigger fuck your tourneys lmao hes on his way back from his basketball game,1,cyberbullying,,
"Fuck around and get smoked RT @dizure_: Type time she on?â€œ@KingKaay: This that shit i dont like RT @tayyoung_: FUCK OBAMA, dumb ass niggerâ€ù",1,cyberbullying,,
i kinda love my current pfp itâ€™s my first non louis one so i was scared but i like ur,1,cyberbullying,,
"Watching a doc about hate. These racists look dumb as fuck. ""God hates, nigger this, jew that"" ignorance at its best #haveseveralseats",1,cyberbullying,,
Kapernick you stupid fucking nigger piece of shit how the fuck do you just fall down you dumb jitsoon moon cricket eggplant mother fucker,1,cyberbullying,,
"Im waiting patiently for black proteas past or present to condemn or take a stand against any one of the following: the ANC government for state capture,EWC,BEE or anything on this list",1,cyberbullying,,
Hell yea fuck that dumb nigger #mikebrown #Ferguson @realjannetty @TheRevAl #kkk @FreddieRoach @FloydMayweather #DarrenWilson #cops #wwe fag,1,cyberbullying,,
So the lil fucker next door wants to play nigger knock....YOU LIL DUMB FUCK WE HAVE VIDEO SURVEILLANCE I SAW YOU DO IT!!!!,1,cyberbullying,,
@Huntermoore @justinbieber hahahahahahaha hm is dumb he fucks sheep in his sleep he cunt get laid ya idiots niggers are his fans talk 2 me,1,cyberbullying,,
Florida is horrible on racism. I know I live here. Also West Virginia too. I just donâ€™t get why having dark colored skin makes u less of a human. It doesnâ€™t. Blacks are ppl to! #BlackLivesMattters fuck u to those that think they donâ€™t,1,cyberbullying,,
@SEXYLALA That's a dumb nigger never fuck LALA. he will make your pussy dumb,1,cyberbullying,,
The story doesnâ€™t even stop there one of the girls started talking about how her boyfriend gets called a coon how white washed he is. she was so proud of it. She said he was raised by his white grandma and the other girl goes oh so it was diluted and I said what? The negro ?,1,cyberbullying,,
"@MalcolmNance I listened to your heartfelt comments about race. I grew when Blacks were called Colored, Negro and Nigger in Southern Missouri. After the late 70's, I never thought that I would see and hear the racism of today. It is totally uncalled for. Thanks for today.",1,cyberbullying,,
"RT @phfame_: Don't be a boring bitch. If that's Your nigga, suck that nigga dick.",1,cyberbullying,,
What a stupid fuck it's aftermath you dumb nigger (@YouTube http://youtu.be/oWwtNwm4_do?a),1,cyberbullying,,
fuck you thought I was a dumb nigger right? Wrong bitch.,1,cyberbullying,,
"@_LastNameJones_: Fck the testicle you were formed in you cum guzzler. RT @tayyoung_: FUCK OBAMA, dumb ass nigger kmsl hahaha",1,cyberbullying,,
"Chineke RT @AntiDARKSKINNED: Don't start with that ""I'm brown"" bullshit. You are black, you are a nigger. You are filthy &amp;amp; disgusting.",1,cyberbullying,,
SHUT THE FUCK AND RELEASE SOME MUSIC YOU DUMB NIGGER,1,cyberbullying,,
"You get no dick RT @tayyoung_: FUCK OBAMA, dumb ass nigger",1,cyberbullying,,
"@SegunThePundit Evryone has a lil bit of Racism n dem. I bet wen u do Æ± Ñè Laundry u separate al d Colored Clothes 4rm d Whites. #RacistJoke""",1,cyberbullying,,
"Rageeeeee RT @tayyoung_: FUCK OBAMA, dumb ass nigger""",1,cyberbullying,,
Dumb niggers whiteboys were poppin Molly's back in 05 and y'all think it's new. Lol fuck,1,cyberbullying,,
@Oluwajoy88: Racism is wen u select your White clothes to wash first befor the Black Colored ones. Dn't b a racist! Wash them al together!,1,cyberbullying,," CALL 2MWEN IM BK FRMCLOUD 9! J X\"""""
"Welcome to the family, sweetie!! And ur username is so cute so who is the first one to catch ur eyes in the performance? Im curious",1,cyberbullying,,
Called that man all types of niggers and black pieces of shit. Disgusting bitch,1,cyberbullying,,
@BarackObama USA have no money to send drones to africa. don't be murderin our nigger people wit drones you dumb nigga boy fuck you,1,cyberbullying,,
@gardner_eli_ Hey you dmb fcking ugly niger. Go fuck yourself. I ain't with tryb but aftr last night I saw how dumb cinco is. Fckn pathetic.,1,cyberbullying,,
"Ctfuuu , You Mad ?! :) ""@tayyoung_: FUCK OBAMA, dumb ass nigger""",1,cyberbullying,,
@nicoIemac ur the first one im blaming,1,cyberbullying,,
Teenagers in #BLACK_LIVES_MATTER need to understand what u stand with colored is a racial backslash of multi cultural racism not just blacks but all walks of life u continue u could be ended up on jail time,1,cyberbullying,,
"Lmmfao , y'all check this dumb fuck out ! @Bigballin777: @Follow_My_Life_ fuck u stupid nigger were fucked get realâ€ù",1,cyberbullying,,
"BITCH GET PISSED ON!! YA DONE LOST YA MIND HOE! #OBAMANATION @tayyoung_: FUCK OBAMA, dumb ass nigger",1,cyberbullying,,
"Or naw RT @_KeshiaCOLD: You mad? â€œ@tayyoung_: FUCK OBAMA, dumb ass niggerâ€ù",1,cyberbullying,,
I swear you like seeing me pissed..... kay fuck you then.. dumb ass nigger,1,cyberbullying,,
"Racism from the Squad â€ùwomen of colorâ€ù. What hue means being colored and not, Girls? Thereâ€™s a color wheel, Red Green Blue. 0-255 ea. TALIEB IS LIGHT! I MIGHT PASS,TOO! For the benefits! Whatâ€™s the RBG#that crosses over, ladies? U pick, little lighter than me please! #MAGA2020",1,cyberbullying,,
FUCK OBAMA dumb nigger! and fuck haiti too! im gettin fucked up 2nite on MY MONEY that I WORKED 4! fuck the irs n all u welfare usin freelaâ€?,1,cyberbullying,,
Thatâ€™s all the players are kneeling for though mate. I donâ€™t personally agree with the blm group but I agree with the message of black lives matter. Youâ€™re no being asked to agree with anything past that. Just support the players and the message theyâ€™re sending,1,cyberbullying,,
"Coon: A Black person who sells out and kisses up to racist White people, especially those who defend racist White people against Blacks; an Uncle Tom, what Malcolm X called a House Negro. Hate to see it",1,cyberbullying,,
"#AmyCooper: Canadian woman working in New York, called police on #Negro, facing charges. Lots of racists from Canada, walking streets of #USA, enjoying white skin privileges. https://nymag.com/intelligencer/2020/07/amy-cooper-faces-charges-after-calling-cops-on-black-birder.html https://heavy.com/news/2020/05/amy-cooper-video-new-york/",1,cyberbullying,,
"An ex-colleague was called a ""negro"" by an Asian employee and when they raised it up with the manager, he simply ignored it. But when I defended myself against a white person who defamed me, the white manager trumped up charges with no concrete evidence. #ConfrontingRacism",1,cyberbullying,,
"If I ever caught someone calling a black person ""a disgusting nigger"" I'm fucking involved.",1,cyberbullying,,
"Latinos will say nigga but will u also claim your African heritage? Thatâ€™s the issue. White people can say nigga who tf cares, the whole point is people understanding racism, white supremacy and the self hate that holds us all back as colored folk. We all started as Africans",1,cyberbullying,,
FUCK! @Unknown283Dawg: @DarynJones @NicoleHolness FUCK NICOLE HOLNESS! SHE'S A FUCKIN DUMB NIGGER BITCH THAT NEEDS TO GET LYNCHED!!!w,1,cyberbullying,,
"Aww.. Sorry BooBoo!RT @tayyoung_: FUCK OBAMA, dumb ass nigger",1,cyberbullying,,
Some dumb niggers were hassling me at the bus stop because of my Lakers hat. Well fuck you boys!,1,cyberbullying,,
UPDATE: She opened her text msgs to show me an issue sheâ€™s having with sending pics & a msg she sent to her friend says â€œsheâ€™ll finally have the chance to fuck a niggerâ€ù. SO THIS CALL IS OVER. I HUNG UP. I HOPE YOUR MAN IS FUCKING EVERYTHING W/ A PULSE DUMB BITCH!,1,cyberbullying,,
@YRT211 @EricCantor @GOP @OFA_VA @SenateDems @HouseDemocrats fuck off you dumb nigger cunt.,1,cyberbullying,,
--&gt; https://t.co/uQZekzKb8D https://t.co/UQxvQP7Ls6,1,cyberbullying,,
House niggers are really dumb fucks,1,cyberbullying,,
dumb fuck probably should stop calling people niggers then,1,cyberbullying,,
Maybe not. Those women certainly didnâ€™t tell the whole truth and nothing but the truth. I also noticed most of them were old and washed out Karens. I wouldnâ€™t put anything past them. They just needed one or 2 black women to put the seal of approval on the whole con,1,cyberbullying,,
@R7273_ hahahahahahah holy fuck he's a dumb ass nigger who's sweat pants are falling,1,cyberbullying,,
@shocky2002: @LydiasLyfe Shut the fuck up you dumb nigger. Don't ever voice your opinion on any matter again.,1,cyberbullying,,
Why isnâ€™t everyone as upset that nick cannon called white people sub human and savages as someone saying #negro?,1,cyberbullying,,
"â€œ@DickSlapYoMama: Someone sounds mad .. how mad are you ? RT @tayyoung_ FUCK OBAMA, dumb ass niggerâ€ù",1,cyberbullying,,
"How is this racist? Because itâ€™s in black and white? I swear, the haters will find anything to complain about.",1,cyberbullying,,
@goshawty123: plz get shot like that other nigger Tupac @barackobama FUCK YOU DUMB BITCH!,1,cyberbullying,,
First impression: hmm another Serbian your nickname in my head: none closeness ratings [1-10]: idk? do i like you: sure you are my: mutual ever had a crush on you: no should you post this too: if u want to one random thought: ur cool,1,cyberbullying,,
"I'm done being PC, this nigger is a dumb fuck....I said it, and I mean it.",1,cyberbullying,,
"Goya black beansâ€” more properly called frijoles negrosâ€” are delicious. But your hipster Trader Joeâ€™s ass is banned from eating them, Snow White. Also, real Latinos donâ€™t use Latinx, thatâ€™s some bougie pc talk for social media by a few Spanish speaking elite pseudo intellectuals",1,cyberbullying,,
"â€œ@_KeebzTrilla: Unfortunately most Republicans aren't retarded, so they don't fuck around with their ballots.â€ù Lmao. Dumb nigger democrats.",1,cyberbullying,,
"Once you go black, you're a scourge upon society. Not to mention a disgusting nigger lover...",1,cyberbullying,,
"chriss dumb, fat dumb fuck retardo nigger.",1,cyberbullying,,
and to nigga is not Racist you dumb fuck .. Nigger is Racist ...Nigga People say that all the time smh.....,1,cyberbullying,,
"Lmaooo. Were yall at. At school. ? RT @in_JEpan: Fuck @FemaleJawan for almost tripping me in the Hallway, DUMB HO NIGGER BISH.",1,cyberbullying,,
no im allowed 4 wives woman.... ur my first one wifey though,1,cyberbullying,,
I think itâ€™s because most libs / non ML think of everything in terms of the individual. Itâ€™s hyper individualism. They donâ€™t know anything about the black panthers or Thomas sankara or other ML figures in the past who needed state power to have any power. They donâ€™t see strategy,1,cyberbullying,,
Court orders judge in #TrayvonMartin case to step down. Yussss back the fuck down. #justiceforzimmerman #TrayvonMartin was a dumb #nigger,1,cyberbullying,,
"Man fuck the bitch as niggers, how y'all doing? I'm lil tunechi, I'm a nuisance, I go stupid, I go dumb like the 3 stooges..",1,cyberbullying,,
"You a dumb bitch RT â€œ@tayyoung_: FUCK OBAMA, dumb ass niggerâ€ù",1,cyberbullying,,
"When the main character said â€œitâ€™s the hate we giveâ€ù at the end of the film was so illuminating, the anger that black people show to each other using the disgusting word â€œniggerâ€ù explains so much, people say they use it as a term endearment, quite clearly thatâ€™s a lie",1,cyberbullying,,
@talkRADIO Let's be honest #StephenLawrenceDay is a political reminder of white on black racism - why else pick out this single incident from a generation ago when black kids are murdered by other black kids nearly every day. #leerigbyday? - doesn't fit the narrative...,1,cyberbullying,,
@BigBottomCottom nigger lover. You and taleahs dumb ass have changed her too. And you guys think Cameron's the bad guy. Wake the fuck up,1,cyberbullying,,
@CMadatMe @MUTGuru fuck outta here ith God shit this ain't religion clas dumb nigger,1,cyberbullying,,
"ok i hate mattia as much as any other person of color but comparing saying â€œniggaâ€ù in a song to CALLING black people â€œniggersâ€ù and shouting it at them, is wrong. both are disgusting &amp; shouldnâ€™t have happened but cmon.... emmuhlu is fucking stupid and deseveres all of this",1,cyberbullying,,
â€œ@_LilAus: You're a fucking dumb nigger â€œ@joeyclersaint: â€œ@_LilAus: Fuck Obamaâ€ù fuck your opinion â€ùâ€ù SHO IS A DUMB NIGGER SHO IS MASTA,1,cyberbullying,,
@NiqueBlanton @SowaTheArrogant ... Sorry to call you dumb and a Nigger. But I would not have if it was not true you dumb fuck. Lol!!!,1,cyberbullying,,
stoled reply and ill give u sum emojiz = luv ur pinned = i love seeing u on the tl = ILYSM = want to be friends with u = i stalked ur acc = i consider u as one of my fave = youâ€™re sweet = would do anything for u = first time i see you,1,cyberbullying,,
"Jeff, please, stop calling that a ""dumb move"". ""Nigger"" is one of these powerful words just like ""cunt"" or ""fuck"" etc.",1,cyberbullying,,
I do. Iâ€™ve experienced it first hand sadly. But racism is racism whether itâ€™s a small fraction that u only notice in certain situations or whether itâ€™s a deep hate towards a group of colored people. Cuz ur still blaming ur people rather than the actual oppressors.,1,cyberbullying,,
"Society made us so sensitive usually idc about anything and just chill , but this past month with BLM i became more sensitive to things when I see black in it",1,cyberbullying,,
@donteltaylor Hey Bitch Nigga! Ready for round 2? Round 2 will be more advanced with intellectual thinking and complete readiness at all times. This is what you get for having an affair with me at work getting us fired and still being a dumb nigger. BUCKLE UP FUCK BOY GAME ON!,1,cyberbullying,,
"Noo fuck youu !!! &amp; Stay Mad with your mad ass""@tayyoung_: FUCK OBAMA, dumb ass nigger""",1,cyberbullying,,
 if you aint bout that Murder Game pussy nigga shut up ,1,cyberbullying,,
Like this nigger is dumb AF!!! How do you fuck over a great girl like this?,1,cyberbullying,,
@tighmir fuck u . u dumb ass stank ass nigger . there is a diffrence between black people and a nigger and u deff a nigger . so fuk ya bitch,1,cyberbullying,,
You dumb fuck nigger titty ass bitch lickity split,1,cyberbullying,,
"tonight i had an incident of racism. on my way home from my night out, some guy followed me shouting ""nigger"" at me. tell me racism doesn't exist today. go on",1,cyberbullying,,
these dumb nigglets ~ as i said before the fuck offs see what i type as i type it~only an ignorant nigger falls for repeated spell *checks*,1,cyberbullying,,
first oneâ€™s ur brand,1,cyberbullying,,
Negro also means black but I know if a white man called me that...,1,cyberbullying,,
@ACME_player you dumb fucking nigger fuck you lil penis bitch fuk u Ur moms hot,1,cyberbullying,,
"@ToMuChOFWG you said "" FUCK YOU DUMB COCK SUCKKING NIGGER I DONT WANT TO PLAY WITH YOU"" so f u",1,cyberbullying,,
The Lord God Almighty knows that I just hate dumb people that always running their mouth and do not know what the fuck they are talking about ! I have my son in here with me that wad born in the Dominican Republic and spent 7 1/2 yearsin Haiti ! That's a damn lie nigger........ pic.twitter.com/umpi1wyqcv,1,cyberbullying,,
YOU THE ONE CALLED ME A DISGUSTING BLACK NIGGER,1,cyberbullying,,
@bomani_jones @JacobMalone1 Jacob shut up u dumb fuck. Niggers are the worst tippers becuz 99% of the time it's whitey waiting on them.,1,cyberbullying,,
I left my dumb bitch days back in college. If you cheat on me itâ€™s over. Idc if weâ€™ve been married twenty years nigger get the fuck out my house and donâ€™t take nothing with you start from scratch.,1,cyberbullying,,
@Nigger_FLIPPER: Dumb as fuck . https://twitter.com/Nigger_FLIPPER/status/494733694213816320/photo/1no kinda rhyme or nothing,1,cyberbullying,,
"um, BIG fan of yours. can u pls. â€œdo moreâ€ù videos about helping out colored peopleâ€™s plight about injustice, profiling and racism?",1,cyberbullying,,
"Yea fuck these bitch ass niggers, how y'all doin I'm lil tunechi, I'm a nuisance I go stupid go dumb like... ~lil Wayne (look @me now)",1,cyberbullying,,
there are so many ugly GROWN ass niggers on my tl talking shit and mocking that big black girl and itâ€™s disgusting very very small penis energy,1,cyberbullying,,
in 1997 he said u know no more racism for me anymore and National Association Advancement of COLORED people (NAACP) george ruthford (WHITE MALE) says u know what ur forgiven,1,cyberbullying,,
nigger dumb as fuck,1,cyberbullying,,
"Nice strawman, literally never said that. I actually said the characters were good in one of my first tweets idk what ur on, I thought the stuff with N was goated and the finale was cum. Again you seem to forget I said I LOVE gen 5 it's just not the BEST gen",1,cyberbullying,,
"Well we drove past a house that had a ""Trump Pence 2020"" sign on the lawn &amp; I only saw like 1 person wearing a mask even though we're supposed to wear them in public. Nobody said anything to me, I just got a bad vibe from the place (also didn't see any black people so ya know)",1,cyberbullying,,
Fuck these dumb niggers,1,cyberbullying,,
Of color is the correct term. Colored refers to segration. I do know several cops who identify as POC and they speak on the racism in the Boston departments but treat it like a regular job and never speak on this â€œchangeâ€ù u insist theyâ€™re infiltrating from behind enemy lines,1,cyberbullying,,
First the dumb bitch nigger saints now the retard mouth breaghing faggot broncos.... fuck you all,1,cyberbullying,,
"Head of NAACP Walter White wrote:in""Man Called White"" (p. 3):""I am a Negro. My skin is white,my eyes are blue,my hair is blond.The traits of my race are nowhere visible upon me.""Of his 32 great-great-great-grandparents,only 5 were black,and the other 27 were white. By law he's AA",1,cyberbullying,,
You dumb ugly nigger wayne positive Trash soft ass nigga fuck you nigger pic.twitter.com/4GbgaKM9xP,1,cyberbullying,,
"dumb bitches ! Go drink some bleach RT @tayyoung_: FUCK OBAMA, dumb ass nigger",1,cyberbullying,,
"@LeeOrDior @SteeZeyFLOW Just kidding, your cousin is probably a nigger too. Sit the fuck down, your jokes aren't even funny. Dumb bitch.",1,cyberbullying,,
â€œAhhhh I have anxiety so Iâ€™m gonna call you a niggerâ€ù get the fuck out of here I canâ€™t change my skin but being dumb is a choice luv truly embarrassing Iâ€™d deactivate.,1,cyberbullying,,
"The fuck? â€œ@Kee_Wee: I got 3 ""fuck you's"" &amp; 1 ""dumb nigger"" &amp; I'm not even half way through the dayâ€ù",1,cyberbullying,,
Dis Niger outside of Kroger Got on Ah Huge Ass Sweater. Dumb Fugazee true Religion Jeans And Drinking Coffee.Its Hot Af.!!! Dumb Fuck,1,cyberbullying,,
Are you stupid or do you just not pay attention. Not once in any video thatâ€™s been released did anybody on there say anything racist. She made a race joke and the white people payed her dust and skipped past it. Mind you in two videos another black man was on the panel,1,cyberbullying,,
Guy quoting MLK but using the same talking points of White Supremacist and their Negro minions which called Dr King a Russian Communist.,1,cyberbullying,,
"Kanye West called the white girl ""brave"" for ""speaking out"" &amp; ""speaking truth"". But, grossly chastised the intelligent black woman for doing the same. To borrow a lexicon from Malcom X: ""during slavery you had two Negroes. You had the house Negro and the field Negro.""",1,cyberbullying,,
"If you were racist in the past why would you not want show people publicly that you support them? Like the only thing j* has done was preached about how we need better shade ranges, he hasnâ€™t done anything for the black community &amp; just says sorry for his racist past over &amp; over.",1,cyberbullying,,
"And what also aggrevates me is if her black boyfriend does her dirty she finna call her KKK member brothers to go and hunt that nigga down, telling them. ""Y'all better get that nigger"" claiming she loves black men and shit, it's fucking disgusting",1,cyberbullying,,
Fuck a pay cut for a ring. Guns and butter lil dumb mothafuckas. Classic nigger shit. Less bread kuz u want bragging rights in ur league,1,cyberbullying,,
"First one to say it. Itâ€™s not about who she is at all (for me) itâ€™s the fact that if u younger, u get ur young ass to da back and let the older ones sit ina front",1,cyberbullying,,
"Money Over Dumb Bitches, L's Over Dem Fuck Niggers.",1,cyberbullying,,
"@RichOffSoda Yeah and? A whore being paid to fuck niggers. You think somehow that makes you anthing,Lol,dumb niggers https://twitter.com/RichOffSoda/status/705003920695820290",1,cyberbullying,,
@Bigsweener I done tried fuck I told ppl off Craigslist 1800 dumb niggers won't text back,1,cyberbullying,,
@ProDrewALI your a nigger to you dumb fuck?,1,cyberbullying,,
"@hermdiggz: â€œ@tayyoung_: FUCK OBAMA, dumb ass niggerâ€ù this bitch &lt;~~This Whore SMH
I donâ€™t think so either but I donâ€™t put anything past these niggas when it comes to Black women
Your a dumb motherfucking nigger! You have a kid? And... â€” I mean if you're so fucking bad come the fuck off bei... http://ask.fm/a/64c3k8ag
@GYANTUNPLUGGED what he said was disgusting but black ppl are worshiping sheen and he's made nigger comments in the past...
comment 1 - â€˜It was one of the most memorable experiences I ever had. worth every pennyâ€™ comment 2 - â€˜fuck this dumb nigger ape she way too took it &amp; spent it.â€™ comment - 3 â€˜itâ€™s more wrong to really think the first.â€™
Latinx fams better finally agree ACAB after they get offended abt the Walmart incident. Abuse of power frm a cop should be the highlight, but instead their ingrained racism will only pick up on the detail in which a Black woman refuses to help. Divide n conquer tactics at play
u colored n feel unsafe, I got your back 100%, we can curb stomp racism together n hold hands
Place. While ships of Irish turned back out to sea to float until people died cuz they were considered too dirty to be here. Called white chimpanzees &amp; cartoons of them as monkeys alongside black folk. No dogs no negros no paddies. An ugly
HIHIHI OMG UR REALLY NICE AND UR ONE OF MY FIRST TTS MOOTS AND WE SHOULD TALK AGAIN ILY CASS SPIN OFF @DisneyTVA @DisneyAnimation @disneyplus
Dumb Nigger Fuck On Call Of Duty :(
Fuck #CharlieHebdo Translation:French people are as dumb as niggers."" Is this the crakkka every1 is crying over? pic.twitter.com/INmnFeIq1P",1,cyberbullying,,
"@ConservativeRay shut the fuck up you dumb piece of nigger trash. before you go making fun of other peoples pics, how about uploading yours?",1,cyberbullying,,
"Big dumb ass, fuck nigger",1,cyberbullying,,
My friends and me got called niggers by this Mexican chick . She's colored too though .. Racism at its finest !,1,cyberbullying,,
Yall kinda did though RT @MichaelTavon: Niggers are dumb as fuck I remember. When everybody swore me and drew looked alike ...stupid fucks,1,cyberbullying,,
"Good so when you are called negro by a white guest I expect you to smile. I remember when Karen was a regular word, but white people out here were crying. Are you for real this tone deaf or just protecting your chicken?",1,cyberbullying,,
"So she mad LOL smh â€œ@_SWAGGADADDY_ RT @tayyoung_: FUCK OBAMA, dumb ass nigger -- these nuttssss!!â€ù",1,cyberbullying,,
WAIT UR THE ONE WHO MADE THE FIRST ONE?? OMG,1,cyberbullying,,
No actually. Trump lowered the black unemployment rate to a record low these past 4 years meanwhile no democratic president in the past 40 years has done anything for them other than try and pass the crime bill that would lock more of them up,1,cyberbullying,,
"#twotimes â€œ@mtp_55: RT @tayyoung_: FUCK OBAMA, dumb ass nigger (kill her mentions)â€ù",1,cyberbullying,,
Dumb ugly nigger name Wayne Dumb ugly fuck nigger name wayne positive positive pic.twitter.com/0v3ADXndiL,1,cyberbullying,,
"@erkthajerk I feel u. But when it comes to us colored folk. I feel opression, racism, bein picked on. Counted out and classified is to blame",1,cyberbullying,,
Bro stop acting dumb as fuck yâ€™all know that news performer didnâ€™t intentionally say niggers yâ€™all just want to make shit bigger than what it is,1,cyberbullying,,
"I'm toooooooo heated right now. Like, could my brother be anymore of a fuck nigger. Like GO TF AWAY. Dumb prick ass.",1,cyberbullying,,
"@tayyoung_: FUCK OBAMA, dumb ass nigger&lt;------ soooooooooooo . . . . . . Your upset ?",1,cyberbullying,,
Shut the fuck you dumb nigger,1,cyberbullying,,
Niggers are ashy stop fukin with them dumb bitch â€” WTF?!?! Fuck your racist ass opinion!! You're dismissed http://ask.fm/a/4964ik4d,1,cyberbullying,,
michael clifford from 5sos fuck you you dumb ass nigger i h8 you follow me . @Michael5SOS x449,1,cyberbullying,,
@ghostfacekillah Dumb ass niggers who fuck with me bout to get plucked.,1,cyberbullying,,
ew this nigger just called me a nigga.HAHAHAHHA EWWWW fuck you dumb fuckin slave.,1,cyberbullying,,
Sad for u tmims50. Filled w hate and racism against a colored blind patriot https://twitter.com/tmims50/status/859628436515639297,1,cyberbullying,,
"No one stoking anything, we donâ€™t have to you just need to watch TV to see all the attacks from Black people of vulnerable whites and Black on Black violence, yet they still get a free past in some countries as donâ€™t want to be seen as racist racist.",1,cyberbullying,,
Sack the fucking nigger you dumb fucks,1,cyberbullying,,
@Fucking_Boyle: Fuck that dumb nigger simmonds this shit is not ok. EVER,1,cyberbullying,,
@GucciKea dumb nigger ya done fucked up. Bye bye fuck boy!,1,cyberbullying,,
I already see on social media some Black people forgiving and praising the so called white people they claim arenâ€™t racist. Showing the so called â€œ good copsâ€ù.Way to soon for that docile negro bs. The murderers need to be convicted. We can not forgive until we see a change.,1,cyberbullying,,
"@_IamthePrince_ #DontBeMadAtMeBecause I think you're a dumb ass nigger. Get the fuck out of here, fucking bitch ass nigga.",1,cyberbullying,,
Dumb ugly nigger name Wayne Positive trash fuck red and white pic.twitter.com/2SCfYQgVqE,1,cyberbullying,,
"Youâ€™re too kind. But you forgot the â€œbecause of black peopleâ€ù part. If Iâ€™ve learned anything in the past three years itâ€™s that there are far too many americans who canâ€™t pick that up. Please, show no mercy. Be explicit. Spell it out.",1,cyberbullying,,
Free This Dumb Ass Nigger Even Tho I Don't FUCK W. Him .,1,cyberbullying,,
"@cthagod ---&gt; PERFECT EXAMPLE OF A COON. #STILL can't get over the ""white nubian goddess"" comment.... FOH!!!! #COON Let's talk about that!",1,cyberbullying,,
The â€œother â€œ â€œyou donâ€™t look like u belongâ€ù #Americans are multi-colored u #WhitePrivilege #racists Gotta a bible verse for that @marcorubio @GOP @GOPChairwoman u r complicit in promoting #racism #hate &amp; #fear spewed by @realDonaldTrump,1,cyberbullying,,
you fucking dumb fuck nigger fucking roach,1,cyberbullying,,
dumb nigger piece of shit cunt fuck,1,cyberbullying,,
@peterdcohanlon what the fuck are you talking about? it is you dumb nigger,1,cyberbullying,,
@CallMeAdolf fuck an exact translation you dumb ass nigger coon,1,cyberbullying,,
Ah yes i remember wen i go to church i a dumb ugly hatian bitch fuck whitepeople im filthy stinky pile of nigger shit pic.twitter.com/5nsDeJpCPv,1,cyberbullying,,
"@iHollaback What's more disgusting is ""look at those niggers trying to mate"" or ""typical black culture"". That's totally besides the point.",1,cyberbullying,,
@expendability What the fuck? Don't call me a nigger you stupid dumb cunt of a bitch.,1,cyberbullying,,
"Look up something called the cornerstone speech. ts foundations are laid, its cornerstone rests upon the great truth, that the negro is not equal to the white man; that slaveryâ€”subordination to the superior raceâ€”is his natural and normal condition.",1,cyberbullying,,
"itâ€™s okay, iâ€™m completely on ur side with this. itâ€™s fucking disgusting and people shouldnâ€™t publicize this stuff at all. keep it in ur head and donâ€™t talk about it. no one cares, first of all, and second of all, it can hurt others or make them uncomfortable. so just stop, please",1,cyberbullying,,
People calling Mayweather a nigger cause he won the Irish need to remember when no one wanted them around dumb fucks GET ME OUT THIS COUNTRY,1,cyberbullying,,
saying I always fuck their thoughts once I say imagine getting put on a cross. The people saying they worship you don't worship you but they actually worship me. Its called Jesus Christ The Native American NÄÅga Reincarnated Revenge Black Ass Negros. It's a white version.,1,cyberbullying,,
"Aint this cute. RT @tayyoung_: FUCK OBAMA, dumb ass nigger",1,cyberbullying,,
@thereallkiddcam fuck you nigger... Go kill yourself on some dumb shit.,1,cyberbullying,,
"Some people will do anything to try and invalidate your experiences. I was in a relationship with a non-black man at 18 and suddenly Iâ€™m not allowed to speak about MY experiences dating black men, despite the fact Iâ€™ve been dating black men for the past 10 years. Hilarious.",1,cyberbullying,,
"U know @JazzyVixen:Beat it!RT @BosSsDj: Me and the crew just caught a nigger tryna jack a car and gave him a beating at rosebank,Dumb Fuck!""",1,cyberbullying,,
Fuck north dumb ugly nigger name Wayne Positive trash soft ass nigga I'm star dumb nigger off my whips off my toyd pic.twitter.com/vtVBPBXPeJ,1,cyberbullying,,
"Lol sad RT @iHATEsirdrey: LOL! Yep. RT @ican_only_be_me: He's still your president. RT @tayyoung_: FUCK OBAMA, dumb ass nigger",1,cyberbullying,,
"Black people, please STOP acting dumb as fuck in public. You look like a dumb ass coon nigger just like they want us to act. It's STUPID!!",1,cyberbullying,,
RT @Caity_Tay: Usher is makin breaddd off Beiber. that's why Jay Z invested in willow--and JT invested in golf so fuck those dumb niggers,1,cyberbullying,,
I donâ€™t understand how white people can tell black people that â€œnegroâ€ù is not a racial slur but feel oppressed when called â€œKarenâ€ù.,1,cyberbullying,,
"Please produce a recent example of a white Democrat calling someone a ""negro"" dismissively and not getting called on it.",1,cyberbullying,,
@PaTriot_tK @Sharp_tK @Goonjar answer my question and I'll answer yours . You dumb bitch ass dick licking cunt fat fuck nigger adopted kiddd,1,cyberbullying,,
"He speaks less english than bielsa. Negro isnt derogatory its spanish for black. If a black guy gets upset for being called black then thats a sad thing for him. I wouldnt get upset for being called white.. because i am white. i dont condone racism 1 bit though, we stand together",1,cyberbullying,,
"go fuck your mother and jerk off to weak suicidal lefty's that want to kill trump, and same time have TDS crew on your stream that yell about niggers and kikes. dumb idiot",1,cyberbullying,,
"If the ONLY thing ppl took from this is me saying ""colored"" then U really missed the point! I get the anger is strong now (rightfully so) but dont look for racism in someone that isnt racist. (if ur white &amp; coming at me, fuck off U really dont get it)",1,cyberbullying,,
"I think these super eagle niggers dont think b4 they pass, cross or shoot, dumb fucks",1,cyberbullying,,
@JoeBiden stop suppkrting RACISM STEP DOWN colored people dont want to advance to... what? U dont treat them as Equals do u joe?,1,cyberbullying,,
"I think it sits stronger with me as a black woman because I've been someone's nigger bitch. I've been told my skin color was disgusting &amp; threatened by people who later ""apologised"". Forgiveness is easier when you can't identify specifically. Forgive, sure but I can't trust you!",1,cyberbullying,,
I walked past my mum the other day while say fuck dumb nigger the funny thing is she didnt really care,1,cyberbullying,,
"@SHGames You dumb nigger canâ€™t make a game that works nowadays, fire every stupid fuck and hire people that actually play the games and people that are actually good. You guys are so fucking stupid itâ€™s unreal.",1,cyberbullying,,
"Aye yall get her ass!! RT @tayyoung_ FUCK OBAMA, dumb ass nigger",1,cyberbullying,,
This is what happens when ur a dumb niggerÂ«@iAmLarryB @pufntrees @quanb24 fuck yallÂ»,1,cyberbullying,,
"and you are a dumb ass for that statement â€œ@tayyoung_ FUCK OBAMA, dumb ass niggerâ€ù",1,cyberbullying,,
"how are u gonna tell the PERSON WHO MADE THE MEME ""um no we're gonna drag ur name in the dirt forever and you'll be the only one to blame for coming up with this in the first place """,1,cyberbullying,,
.@tylerrjoseph follow me on ur stan acc asf u can be one of my first mutuals wow &lt;3,1,cyberbullying,,
@PlasticKimmy @niallofficial he didn't even use the word nigger you dumb fuck,1,cyberbullying,,
Thereâ€™s the one letter difference so might be cuz my mind just missed the i the first time I saw ur name lol,1,cyberbullying,,
â€œ@QueenNigger: ITALY FUCK OFF DUMB NIGGERS!!!!â€ù you tell 'em tykreeshrina,1,cyberbullying,,
"So in the 1st and 2nd picture,it is called the MANJUYOD SANDBAR,dubbed as the ""MALDIVES IN THE PHILIPPINES""!This hidden gem situated in Negros Oriental and has been an offbeat destination because of its 7 km stretch powdery white sand and clear blue waters.",1,cyberbullying,,
You said that roger stone number just happened to pop up on the Lottery seriously that statement in itself was shameful white people have ever right to say negro as a matter fact In America history black people have been called negro for decades,1,cyberbullying,,
"Tom, with so many people supposedly in favour, why has it taken an incident in foreign climes, for the racism issue to pick up speed? I think it is let down with so many black players jumping on the bandwagon. Why have they been silent for so long?",1,cyberbullying,,
Why does Obama think its ok to fuck with the constitution and are rights? He's a dumb nigger and not even american! Im ready for war!,1,cyberbullying,,
"Saturday Night Live called black conservatives who prayed for President Trump in the White House ""house negros"" and the New York City audience roared with laughter. https://www.youtube.com/watch?v=inTOwXLgw4k&amp;feature=youtu.be&amp;t=138 #Sad #BlackLivesMatter #BlackHistory",1,cyberbullying,,
Stupid dumb ugly fuck niggas name wayne and ugly ass chris fucking niggers off my pussy ugly trashes pic.twitter.com/nlsdj6akn7,1,cyberbullying,,
Lol u dumb as fuckâ€œ@imNot_daFather #IfIWasWhiteForADay I call black ppls nigger over xbox liveâ€ù,1,cyberbullying,,
"fuck she talkin bout lol RT @_Geechi: ""@tayyoung_: FUCK OBAMA, dumb ass nigger""yu mad as shit you dumb ass bitch ,",1,cyberbullying,,
Bro called me a dumb nigger I know he mad as FUCK lmfao,1,cyberbullying,,
"jesus christ he looks so funny in the first one. gonna edit chocolate milk in his hand like ""heres some choccy milk cuz ur white""",1,cyberbullying,,
#confessyourunpopularopinion fuck obama he's a dumb niger,1,cyberbullying,,
@StripForMe_ @MLGJurpi @SamTheAM don't nobody give a FUCK !!! Don't fucking call us by nigger we got names you dumb fuck !!!,1,cyberbullying,,
To all the dumb rednecks that called me a nigger. Fuck you.,1,cyberbullying,,
Black people still asking the devil for help....Lmao!! Y'all niggers dumb ass fuck...Id fuck y'all too...y'all so dumb!,1,cyberbullying,,
My friend now hates the @houseparty app. Says he hopped into a group call with a bunch of white guys and they looked at him with disgust and called him a â€œNegroâ€ù. This bold level of racism in 2020 is overwhelming and should be looked into @houseparty,1,cyberbullying,,
"â€œ@mizUniver_: Obama your a dumb nigger , your just making things worse . #ImSorryJustPissedâ€ù That's racist as fuck jocelynn",1,cyberbullying,,
That nigger is dumb.. RT: @LaLa_S0CRAZY: What in all the fucks?,1,cyberbullying,,
"@Twin_Ec_ @yeesii___ fuck you dumb ass broad, he's free to hold his opinion. I hope niggers in your town see this and anally assault you",1,cyberbullying,,
if a white person called me a negro i would simply obliterate them,1,cyberbullying,,
"Hey dumb fucks! ""Nigga"" means exactly the same as ""nigger"".",1,cyberbullying,,
RT @SpeakingOfKe_: If a nigga ever talk bad about me just know I hurt them Ã°ÂŸÂ˜ÂŒ,1,cyberbullying,,
"happy 21st to the one and only party animal!! ty for being u and never failing to let ur personality shine thru the screen.ty for the endless hours of entertainment and laughs,i donâ€™t know how i could get thru my days without u.have the best day and try alc for the first time",1,cyberbullying,,
"â€œ@tayyoung_: FUCK OBAMA, dumb ass niggerâ€ùstfu, you mad bro? Lol",1,cyberbullying,,
"im getin real tired of pple at school saying ""WHYD YOU BLEACH YOUR HAIR"" NIGGER HOW THE FUCK YOU THINK I GOT ALL THOSE OTHER COLORS dumb fuk",1,cyberbullying,,
"Many Negro leaders are puppets put in front of the Negro community by white liberals ""They have been endorsed and subsidized by white liberals"" -Malcolm X Still true today. Take a close look at the CBC Question any ""so called"" Black leader loved by the media and Dem Est.",1,cyberbullying,,
"Dr. King about unemployment: ""When you have mass unemployment in the Negro community, itâ€™s called a social problem; when you have mass unemployment in the white community, itâ€™s called a depression"". There r some issues that demand spurs and basic income can't deal with. #JG #PGE",1,cyberbullying,,
What the fuck was that?! Fuckin disrespectful people I swear. No one gets away with calling me a bitch! Dumb ass nigger.,1,cyberbullying,,
I keep losing followers. Fuck you dumb niggers.,1,cyberbullying,,
"The black community is deeply triggered by anything that forces us to stare at our own short comings. Instead we ""cancel"" instead of critically thinking past our own emotions",1,cyberbullying,,
"U dummy I canâ€™t be racist towards my own race, the reason I called you house negro cuz u were defending ur white master and u know very well about the history of USA in Africa so stand with ur people and say no more white oppressors in Africa",1,cyberbullying,,
Hahaha RT @ImNotMessican: RT @WhiteFollowers: Fuck ur shutouts u dumb nigger RT @HeCantChill: Shout out to my white followers tho.,1,cyberbullying,,
Whatâ€™s me not being black to do with anything yes heâ€™s said that it was also years ago and heâ€™s done everything he can now to do what he can and yall just dragging him absolut his past atleast heâ€™s doing something about it now. He couldâ€™ve just ignored it all but didnâ€™t,1,cyberbullying,,
"u wanna see real racism? go to another ""colored"" country and see how white people treat them over there",1,cyberbullying,,
"bitch fuck u i hope karen gets the switch cable nn teaches u a lesson, dumb nigger",1,cyberbullying,,
RT @USGOVERNMENT Ha Ha Ha look at these niggers loving a refund check...dumb fucks even made a TT out of it...HAHA !,1,cyberbullying,,
@DarriusReese shut the fuck up you dumb nigger your the one that said she smoked weed,1,cyberbullying,,
"â€œ@tayyoung_: FUCK OBAMA, dumb ass niggerâ€ù Is This Ugly Bitch Serious....",1,cyberbullying,,
You 2 dumb ugly nigger name Wayne Positive trash soft ass nigga my gifts dumb ugly nigger fuck red &amp; white pic.twitter.com/5kWjBHdBYB,1,cyberbullying,,
our mindsur the first one i swear,1,cyberbullying,,
After what just happened if even one dumb nigger wants to say to me go to a homeless shelter I'm going to fuck shit up for real,1,cyberbullying,,
I think it was a thing back to call a black dog that word in the 60's/70's before people really were aware of the connotations of it.... anything past the 80's was just pure ignorance...,1,cyberbullying,,
if i call you a nigger dont take offend to it unless im pissed as fuck or call you a dumb nigger,1,cyberbullying,,
Non-black people really get a power trip over calling black people nigger &amp; itâ€™s disgusting,1,cyberbullying,,
"@thuddyt @itskarinawhite @lizithekitty who the fuck says nigger these days, besides dumb asses. She's not racist, she's dumb.",1,cyberbullying,,
FUCK LEBRON DUMB NIGGER.,1,cyberbullying,,
"I just saw a black man try to give a homeless white man some money. And the homeless mans replied with ""fuck you nigger"". Disgusting.",1,cyberbullying,,
"@sincerelyTITY: @tayyoung_: FUCK OBAMA, dumb ass nigger"" Lol you mad? You mad."" Stay mad!",1,cyberbullying,,
FUCK NIGGERS FUCK DUMB BITCHES,1,cyberbullying,,
@FuksGiven_0 Thanks for the follow #BlackCollective Family. @NFACmoves ignited a new way of life in Black America called Negro Unity Defenders Inc..We are the Leaders of the New School. Any of us can do this LEGALLY to stop from dying by White Domestic Terrorism. Everybody Rise,1,cyberbullying,,
"Go back in time, I think every living human, Black, White and Asian will have slave traders in amongst their ancestors. We should focus on getting rid of slavery happening in the world now. Not in the past when we cannot do anything about it.",1,cyberbullying,,
me recording thinking i was abo it ti get a UR. i had my eyes closed for the first one but then i lost all hope,1,cyberbullying,,
"man fuck these bitch ass niggers how ya'll doing im liltunechi im a nusense i go stupid, i go dumb like the 3 stooges",1,cyberbullying,,
"Ik, but ur still not getting my point. This is our first time where we finished outside the top 6 in 25 years. One season being 8th doesn't overshadow over 100 ones. I can't predict the future, nor can u. But all ik is that under Kroenke we aint moving forward.",1,cyberbullying,,
"Fuck these bitch ass niggers how you doin I'm the touche I'm a nonsense I go stupid I go dumb like the 3 stuges, uh",1,cyberbullying,,
â€œ@3_Fifths: @PORN_star_TAE @onyaled fuck off nigger. You dumb Ebonics speaking nigger cunt.â€ù Gotta be Virgin Speaking KYS slowly,1,cyberbullying,,
thea i lvoe u wtf ur one of my fave and og mutuals since ur first @,1,cyberbullying,,
first impression: Haha random person in russa chat your nickname in my head: little baby man closeness ratings [1-10]: 7-8 do i like you: as friend you are my: friend ever had a crush on you: yes should you post this too: idc one random thought: ur fucking gay,1,cyberbullying,,
Embarrassing ... Did anybody else pick up on the region so many of the GOP members of the committee come from ... Another incident of BLIND racism infecting our politics ...,1,cyberbullying,,
"This how u die .. food for thought shorty RT @tayyoung_ FUCK OBAMA, dumb ass nigger",1,cyberbullying,,
Another #Arab car ramming terror attack in #Jerusalem #Israel. Will #Obama Adm call this random traffic infringement? http://t.co/MjWKz48M4A,1,cyberbullying,,
@CJ_Jacobs @Randizzle14 I talk shit all the time you dumb fucking nigger!!! You're a fucking fraud you dumb fuck!,1,cyberbullying,,
"what if i lookek like hallie, instead of dead proof and fake that - cozy bear a homo sexual true2- trick trick haz a little dick kim matthers looks like a dumb bitch in uniform- fucking dumb ass clowns - weed eaters is what the fuck u are. nigger",1,cyberbullying,,
Prime example of institutional racism that de-humanizes poor and colored people not just in the U.S. but the entire world.,1,cyberbullying,,
@OfficerWilson1: â€œ@ShekeelaJones: The KKK is so damn dumb. #Ferguson #hoodsoffâ€ù Fuck you nigger https://twitter.com/OfficerWilson1/status/535243110121754624/photo/1. &lt;Dumb,1,cyberbullying,,
it's really tiring hearing people say anything but 'I'm sorry and I'm guilty for hurting you all' a lot of folks say they are pro black live matter but truly acknowledging your own past actions or internalized racism is the best way to really grow as a person,1,cyberbullying,,
"No just keep blaming the white man while you shoot each other to death in chicago, detriot, philly, baltimore all democrat ran cities no one bats an eye. How about in NY more black babies are aborted than born. Planned parenthood was called negro project, margaret sanger.",1,cyberbullying,,
"777: one of the first people I met getting on to the splatoon scene and one of the first Iâ€™ll never forget. I know we donâ€™t talk much anymore bc I havenâ€™t been around, but Iâ€™ll never forget all the time we spent together w our friends. ty for being my friend. Ur funny ily",1,cyberbullying,,
"Moreover, the Chinese can count on the woke middle-class Left who will pick up on every single incident - from violence and intimidation to clumsily phrased outbursts of inarticulate rage - to further frame the narrative over China policy as motivated by nothing but ""racism"".",1,cyberbullying,,
"Quit bein a nigger. Act white and I won't disgrace you feel me ? ... â€” Shut yo dumb ass up , before I fuck yo bitch http://ask.fm/a/52b5efqa",1,cyberbullying,,
@Colton_Zappe: Fuck that dumb nigger Obama Don't get beat to sleep white boy watch yo damn mouth,1,cyberbullying,,
Please shoot every dumb fuck nigger in the head who has anything to do with that worthless fuck gettin shot in Missouri!!,1,cyberbullying,,
Stop falling into thirst traps you dumb niggers. Youâ€™re gassing these bitches and making it harder for everyone to fuck em.,1,cyberbullying,,
Happy nigger day you dumb fucks. Lmfao,1,cyberbullying,,
"@tayyoung_: FUCK OBAMA, dumb ass nigger i cant believe this Hill Billy Bitch did not!!! Everyone take her ass out ! PLZ",1,cyberbullying,,
I guess but they only lost their power and meaning to a white man. Black people have names we donâ€™t like being called as a negro. I know you donâ€™t care but thatâ€™s only because nothing is happening against you but okay,1,cyberbullying,,
There isnâ€™t? Then why was my son not qualified for the United Negro College Fund? Because heâ€™s white. Thatâ€™s racist! If there was a United WASP college fund then theyâ€™d be called racist!,1,cyberbullying,,
"â€œ@Jhonnybravo95: @StanCollymore non of your fucking business black nigger,blacky blackyâ€ù you disgusting racist filth, disgraceful!!",1,cyberbullying,,
You dumb fuck. Shit nigger.,1,cyberbullying,,
I hate seeing those white people posts like â€œso I havenâ€™t posted anything in the past two months to make space for the black voices to be heard â€ù. Sounds like they was waiting for the monsters to be gone before they leave their room,1,cyberbullying,,
"Itâ€™s not related to his ingredientsâ€”he feels as though he has the right to say the word nigger, likened Jackie Aina to a gorilla &amp; said he should throw acid on a black woman to lighten up her skin. Heâ€™s a disgusting person, f the concealer sis. If anyone should be hurt it should",1,cyberbullying,,
"@BallBagSteve @cbaker92redskin He shouldn't be able to play tonight... Not bcause of cheap-shot, but bcause he's a dumb useless nigger fuck.",1,cyberbullying,,
Based on the past like a cop murdering a black man while three of his partners sit and watch? George Floyd could have accomplished anything if not for that little bit of misfortune.,1,cyberbullying,,
Ok but all the money he has a donation doesn't mean shit to him. When has he actually done anything to help the black community (that doesn't include what he's done this past month),1,cyberbullying,,
"@GDKJordie you can't even get 3k retweets on a tweet, how the fuck would you get 5k. Dumb nigger.",1,cyberbullying,,
"â€œ@_LexiJosephine: This bitch ... RT @tayyoung_: FUCK OBAMA, dumb ass niggerâ€ù shmack shmack",1,cyberbullying,,
"Why are you mad though ? â€œ@tayyoung_: FUCK OBAMA, dumb ass niggerâ€ù",1,cyberbullying,,
The fact that yâ€™all really be on here referring to other Black people as â€œnigger(s)â€ù even ironically is disgusting g.,1,cyberbullying,,
Dumb nigger i will fuck ur dogs buttholes including your own at the same damn time ayee... â€” ..... Chris chilllllll http://ask.fm/a/4oqq2efj,1,cyberbullying,,
IT'S UR FIRST TIME MAKING ONE WHAT DID THEY EXPECT,1,cyberbullying,,
@LilTunechi man fuck these bitch ass niggers how y'all doin im lil tunechi im a newsice i go stupid i go dumb like the 3 stooges,1,cyberbullying,,
First off. Shout out to my moms house Secondly. I love you in all sizes and shapes. Ur worth more than you know. The most brilliant human to exist in my life. Self love is a hard journey and one you donâ€™t have to do alone my queen 4ever,1,cyberbullying,,
"2 those who say that none of u were alive during slavery: many of u *were* alive during Jim Crow &amp; segregation &amp; other forms of govâ€™t-sanctioned racism/discrimination, which were just a continuation of slavery itself. Iâ€™m 56, &amp; can remember â€œâ€˜No Coloredâ€™ signs frm childhood",1,cyberbullying,,
@josemcnugget yee dude now getha fuck outta here dumb nigger,1,cyberbullying,,
"But that ""Nigger"" your president tho &amp; if you was smart you would know that Obama is fully black RT @tayyoung_: FUCK OBAMA, dumb ass nigger",1,cyberbullying,,
We were one place off play offs last season. Weâ€™vePlayed the entire season with no defence whatâ€™s ur point. We had 3CBS leave and played people out of position all year. Someone said Ole done better in the league than Mourinho in his first year even tho Mourinho got more points,1,cyberbullying,,
"Lol! RT @retrowill3 Why are you mad Fat Girl RT @tayyoung_: FUCK OBAMA, dumb ass nigger",1,cyberbullying,,
"Just heard racist dumb fuck rednecks cussin loud af &amp; sayin they dont like black ppl or the ""nigger bitch"" thats workin in the gas station",1,cyberbullying,,
"Idiot RT @Remain_Stoned: Dumb fuck""@_GeorgeAF: Stupid ""@SandileSandro: SMH""@ku_wrong_pv: Real niggers don't have twitter accounts""""""",1,cyberbullying,,
That's why WHITE people call you niggas NIGGERS! you dumb fucks!,1,cyberbullying,,
"oh u mad bitch? â€œ@tayyoung_ FUCK OBAMA, dumb ass niggerâ€ù",1,cyberbullying,,
DC GOVERNMENT AND DC MAYOR SITS RIGHTS THERE WHEN THIS BIG DUMB ASS NIGGER SAY I'M CRAZY IS SHIT BECAUSE I DON'T FUCK LITTLE KIDS. THAT'S MY AGREEMENT. WHAT'S HIS LOOK LIKE WHEN I ARGUING CHILD SEX TRAFFICKING.,1,cyberbullying,,
Fuck you Terrell Suggs you dumb nigger,1,cyberbullying,,
#Racism is when u select your White clothes to wash first before the Black colored ones... Don't be a racist! Wash them all together,1,cyberbullying,,
"99 years ago today, a white mob marched in and destroyed America's wealthiest Black neighborhood. ""The Tulsa police formally requested that the National Guard assist them in quelling what they called a 'Negro uprising.'""",1,cyberbullying,,
Fuck dumb ass niggers ... I'll call u fuckers niggers too ... if the shoe fit wear! An white folks can be niggers too! Idgaf bout tht word,1,cyberbullying,,
"Tomorrow I'll be rubbing it in to dumb bitches like this---&gt; â€œ@tayyoung_: FUCK OBAMA, dumb ass niggerâ€ù",1,cyberbullying,,
Oprah's first boss told her she was too emotional and not right for television. Oprah remains one of the richest self-made woman and black female billionaire. Thatâ€™s successful aiming high to the sky and never giving up on ur dreams.,1,cyberbullying,,
You are racist and I feel bad for you. â€œ@Z_Stevens86: Dumb fuckin niggers.. I'm not even racist but fuck themâ€ù,1,cyberbullying,,
"â€œ@tayyoung_: FUCK OBAMA, dumb ass niggerâ€ù FUCK YOU, YO MAMA &amp; YO GRANDMA!",1,cyberbullying,,
RT @Niggers -__- RT @badlemonbone Fuck every nigger who want me but can't have me ! Dumb suckers keep trying ! Haha,1,cyberbullying,,
See we need to find and beat the life outta these niggas who got #CrackKills trending. Nothing but DUMB FUCKS. Black Niggers these days -_-,1,cyberbullying,,
black women go crazy for this nigga and itâ€™s funny bc he donâ€™t like you or your nigger naps!! find a new nigga to get ya pussy wet over!! nigga not even cute he look like a whole crackhead and thatâ€™s bc he is one!! yâ€™all bitches dumb as FUCK,1,cyberbullying,,
O.fg stop fucking texting this phone u dumb fuck faggot this aint tene u stupid nigger,1,cyberbullying,,
"Girl im more colored than u and I dont talk so condescending. If u assume anything based on a persons race, that is racism, dont matter whos on the receiving end. ""All white people are self entitled, arrogant colonialists""...das racism, go read racsim in the dictionary please",1,cyberbullying,,
@KnappSara it's talking not talkn go fuck another dumb nigger.,1,cyberbullying,,
Go fuck yourself you piece of shit â€œ@MeetMerleDixon: @VegetaTweet I agree it's a dumb nigger sport.â€ù,1,cyberbullying,,
Lmao u dumb! RT @K11Agee: What is the CIAA? Colored Imbeciles Athletic Assoc?? Lmao #racism,1,cyberbullying,,
@Lady_Lolita you wanna say nigga but also wanna be able to say 'dumb nigger' if someone fucks up...Â¿De quÃ© van?,1,cyberbullying,,
If anything dick creates more problems than it solves.. so shut the fuck up dumb nigger!,1,cyberbullying,,
"@tayyoung_: FUCK OBAMA, dumb ass nigger I don't usually stoop down to ignorance like you but if I was near you I would the shit outta u",1,cyberbullying,,
"So you are saying That only black crimes aren't solved because black people are notorious for not having trust in police. So I guess with all the black on black crime in philly the past weekend, the police shouldn't do anything to try to solve it because black people hate them.",1,cyberbullying,,
And not to mention what does democrats doing more for black people have anything to do with the past when republican states are the least educated and democratic states are the most educated,1,cyberbullying,,
"They not Pac fans just anti-black RT @A_Flawed_King: Search ""Nigger"" on here. Some Pac fans are disgusting.",1,cyberbullying,,
"UGLY ASS TRAILER TRASH RT @tayyoung_: FUCK OBAMA, dumb ass nigger",1,cyberbullying,,
â€œ@yourhighaj: @Kursory @MomoZoned HAHAHAHA FUCK YOU DUMB ASS NIGGER. YOUR THE REASON US WHITES HATE BLACK PEOPLEâ€ù Attention Seekers be like.,1,cyberbullying,,
Racism is wen u select ur whites clothes to wash b4 d colored ones. Wash them together &amp; stop racism.,1,cyberbullying,,
"In the span of 24 hours, two different men have asked me how many relationships I've been in. Got me wondering, how does this info change anything at all? Thinking about it, I rem that people have asked me about this in the past too.",1,cyberbullying,,
stupid fucking nigger kid dancing in the middle of the street almost hit him fucking should have the little fuck hit my car.. dumb fucki ...,1,cyberbullying,,
"Suck my cock stupid white bitchRT @tayyoung_: FUCK OBAMA, dumb ass nigger",1,cyberbullying,,
@adamseeley1997 @TotalerReinfall @Dweller_Of_Anus you are so damn retarded what the fuck is wrong with you. I mean damn nigger how dumb,1,cyberbullying,,
no ur the one who replied to this dead thread first,1,cyberbullying,,
#bagheera #Maine #coon #black #cat #gatto #gato #chat https://t.co/9ZlSsGCYiU,1,cyberbullying,,
@Oluwajoy88 Racism is when u select your White clothes 2 wash first before d Black Colored ones.. Don't be a racist! Wash thm all 2geda!,1,cyberbullying,,
"â€œ@tayyoung_: FUCK OBAMA, dumb ass niggerâ€ù she's salty af",1,cyberbullying,,
U want 2 know Y @wbpictures hires white or light skin colored people cause blacks blend in 2 d shadows bad color contrast its art Not racism,1,cyberbullying,,
there isnâ€™t one and I doubt youâ€™d know since this is the first time ur seeing a pride flag im so proud of you gowri sending you love,1,cyberbullying,,
And the past is the past. Unless you think reparations and more free gimmies are gonna change anything along with 'abolishing suburbs' where a lot of my black friends live is retarded.,1,cyberbullying,,
"I was really close to laying out the new black secuirty guard today, stupid dumb fuck nigger pissed me off.",1,cyberbullying,,
"Nigger - A word so vile, so disgusting, that only black people can use it. http://www.opposingviews.com/i/society/education/kansas-board-education-member-steve-roberts-defends-using-n-word-video #mob #sgp #tcot #tlot #p2 #p21 #cspj",1,cyberbullying,,
@Andrizzzzzzzle fuck your life dumb cock sucking nigger,1,cyberbullying,,
U are concerned with a color ref in the game not even the quality of the refs....and introducing a colored ref does not have anything to do with stopping racism.....so ur point is born out of the same womb where racism is born....,1,cyberbullying,,
"Unpopular opinion: black or white, joking or serious, saying nigger sounds disgusting period",1,cyberbullying,,
"FUCK YOU dumb ass bitch RT @tayyoung_: FUCK OBAMA, dumb ass nigger",1,cyberbullying,,
Some niggers are so fucking dumb these days why the fuck the got to be like thisÂ¿Â¿Â¿Â¿Â¿,1,cyberbullying,,
"WOW I start yelling because char is starting the abuse and all of a sudden I get from him ""yer no better than some dumb as ducking nigger bitch"", "" you never shut the fuck up like some black bitch"". Wow just wow.",1,cyberbullying,,
@JLiBby_ You're a dumb bitch who listens to nigger music and likes swag fags. Your opinion is irrelevant. Shut the fuck up. Raise standards.,1,cyberbullying,,
"HOE you mad? damn right our PRESIDENT IS BLACK ,tf you gone do bouh it? he smartn than romney ass ""@tayyoung_: FUCK OBAMA, dumb ass nigger""",1,cyberbullying,,
"Also it's quite amusing to piss dumb bitchy cock gobbling dumb cunt good for nothing degenerates like you. Get the fuck off you lying piece of shit. 'spamming dms with nigger', dumb ass you have Nazi work in your Roblox Rule 34.",1,cyberbullying,,
Rickeh stop being dumb. Hell is a torture chamber. So obviously it's gonna be cold as hell for you niggers and hot as fuck for white folk.,1,cyberbullying,,
"Ok RT @tayyoung_: FUCK OBAMA, dumb ass nigger",1,cyberbullying,,
"(Acts 29:19234) FROM off the face of this world, as promised by God, see Amos 9:8, ""BEHOLD, the Eyes of the (Divine Supreme Hebraic Dark Skinned ""Golden"" Negro) Lord (God) are upon the (white devil's of Satan American and world) sinful kingdom (of Satan called a Christian world)",1,cyberbullying,,
"@Mr200taxnjckson: Taylor on a scale from cracker to pretzel , how salty are you ? RT @tayyoung_: FUCK OBAMA, dumb ass nigger LMFAOOOOOOOO",1,cyberbullying,,
"@sallyquinndc JUST GOES TO SHOW,U DON'T KNOW WHAT U THOUGHT U KNEW,,TOM BROKAW IS DEEPLY ROOTED WITH RACISM,IT'S IN HIS WHITE BLOOD FROM BIRTH,DARK COLORED BABIES,THE KEY TO MR.BROKAW MIND SET!!!",1,cyberbullying,,
u were one of my first mutuals i think and ur an og,1,cyberbullying,,
"@Humpdatleg Me, Mario Lopez, will NEVER love you, dumb bitch. I'll have my real nigger Khloe Kardashian fuck you up mains. Yeah!!!!!!!!!!!!!",1,cyberbullying,,
34567-fuck u dumb nigger go sit in a hole,1,cyberbullying,,
"@VH1PNUT no one you dumb nigger, shut the fuck up",1,cyberbullying,,
I hope you dumb fucks registered to VOTE! Unless you niggers wanna be ran by thee illuminati,1,cyberbullying,,
Colored? no wonder u cant see the racism!,1,cyberbullying,,
Your sounding like a house Negro keeping the other so called Black people in check. Your basically saying listen to master (the white man lables),1,cyberbullying,,
"You might know, a black woman that looks like she's done well with her life but still wants to bitch about things that happened in the past that Trump nor his supporters had anything to do with. But Democrats did. Hillary Clinton's mentor was a clan member, remember Robert Byrd?",1,cyberbullying,,
First time u r appreciating a real action hero... And ur so called Indian Tony Jaa tiger can't even do a single stunt which @VidyutJammwal sir can.... Bollywood's one and only real action hero #VidyutJammwal,1,cyberbullying,,
"I totally believe racism exists. Would be ignorant to not. But just Bc someone is insensitive or rude, i wouldnâ€™t call them racist. I got called Uncle Tom and house negro, for admitting in class that blacks have the highest crime rate. And i know if a white person would...",1,cyberbullying,,
Yall niggers can talk about Xbox and PS4s and call of duty and all that dumb shit but we cant be happy about BeyoncÃ©? Fuck outta here,1,cyberbullying,,
"Did I do things that are bad? Vaguely, yes. But also no... Also, Shane has never done anything wrong because the past doesnâ€™t exist to us because we are too rich to have pasts and you should be paying attention to what matters, black li-My NEW MAKE UP LINEâ€ù #jeffreestar #shane",1,cyberbullying,,
"#ISRAEL FOREVER BLOG/ Terror attack in #Jerusalem injures seven, #terrorist shot - http://t.co/sWeYLcUJSi - #ARAB",1,cyberbullying,,
Fuck Haiti those dumb niggers expect to get everything given to them that's why they end up with 50000 dead :-)...typical freeloaders,1,cyberbullying,,
@JTKlamm you dispute cause your a lil bitch go fuck your self nigger fucking awful cause you lose dumb detriment .,1,cyberbullying,,
Ctfu So Tru >>>>>> â€œ@FyoTweets: They be like so you said shut the fuck up you dumb nigger Haha I be weak when they say the Shit you saidâ€ù,1,cyberbullying,,
@iMoRTaLMonkeyyy @BrokenTourneys its simple math u dumb black nigger ass hoe pussy bitch dumb fuck cunt,1,cyberbullying,,
It definitely is a slur today. White people called Black people Negro in the 50's and 60's. We called ourselves Black since the 70's when I was growing up.,1,cyberbullying,,
Because a famous white guy went on a black radio show and called him a negro,1,cyberbullying,,
the way the â€œrevolutionâ€ù has been completely hijacked by dancing for the white man negros and so called allies.,1,cyberbullying,,
People donâ€™t even know what there saying anymore. You sound stupid as fuck. Hahaha but thatâ€™s ok even though you and me donâ€™t understand each other Iâ€™m just going to stop getting beat for some dumb nigger. Iâ€™m not even saying Iâ€™m rases because I love black people and white evenly,1,cyberbullying,,
"@tayyoung_: FUCK OBAMA, dumb ass nigger&lt;&lt; pic.twitter.com/wUuPSEr",1,cyberbullying,,
@ohhellnojessica @comemitoto NIGGER like anyone needs permission to say it you dumb fuck . Un follow her if your gonna bitch about a tweet.,1,cyberbullying,,
"Finally ,FIR has been lodged against Rhea chakrabarty,,,,earlier i had posted one post on ur account vivek sir ,""""JCB ki khudaayi karo"""".....C is over ,....J &amp; B still remaining....just wait n watch as a criminal lawyer much of the theory was clear on the first day itself..",1,cyberbullying,,
Dumb fuckin' niggers in Flint. Holy fuck.,1,cyberbullying,,
"@InkUp4Lyfe: STINKY PUSSY ONCE AH MONTH BLEEDING HOE!! RT @tayyoung_: FUCK OBAMA, dumb ass nigger lmaaoo",1,cyberbullying,,
You mad bro? RT @Colton_Zappe: Fuck that dumb nigger Obama,1,cyberbullying,,
"this girl on tumblr said she hates black ppl and wishes a plague wiped us all out? and she said niggers 0_o, go fall off a bridge dumb fuck!",1,cyberbullying,,
@FreeOnrii Fuck Dr.Dre though. Stupid fuckboy. We're never gonna hear Detox cause of dumb nigger kids buying his headphones,1,cyberbullying,,
No one cares ahout ur opinion if u put Nicki first,1,cyberbullying,,
Hey and whatâ€™s up with the Black Panther video Iâ€™m seeing. Is that for real? Seems a peaceful anything is long past.,1,cyberbullying,,
i miss you too fuck outta here dumb lying ass motherfukin stupid ass nigger like fuck u think u doin... â€” sigh http://ask.fm/a/dh3ccb9,1,cyberbullying,,
"How could one thing I have stated over the past two days been construed as an attempt to ""derail"" BLM. If anything I'm advocating for BLM to become bigger, stronger and expand their reach to make important changes in the lives of all black citizens in the United States.",1,cyberbullying,,
"Steve Harvey should be executed, fuckinâ€™ dumb-nigger. (Iâ€™m Black, btw) sensitive, fucks !",1,cyberbullying,,
IF U DID I WOULD PIN IT.... god ur one of the first people on atla twitter i can stand thabk u for being right the time,1,cyberbullying,,
"Perhaps you could look up what ""peaceably assemble"" actually means, because it sure as hell doesn't mean what you think it does. Violence of any kind ends one's first amendment rights, as well as a host of others. Once u cross the line to violence, ur a criminal, not a protestor.",1,cyberbullying,,
@KenEdJnr @BallonDorrr dude ain't ur fucking nigger got that cause if u around I would latterly drop in the icu u dumb fuck,1,cyberbullying,,
*Their * dumb ass nigger and fuck your team @ShannonBrown,1,cyberbullying,,
"Shit like this pisses my SOUL off RT @beckhamishere: â€œ@tayyoung_: FUCK OBAMA, dumb ass niggerâ€ùbitch suck our black nigger dicks",1,cyberbullying,,
fuck are you saying dumb nigger,1,cyberbullying,,
"White people lectured black people for YEARS saying black people needed to go to school, go to college, get married &amp; THEN have kids. Michelle Obama did all of that &amp; she was still called just a baby mama! #movinggoalposts Meghan could be perfect &amp; they would still hate her!",1,cyberbullying,,
@Caloulou52 shut the fuck up you dumb nigger ! Before I fucking tie you to a treat and beat you senseless ! Ughh,1,cyberbullying,,
Look at you.. Now look at us.. ..All my niggers look dumb as fuck!!!,1,cyberbullying,,
@biebersddI: @chrisbrown shut the fuck up niggerdumb hoes these days smh,1,cyberbullying,,
â€œall this hatredâ€ù are u kidding... white ppl have the LEAST problems compared to our colored people. help build a future for the brown boys &amp; girls who will be hit with racism &amp; difficulties due to their skin instead of worrying how to make UR LIVES even better than it already is,1,cyberbullying,,
"@tayyoung_: FUCK OBAMA, dumb ass nigger...you a dumbass lil bitch",1,cyberbullying,,
"We dumb as fuck""@SeKosher: Unsubscribing as one of your niggers. @DatBreaux: Look at you, now look at us, All my niggas look dumb as fuck.""",1,cyberbullying,,
@senetics @clankadank @brxndie @FBI @CIA @FBILosAngeles Nigger means ignorant you dumb fuck.,1,cyberbullying,,
"RT @RacistTom Your #Vick is losing, nigger. &lt;webb and peterson winnin, and the coach black...dumb fuck",1,cyberbullying,,
@DrFathm @CarbbyFX I will fuck right off fag got BETTER people to play with unlike you dumb neff nigger ass peace,1,cyberbullying,,
@PsyQo_saKen I see how you just straight ignore a nigga now. Fuck you dumb fucking nigger,1,cyberbullying,,
"If you cant live it down, might as well live up! RT @tayyoung_: FUCK OBAMA, dumb ass nigger",1,cyberbullying,,
"Durris got me spelling shit all wrong and stuff, tryna make me look like a dumb nigger. Fuck him.",1,cyberbullying,,
@TG__Georgee: @AyyJesus @jesuswlks NIGGER YOU DUMB FUCK thanks foo. I was aboutta rip his fake ass contacts out,1,cyberbullying,,
"Cap brought nothing to the table but a money maker for him. Look into his past. Before he was cut to second string did he do anything for the Black community? He was making tons of cash, where did it go? I havenâ€™t found anything. Then he gets cut and becomes an SJW. Seriously!",1,cyberbullying,,
YEAH THEY MAD AS SHIT LMAO â€œ@BiteTheseTweets YOU MAD ? RT @Colton_Zappe: Fuck that dumb nigger Obamaâ€ù,1,cyberbullying,,
"Just read some really disgusting shit on a ska forum about not hating black people but hating ""niggers""",1,cyberbullying,,
"Not true elise..it isn't the N-word. Yet in America, the word Negro is kind of offensive, but only when we are called that. Whites referring to themselves as the English White, while calling us black in Spanish, was done to remind us that we weren't their equal opposites.",1,cyberbullying,,
"`` its my power- Ack! Every time i use it it hurts physically. I need something. . . anything to stop this headache! Â´Â´ He fell to his knees, just when a sudden black pointed rock had shot up. Almost past his face. ! `` okay we need to hurry!Â´Â´ https://twitter.com/HISMUSICIAN__/status/1282478848127442944",1,cyberbullying,,
"@HUNNTTT yes because dumb fuck ass tuslaw want to call us ""NIGGERS"" on insta !? they dumb af !",1,cyberbullying,,
@DSmithRB_04 @rid3forum you just look like every other nigger. Stupid annoying and dumb as fuck,1,cyberbullying,,
Get with the narrative. Anything bad done in the past by white people is inexcusable. Bad things done in the past by black and Arab people is excusable. Do you see how this works now?,1,cyberbullying,,
"6/ affluence, wherewithal & autonomy. Some called it the rise of the â€œNew Negro,â€ù no longer subservient to white people. If only.... #BlackLivesMatter #Peace #PeacefulProtest You want to really understand why POC, you/we are protesting read this article #History",1,cyberbullying,,
"â€œ@ErbdyLoveChris: Fuck yo momma DUMB ASS BITCH!! RT @tayyoung_: FUCK OBAMA, dumb ass niggerâ€ù thats bout a stupid bxxch",1,cyberbullying,,
Yo lets clear sumthing up riley cooper aint say niggas he said niggers so for for all u dumb fucks that say his teammates probably say it,1,cyberbullying,,
@fuck_sam_ @ch4itea @feelmeflowin yeah bitch i like girls not winners of the uk lil wayne look alike contest. Gtfo dumb nigger bitch,1,cyberbullying,,
"I'm aware that people said that Beethoven ""looked black"" with ""thick lips"" but that's racism. White people CAN have ""black triats"" and contemporaries would have just called him a negro instead of saying that he didn't ""look German""",1,cyberbullying,,
@myntra @_Amar_N actually you are working thats way after escalating the issue last two days no reply and @EcomExpress_Ofc told ur not first one we re getting plenty of issues from Myntra,1,cyberbullying,,
"Answering you word for word now ur upset and ur talking about bridge building, first don't talk down on people, whether we present one million candidates ur own is to make a good choice out of the many not to talk down on Igbo. No matter how bad the economy is Igbo man won't beg",1,cyberbullying,,
"@Im_Soo_Haitian Haitian are fucking ugly, nasty, black as fuck, and just straight up disgusting. We need to kill all the niggers!",1,cyberbullying,,
"@Tha_Real_L No nigger, your idol wishes she was White. The fuck outta here, you dumb coon=====&gt;",1,cyberbullying,,
@razb2k I HEARD YOU GOT KNOCKED THE FUCK OUT LOL!!!!!!!!! DUMB ASS NIGGER. TRICKS ARE FOR KIDS!!!!!!!!!!,1,cyberbullying,,
Haha fuck you obama looks like your gun control failed dumb nigger,1,cyberbullying,,
Fucking Nigger won again. &lt;----- fuck pussy ass bitches that say dumb shit like this are racist. Anyone disagree?,1,cyberbullying,,
Yes the Bible explains this point made below as well. So called Blacks Hispanics of negro desent and natives are Hebrew Israelites of the Bible which Edom the white man stole our Identity. Israelites read your bible n know your true nationality God named you not bywords u go by.,1,cyberbullying,,
"Woooooooooow this listener letter tho......niggers really ain't shit ""all you're good for is being dumb and getting hit by a car"" fuck him",1,cyberbullying,,
@CrazyRonIsHere @coralfanatic SINCE WHEN AM I THE DUMB ONE? FUCK YOU KIKE NIGGER DICK SUCKING ASSHOLE REAMING RADIOACTIVE JAPANESE FAGGOTS!!,1,cyberbullying,,
"The Klan waste gas and money, even rent out venues and have conventions just to meet up and talk about how they hate niggers..lol dumb fucks",1,cyberbullying,,
A waste of space. Idiot dumb jock nigger stupid Dorkien ass hole ugly fuck boy lame ass.,1,cyberbullying,,
"Randomly enjoying gsl then some dumb fuck mod bans me for no reason but won't ban the guy spamming ""nigger"" #gsl http://i.imgur.com/4Tmh8Mj.png gj",1,cyberbullying,,
You 2 dumb ugly fuck nigger name wayne positive Trash soft ass nigga pic.twitter.com/PPhyQ52q5u,1,cyberbullying,,
"â€œ@trashbitch69: I usually dont fuck niggers but i'll let you fuck me if you pay for my college tuition"" fse tf is to u , u sound dumb asl",1,cyberbullying,,
"Was it their property? If they were so concerned they should have called the police. Oh that's right they did and they were told to stay where they were and let law enforcement handle it. But nooooooo that white privilege kicked in. ""We gonna get that negro.""",1,cyberbullying,,
"God bless you daughter. :) RT @tayyoung_ FUCK OBAMA, dumb ass nigger",1,cyberbullying,,
"â€œ@tayyoung_: FUCK OBAMA, dumb ass niggerâ€ù &lt;--- look at white people - Kat Williams voice -",1,cyberbullying,,
UPGRADES PEOPLE UPGRADES! ur first drawing was amazing to btw but the second one is still better,1,cyberbullying,,
LEXI. IS. JUST. A. DUMB. DIRTY. SLUT. NIGGER. CUNT. STANK. ASS. BITCH. FUCK !,1,cyberbullying,,
"K ""@tayyoung_ FUCK OBAMA, dumb ass nigger""",1,cyberbullying,,
@seanhannity HEY DUMB FUCK. Shut up about Obama's sperm bank. My wife listens to your dribble. She downloaded the photo. Now she thinks nigger is the hottest thing around. AND WON'T LET ME FORGET IT. Last night before bed she said she wished she could vote again for BO.,1,cyberbullying,,
You make me not wanna be black u dumb fuck nigga RT @FeeelGreatness Lol I'm one Hilarious Nigger.,1,cyberbullying,,
"â€œ@tayyoung_: FUCK OBAMA, dumb ass niggerâ€ù I hope you die, that's why ya mom never loved you !",1,cyberbullying,,
"My cuz married and made babies with a white girl. After 5 yrs she left him and called the cops on him to get the rest of her things out the house and told the cops she feared for her life. He was dumbfounded. And he still chasing her now like a pet negro, dumb ass.",1,cyberbullying,,
@solvated @frags6 fuck off your that dumb nigger,1,cyberbullying,,
@GottaLuvCarma actually bitch your irrelevant.. fuck you and that dumb nigger..Obama who knows where he came from ?he's mixed race anyway,1,cyberbullying,,
After you defended Bernardo Silva? Chief you need to be quiet now. You canâ€™t pick and choose moments for clear and obvious racism. Youâ€™re looking foolish right about now. I had your back until the Silva incident.,1,cyberbullying,,
@GoldHarvest_MLP your a nigger dumb fuck,1,cyberbullying,,
"You seem upset â€œ@tayyoung_ FUCK OBAMA, dumb ass niggerâ€ù",1,cyberbullying,,
Frog on a unicycle meme. You niggers are dumb as fuck.,1,cyberbullying,,
@Tridents_300 Get fucking cancer you fucking retard nigger no one loves you fuck out my mentions you dumb bitch stop sign lookin ass,1,cyberbullying,,
@realDonaldTrump YO DUMB FUCK! STOP YOUR BULLSHIT NOW! YOU ARE **NOT** NIGGER PUTIN! CEASE &amp; DESIST VIOLENCE AGAINST ALL AMERICANS NOW OR FACE THE MUSIC! VETERANS &amp; MILITARY ACROSS AMERICA R AGAINST YOUR COWARD ARSE! THOSE ARE OUR CHILDREN &amp; FAMILY YOUR HARMING ASSWIPE! STOP NOW,1,cyberbullying,,
"@tayyoung_: FUCK OBAMA, dumb ass niggerrude!",1,cyberbullying,,
"STUPID BITCH GO SWALLOW A SICK DICK! ""@tayyoung_: FUCK OBAMA, dumb ass nigger""",1,cyberbullying,,
Yâ€™all too much...canâ€™t even handle being called out for racist shit on Twitter and yet you NEED a MARTIN LUTHER KING JR! Hey @DickieV...Black folx NEED white folx to stop looking for the next negro savior and GET TO WORK ON CHALLENGING RACISM IN YOUR OWN COMMUNITY,1,cyberbullying,,
"@usainbolt Your slow as FUCK you dumb nigger Fuck you I could smoke you in a race,and also your a cocky nigger and u look like a fucking ape",1,cyberbullying,,
Why the fuck is Obama on et? He need to do his fucking job . What a dumb ass nigger,1,cyberbullying,,
"I hate when ppl say â€œ what if ur mom aborted you???!!â€ù As a comeback for pro life, first off NOTHING BC IM DEAD LMAOOOOOOOOOOO Mf what u want me to do ? Let my pea size self mourn my own death? Shitt move on to my next life bruv, this one was not ment for me",1,cyberbullying,,
"Bitch you look like a goomba from Mario Brothers.â€œ@tayyoung_ FUCK OBAMA, dumb ass niggerâ€ù",1,cyberbullying,,
@iamdiddy ur such a dumb nigger..fuckin herb fuck you and bad boy! S M A R T,1,cyberbullying,,
'Who do you want to be Dallas new quarter back?' 'Id like the dumb fuck nigger from West Virginia',1,cyberbullying,,
"I love the groove/sampling/inventiveness/vocal styling of most Hip Hop, Rap etc, but why does so much dumb down it's obvious qualities with the constant use of 'Fuck, bitch, pussy, shit, MF, nigger' in the lyric? It's not that I find it offensive it's just lazy and tiresome.",1,cyberbullying,,
"@AshokaVanKluyve hey you dumb fuck definition of nigger: a person of any race or origin regarded as contemptible, inferior, ignorant, etc.",1,cyberbullying,,
"!!!!! RT @RandallRamirez: Bruh black (nigger) people sex just looks fucking disgusting as fuck, even through a pic SMH",1,cyberbullying,,
"It's true. There is a book called the ""Delectable Negro"" and they talk about when white people conquered and killed people in wars they ate them because they believed that by devoring them they became them. Really sick.",1,cyberbullying,,
"U don't think its messed up that us colored ppl gotta tell our kids at a very young age about racism agaisnt them bc of their skin! Do u really think white ppl do that? No, they breed them thinking they OWN the world.",1,cyberbullying,,
Broad got disrespectful while I was at work over the phone lines. I couldnt even get a chance to help her before she called me a dumb nigger. I wanted to get out of character so bad but I hung up. Fuck all that,1,cyberbullying,,
"A friend of mine who's very dark put a turban on his head and went into a restaurant in Atlanta before they called themselves desegregated. He went into a white restaurant, he sat down, they served him, and he said, ""What would happen if a Negro came in here?",1,cyberbullying,,
UR THE ONE THAT BLOCKED ME IN THE FIRST PLACE!!!!!!!!!,1,cyberbullying,,
@Ms1primadona shut tha fuck up u dumb ass nigger,1,cyberbullying,,
"Your right on the first point, Iâ€™ll apologise for that one. But to have a Canadian say itâ€™s irrelevant if we are called British is idiotic. our plugs? you lot are basically Americans. A majority of ur country has the same accent and is far more indoctrinated in us culture.",1,cyberbullying,,
"Good morning hoes , cunts , dick riders, pot heads , saps, dumb fucks, bitches , niggers, and the rest of y'all .",1,cyberbullying,,
@LLCoolJami fuck a follower U dumb nigger ! U r a follower ! Following gossip and propaganda ! And then U have the nerve to come at a legend,1,cyberbullying,,
you sound dumb as fuck. #outchyea #niggers #ebonics #justspeakenglish http://instagram.com/p/bbQfUgHB6H/,1,cyberbullying,,
"Hell yeah â€œ@VivaLa_Playboi: Ima Fuck this Bitch Up!! ~~~~&gt; RT @tayyoung_: FUCK OBAMA, dumb ass niggerâ€ù",1,cyberbullying,,
RT @RoleeModel: I hate when niggas try to talk to me Ã°ÂŸÂ˜Â• I don't be wanting y'all asses,1,cyberbullying,,
All you mofos that play ball need to go to Pistol school because you end up looking like dumb niggers. MJs the best....Dr J....fuck you niggers,1,cyberbullying,,
"I need a go hard white bittie like that on the squad. One thatâ€™ll get mad & call me a nigger, just so I can hate fuck her lil dumb ass.",1,cyberbullying,,
dont understand how u can have the whole entire world and then do some dumb shit and fuck it all up smh #niggers,1,cyberbullying,,
"RT @tayyoung_: FUCK OBAMA, dumb ass nigger &lt; Ya Mama dumb for letting yo daddy cum in her.. should have took u to da Face!!!!!",1,cyberbullying,,
"@createdCash_: @tayyoung_: FUCK OBAMA, dumb ass nigger""rude!""u fucking joker look bitch watch ur mouth",1,cyberbullying,,
"Only person that's still being a dumb dickwad is D'Undre . But fuck him . Big lip , buttfucking nigger .",1,cyberbullying,,
On my story I be talking about yâ€™all lil boys and yâ€™all be the first one u and ur lil hbs look at my story .,1,cyberbullying,,
"tbh, sequels always ruin the fun for me whenever i loved a film/book esp if ur rooting for the main love interest in the first one. like can they just experience a normal relationship hurdle w/o any cheating involved? that and not constucting another unnecessary love triangle",1,cyberbullying,,
Fuck you! You dumb nigger bitch!!,1,cyberbullying,,
"Also, Buckley, who founded your @NRO, proudly backed white supremacy, saying ""more advanced race"" must stop blacks from voting to preserve civilization what he called â€œNegro backwardness.â€ù You're going to be famous for lying, Mr. Radosh, unless correction comes soon. Tik Tok.",1,cyberbullying,,
@RacistAfricans fuck up. You opinion is voided after your insensitive word choice. Dumb ass group. Nigger=ancient Egyptian for king.,1,cyberbullying,,
DeNiro you just died nobody will ever care about you again not homo fuck off and burn in this napalm hell i made for you -god and everything else you built with your right hand you dumb fuck nigger Daylin Abraham Collins The President1 Robert DeNiro the DUMB FUCK NIGGER.end,1,cyberbullying,,
Judging what the left had done in the past month (15 dead mostly black children) do you blame him from stating what he thought was true. No one says anything to you when you judged me.,1,cyberbullying,,
I don't give a damn about pride month or gay slang because my sexuality doesn't define my interests or the way I speak Also you think I owe anything to some random black trans woman on the street because she happens to share the skin color/gender identity as past activists? No.,1,cyberbullying,,
Uthi why ngik'thanda so? RT @BootyNDaBrain Lol I can't fuck a dumb nigger! No matter how cute he is hey? My juices are stimulated by,1,cyberbullying,,
â€œ@brittd1178: Everybody get out and vote so we can get this nigger out of office!â€ù Bitch you dumb as fuck,1,cyberbullying,,
"Fuck these bitch ass niggers , how yall doing? Im the tunechi, im a nuisance, i go stupid, i go dumb like the three stoogies",1,cyberbullying,,
@JR4_07 @TweakMonster dumb fucks....go suck ya mammy dick bitch cus yall a bunch of lames.....stupid boys.....go read..uuugghh dumb niggers,1,cyberbullying,,
rt @Shaila_Miller Fuck all yall who didn't wanna bring us to rbar. Dumb niggers!! [are you angry missy?],1,cyberbullying,,
"FUCK @PippiLongCockEm: if a bitch had yur nigger before yuh.. fuck is yur prahlem.. i mean really.. yuh gah him now, right.. dumb ass bit...",1,cyberbullying,,
"FUCK YOU BITCH RT @tayyoung_: FUCK OBAMA, dumb ass nigger",1,cyberbullying,,
"Some lady cut us off Coworker ""damn bitch why don't you watch where the fuck you going, yea you dumb bitch, stupid fucking nigger""",1,cyberbullying,,
"Who mentioned anything about shootings? Oh, there are just so many problems in America you are getting confused! Colombia was a killer in the late 1400â€™s. Donâ€™t let the past dictate our future, and dont avoid the issues we face. There are so many problems, you are one for sure",1,cyberbullying,,
@iJever nigger and white are two different things you racist dumb fuck. shut up and go back to your moms basement.,1,cyberbullying,,
"@JetMissQueen @faiIgifs um, go watch the fucking video again you dumb ass black cunts, he's a nigger. FUCK YOU",1,cyberbullying,,
#Eagles got me laughing so hard lol to funny this team is just ALL DUMB ASS NIGGERS!!! IM SORRY BUTS IT'S TRUE THEY DO NOT GIVE A FUCK!!,1,cyberbullying,,
@therashaun Why don't you learn some fuckin respect for a lady you little nigger bitch. She's 18 dumb fuck and she could whoop your ass.,1,cyberbullying,,
@matthewjones90 fuck up dumb ass nigger,1,cyberbullying,,
"â€œ@tayyoung_: FUCK OBAMA, dumb ass niggerâ€ù pic.twitter.com/tFDgDcG",1,cyberbullying,,
WHY THE FUCK ARE YOU BLANK TWEETING ME YOU FUCKING DUMB NIGGER I KNOW YOU SHOOT BLANKS,1,cyberbullying,,
Rodger sone called rollen Martin a fat negro! On Twitter! This is the piece of shit trump likes! Openly racist old white men,1,cyberbullying,,
"â€œ@DPride12: We have another one RT @_KeshiaCOLD: You mad? â€œ@tayyoung_: FUCK OBAMA, dumb ass niggerâ€ùâ€ùget em!",1,cyberbullying,,
"I'm referring specifically to ""whatever"" because it's dismissive. I guess I should have compared it to someone from Puerto Rico being called a ""negro"" or ""mexican"" by a white man; literally any other lazy attempt to categorize folks they don't want to understand.",1,cyberbullying,,
"And if, for a jiffy, you gon think that Iâ€™m some privileged white ass, gurl Iâ€™m a middle-class Filipino citizen who lives in an island called â€œNegrosâ€ù.",1,cyberbullying,,
"It be yo own ppl... that envy u, thatâ€™s jealous of u, that wish bad on u, sneak diss u, and pray on yo down fall... Will be the first one shedding fake tears &amp; showing fake love at ur funeral",1,cyberbullying,,
@ry_colganator18 I didn't call you a nigger dumb fuck,1,cyberbullying,,
You missed the point of the tweet I never said people couldnâ€™t grow. Thatâ€™s what the black community wants more than anything. Thatâ€™s literally the point of the movements. Iâ€™m js I see why in the past she probably associated herself with her ex. Clarified enough?,1,cyberbullying,,
"Yes I did and it caught my attention. You know, racism manifests itself at so many levels.The reason Josephine Baker fled the U. S. was because Europeans saw her as an incredible performer as apposed to here in the U.S. Here she was just a colored dancer. Great work Laura.",1,cyberbullying,,
"right ""@JoshStifler: Lynch you?... Nah God bless you RT @lucyrouxheaux Smh how ignorant are you RT @tayyoung_: FUCK OBAMA, dumb ass nigger""",1,cyberbullying,,
Its you're u dumb fuck nigga you cant spell what a shame nigger RT @RomeoMiller: The best place to be if your a loner.. http://instagr.am/p/SquscNjoJL/,1,cyberbullying,,
I donâ€™t understand why bringing awareness to BLM movement makes this gentlemen think him or his kids are paying for anything in anyway. You can acknowledge the past and recognize itâ€™s led to an unfair world for black people and that doesnâ€™t cost you anything.,1,cyberbullying,,
"@Swagkidfromva If you don't know me, why in the actual fuck are you (or were you) following me, dumb nigger?",1,cyberbullying,,
"â€œ@tayyoung_: FUCK OBAMA, dumb ass niggerâ€ù. &lt;&lt;&lt; go drink some bleach",1,cyberbullying,,
@XXLtina: RT if you think all niggers belong in barns! &lt;3 &amp;&amp; you belong dead you dumb fuck .,1,cyberbullying,,
"I'm Doneee ! RT @MirLagerfield Abercrombie has ""Nigger Brown"" Colored Cargo pants ? Racism is still alive man #SMMFH",1,cyberbullying,,
@VALVe_CEO_Gabe Fix your dumb ass glitchy steam shit you retarded nigger fuck.,1,cyberbullying,,
stolen from ava drop a dot n iâ€™ll give u an emoji = luv ur pinned = i love seeing u on the tl = ILYSM = want to be friends with u = i stalked ur acc = i consider u as one of my fave moots = youâ€™re sweet = would do anything for u = first time i see you,1,cyberbullying,,
Kanye West: â€˜Planned Parenthoods Have Been Placed Inside Cities by White Supremacists to Do the Devilâ€™s Workâ€˜ https://www.breitbart.com/entertainment/2020/07/08/kanye-west-planned-parenthoods-have-been-placed-inside-cities-by-white-supremacists-to-do-the-devils-work/ via @BreitbartNews Black community was targeted &amp; called The Negro Project to give unfettered access to abortions. Why would that be,1,cyberbullying,,
"You dumb bitch. My grandpa told me he was called a nigger multiple times in times of segregation bc if you werenâ€™t white you wasnt right simple as that, as much as yâ€™all want it to be â€œyoursâ€ù YALL aint entitled to shit especially a fucking word of SLANG get the fuck over it",1,cyberbullying,,
"!!!!!!! â€œ@ItsMego_: â€œ@tayyoung_: FUCK OBAMA, dumb ass niggerâ€ù FUCK YOU HOE !!!!!!!! #TeamOBAMA â€ù",1,cyberbullying,,
"Epitome of ""nigger"" RT @CheesusSlice: Maurice Clarett dumb as fuck",1,cyberbullying,,
You 2 dumb ugly nigger name Wayne Positive trash soft ass nigga black brown fuck red and white dumb ugly fuck pic.twitter.com/9G3RlPh1Wt,1,cyberbullying,,
@lovemeharder69 @ShonTheDon909 You nasty ass nigger lover!!! You disgusting latina! Sellout!! Fuck them black M.F.,1,cyberbullying,,
I like that comment because u say that hes the second one so i imagine that the first is messi but u dont say that cr7 is trash just to promote messi. With that comment we can see that ur not 13-14 years old. Not like the little Liams that say peNaLdO in every cr7 photo.,1,cyberbullying,,
â€œ@SainsburyNews: Fuck off Danny Welbeck you fucking black cunt. Nigger.â€ù @metpoliceuk Disgusting. Absolutely no justification for this.,1,cyberbullying,,
It's racist to say my president is black but y'all call him a nigger shut the fuck up dumb asses,1,cyberbullying,,
Hey I'm white not a fucking nigger you dumb fuck,1,cyberbullying,,
You prefer to be called a nigga by a white person? Like my nigga my slave my lil negro???,1,cyberbullying,,
"Troll looking ass fat bitch RT @ItsMego_: â€œ@tayyoung_: FUCK OBAMA, dumb ass niggerâ€ù FUCK YOU HOE !!!!!!!! #TeamOBAMA",1,cyberbullying,,
"come say that shit to a NIGGERS face? no? shut the fuck up dumbass ""@tayyoung_ FUCK OBAMA, dumb ass nigger""",1,cyberbullying,,
and to say race has nothing to do with it....... BLACK LESBAINS EXIST POC LESBIANS EXISTZkclskdl to say that they were bringing race into it where it doesn't belong??? just say u can't acknowledge anything past ur white perspective.,1,cyberbullying,,
"@MtDew360NoScope Shut the Fuck up, dumb ass. I'm black. I'll say nigger if I damn well please. Also, the way I used it was inoffensive.",1,cyberbullying,,
"I was gonna say, if the past two months have proven anything.",1,cyberbullying,,
"Hmm.. over 50years ago, it was: Whites only: we (the negro Americans as they called us) were pissed!!!!!!!! 50years later: its Mask only &amp; white ameriKKKa is pissed off! Karma is a b!tch .... Itâ€™s time to really come together #AllRace .. we can fight x beat this",1,cyberbullying,,
Mmusi is the epitome of house nigger. Beyond redemption &amp; unable to apply his grey matter from a black man's perspective. Disgusting.,1,cyberbullying,,
"Nigger is what slave owners said Nigga is what some dumb fucks made up did they say ""what are you looking at nigga""? I don't think so",1,cyberbullying,,
"My dad: ""how'd that dumb nigger Obama betray us now?"" Me: ""â€?"" Dad: ""don't you dare call me a racist because it's true."" Fuck my parents.",1,cyberbullying,,
Allow bomb on first play of their last possession. Fuck you. Learn some fucking football IQ Defense your all fucking dumb niggers,1,cyberbullying,,
fuck some gucci.. niggers is DUMB.,1,cyberbullying,,
"Yall love suck our dick ""dumb bitch"" RT @marilyn_misery: The only thing worse then a #nigger are the white girls who date/fuck them.",1,cyberbullying,,
"How large is it? U ever did any investigation about the number? Discrimination on yellow colored people has been existing for hundreds of year in white world or cultures, itâ€™s not right to throw the reasons of racism towards yellow people on ill-mannered tourists from my country",1,cyberbullying,,
@ChristianMato breaking rules is breaking rules. Dumb niggers lol. PSU actually has kids that give a fuck. OSU are thugs.,1,cyberbullying,,
I grew up in a very liberal but also white part of the US when there were a lot of commercials on TV from the United Negro College Fundâ€”which is still called thatâ€”and parents and teachers had to tell kids that no matter what they saw on TV you cannot call people Negroes,1,cyberbullying,,
"From one Texan to another. Youâ€™re in East Texas, a part of Texas that is still â€œblindâ€ù to the times. Iâ€™m sure you donâ€™t want to be called Honkie, or gringa/o or cracker? It doesnâ€™t matter if he was â€œpoliteâ€ù. The word negro is just a white mans PC way of using the N-word.",1,cyberbullying,,
"Girls who still fuck with niggers who expose other girls or have exposed girls before, you bitches are just dumb bitches simple.",1,cyberbullying,,
@jdbonga no but if he fuck your mother its what a nigger did! You dumb white bitch! Old fucking pedophile! You suck loser hahahahahahahahaha,1,cyberbullying,,
I called dibs on kali swag so back the fuck off you dumb niggers. Lol,1,cyberbullying,,
Hey Hey Hey ! Not me. RT @RugerRet: Im sayin tho you jersey niggers spamming the fuck outta me RT @Its_YassyPOOH Tired of the Dumb Ass DMs !,1,cyberbullying,,
"lls 4 more years lil cracker. RT @tayyoung_: FUCK OBAMA, dumb ass nigger",1,cyberbullying,,
"FUK YA PUSSY ASS CRACKA, OBAMA WON !!! OBAMA WON DAT SHIT MANE !!! (WEBBIE VC) RT @tayyoung_: FUCK OBAMA, dumb ass nigger",1,cyberbullying,,
â€œ@rpgsavage33: @Dumb_Wavey I'm getting swole hitting that gym dnt fuck wit me niggerâ€ù dats nice,1,cyberbullying,,
@GeenieYoung @fuck__jonathan @fckuupaymee how yu claim you mii girl nd call me a dumb nigger ! But obviously im smarter than you #NOlife,1,cyberbullying,,
"Let me find out you mad tho! RT @tayyoung_: FUCK OBAMA, dumb ass nigger",1,cyberbullying,,
"Smh all you people say Mayweather is a ""dirty Nigger"" for doing that are dumb as fuck! if it was Ortiz yall woulda said ""that was a good hit",1,cyberbullying,,
@vivianomgg I should come beat your racist ass you disgusting below dirt disgrace of a human being! Did I just see a post with you saying something about NIGGERS going to far Girl I bet your bad ass wonâ€™t post nor send your addy You wouldnâ€™t dare address a BLACK QUEEN 2 her face,1,cyberbullying,,
ur friend prob got to champions league already and lost points and there was 2 box fight events the second one was locked if u didnâ€™t do good in the first one,1,cyberbullying,,
"RT @Chippydagod: planking is for dumb niggers, did yall know thats what the master use to do to blak slaves. Black people wake the fuck up!!",1,cyberbullying,,
"To date there's no evidence that the muder of George Floyd had anything to do with race. Nothing from cops past, nothing during the incident, no profiling (police called). The officer was a bad white cop that murdered someone that's black. Assumption is then racially motivated",1,cyberbullying,,
Happy niggers day lol really? MLK did so fuckin much. He deserves respect dumb fuck. While you go no where with your life.,1,cyberbullying,,
RT @lilmikelike @dpope363 ...does everything have to b a black thing ? Hahahaha #racism lol my bad bro but u my only colored friend lol,1,cyberbullying,,
Cc @MpanzThabiso @lindo_dimple @sihle_siphe Bros these niggers dumb as fuck look,1,cyberbullying,,
RT @MikeSimsWalker: RT @SamJags: @MikeSimsWalker FUCK YOU DUMB NIGGER!!!! JAGS SUCK FUCK YOU!!!!!&lt;Wow! Woooow.,1,cyberbullying,,
"@Hudgens_11: Lets get drunk, get blowed, spit shit spark blunts &amp; fuck hoes! Bro white dudes have no chill.",1,cyberbullying,,
"Get on my level, son! #funrun2 #Pepcman #coon #YOMAMA http://t.co/iaCVwtNDcX",1,cyberbullying,,
@Xbox @XboxSupport FUCK YOU FOR TAKING AWAY MY COMMUNICATIONS YOU DUMB FUCKING NIGGERS NECK YOURSELF PUSSY'S,1,cyberbullying,,
Stop being racist to me on call of duty. You gone feel dumb as fuck after I scrape yo ass then call you a pale nigger,1,cyberbullying,,
FUCK THIS PLACE AND ALL THE DUMB FUCKING NIGGERS I DONT GIVE A FUCK GOD KILL ME NOW,1,cyberbullying,,
I refuse to step foot in Hip Hop Chicken. Them fuck ass egyptians profiting off you dumb niggers. I will not drink the koolaid.,1,cyberbullying,,
â€œ@LocaJae: He everythinggggggg xxâ€ùbet he has sex with you and leaves to fuck his other bitches dumb nigger,1,cyberbullying,,
Shut the fuck up with yo wanna be white ass you ain't nothing but a house nigger dumb fuck,1,cyberbullying,,
This has nothing to do with trump you dumb fuck. Niggers shouldn't go to peoples towns call them rednecks and threaten them with a race war if they don't want folks to show up to defend themselves.,1,cyberbullying,,
RT @jden1120: RT @LEXXAthePinUp: @jden1120 lil what is yo dumb ass talkin about?-fuck off nigger girl&lt; suck my dick HOE!,1,cyberbullying,,
"smh I need to stop tweeting this personal & emotional shit, no one gives a fuck u dumb nigger",1,cyberbullying,,
@JoeyEssex_ @Mikespencer1 @Chloe_Sims nigger you so high nigger die? you dumb fuck.,1,cyberbullying,,
Hey essstrasss...get outta here w that noyzze. Dumb shit cunt fuck nigger! Ahaha right @cjoie?,1,cyberbullying,,
"Lmao RT @azizamichelle: Why are the niggers now adding ""idc idc idc"" what dumb fuck rapper says this in a song?",1,cyberbullying,,
@LoLosWay I don't want to see a pic of your dumb nigger ass bitch fuck off,1,cyberbullying,,
"if anything is already a relic of the past then it isn't just to be picked apart. taking things at it's ultimate value and being acquainted with the textures and the seams is just as important as black magic. the past, present and future are all one.",1,cyberbullying,,
fuck u mean? u dumb fuck. @Daniel_Petty990 Haha the niggers are blowing up my twitter! Hahaha I think I offended the monkeys,1,cyberbullying,,
"You don't honestly believe that. If you have black friends, run this past them. Many black people in Canada have slavery in their family tree. So, seeds of racism never grow to be anything more than racism. Whitewashing something doesn't change that.",1,cyberbullying,,
@GuysPIctures fuck Lincoln dumb nigger. Lover,1,cyberbullying,,
"Who? Sarah? She didnâ€™t say anything for a long time bc her black stans asked her not to but to amplify other black voices bc she has such a large platform. When the time was right, she did speak. &amp; she continues her path of education about black issues far past the moment. NEXT!",1,cyberbullying,,
â€œ@yourhighaj: @Kursory @MomoZoned HAHAHAHA FUCK YOU DUMB ASS NIGGER. YOUR THE REASON US WHITES HATE BLACK PEOPLEâ€ù it's baddddd,1,cyberbullying,,
"Its kinda like a nigger yu fuck with jus cos he has money, regardless of how dumb AF he is. https://twitter.com/xsevynsins/status/796154412150321152",1,cyberbullying,,
Why the FUCK did Jason just ask me if I'm about to go to the store?? Does it look like I'm going to the store? You dumb nigger,1,cyberbullying,,
@TheSnowflakeee fuck them dumb NIGGERS!,1,cyberbullying,,
@kyleedoo @SmithKayt fuck you dumb nigger. #Truth,1,cyberbullying,,
"@topdollaraz every race has a beautiful history, ""nigga"" is not a black term, it derived from ""nigger"" which is a disgusting black term",1,cyberbullying,,
RT @Rapmonster: fuck some gucci.. niggers is DUMB.,1,cyberbullying,,
Bitch you shit was on ma feed... like what the fuck ... its not even Tuesday here... dumb niggers retweeting obviously https://twitter.com/ashleymonrosm/status/1017092316752990210,1,cyberbullying,,
@PayneOriginal @itsfornarry @xCococha wHO CARES ABOUT GIRLS OMFG THAT'S NOT THE FUCKING POINT U DUMB FUCK CARROT ASS BITCH FUCK NIGGER,1,cyberbullying,,
"I used to want to be a cop but definitely not anymore lol once u kill a different colored person, half the nation thinks it was bc of racism",1,cyberbullying,,
"Greetings. You might read the satirical book ""Nappy-Headed Negro Syndrome."" It presents good commentary on this fear, especially white people and their being called ""white."" (It's free, too, by PDF or available on Amazon.)",1,cyberbullying,,
"Fuck you bitch!!!! ""@Colton_Zappe: Fuck that dumb nigger Obama""",1,cyberbullying,,
"@anth8814 your refuring to gay people as ""puffs"" and black people as ""niggers"". All you are is a homophobic racist. #disgusting",1,cyberbullying,,
fuck me in the ass you dumb nigger loving hoolagin,1,cyberbullying,,
"Sallllt. RT @kaytrendyme_: VERY mad. RT @bello_xo: you mad though. RT @tayyoung_: FUCK OBAMA, dumb ass nigger",1,cyberbullying,,
Answer my sc dumb bitch â€” FUCK YOU NIGGER ASS PORCH MONKEY https://curiouscat.me/2985163862/post/73801018?t=1484016114,1,cyberbullying,,
@Legacy_Turtle @PumasComp @Claw_sheesh Cause He's West Like Me Dumb Fuck Get Blocked Pussy Ass Nigger,1,cyberbullying,,
@maggiesmithh man fuck these bitch ass niggers how yall doin im lil tenuchi im a nuissance i go dumb like the 3 stooges,1,cyberbullying,,
RT @MikeSimsWalker RT@SamJags: @MikeSimsWalker FUCK YOU DUMB NIGGER!!!! JAGS SUCK FUCK YOU!!!!!&lt;Wow! //sky u winnin like dat keep it up! smh,1,cyberbullying,,
"we love the hate, Precious RT @tayyoung_: FUCK OBAMA, dumb ass nigger",1,cyberbullying,,
@trvpcocaine I'm mixed you dumb fuck nigger,1,cyberbullying,,
"Lol ! She salty ---->> RT ""@tayyoung_: FUCK OBAMA, dumb ass nigger""",1,cyberbullying,,
@BlackkeyCartel WHAT THE FUCK....SLAP THAT DUMB NIGGER BOI,1,cyberbullying,,
"The africans who weren't enslaved still suffered and went through colonization dumb cunt, we were called niggers in our own land. ""black experience "" some of you AA are so bloody stupid. I'm african, if I was walking on the streets of murica ima still get called nigger fuck you.",1,cyberbullying,,
â€œ@Colton_Zappe: Fuck that dumb nigger Obamaâ€ù you have to be enraged right? Hahaha #ObamaBiden2012,1,cyberbullying,,
"his son's black hair I can look past ignorance of the genetics of hair color but that's just a blatant lying exaggeration that utterly discredits anything you say for the sake of an ""insult"" that doesn't even land. Well played dumbass.",1,cyberbullying,,
Nigga shouldn't be in a phone dictionary. But neither the fuck should NIGGER! dumb nigga @thescoop1,1,cyberbullying,,
"Wait, wait, wait. So white folks can't help being racist? I am asking bc me & mine have been saying that for years - like, we think racism is bred in your genes; kind of like ur yellow hair &amp; strangely colored eyes. If u could shout out an affirmative, we'd surely appreciate it.",1,cyberbullying,,
@pommyhua OMGOMG i have so much 2 say... okok first off ur like? the person im probably closest to and UGHH ur so sweet?? and funny??? i think ur probably one of my favourite moots ur just so lovely to talk to ily /p,1,cyberbullying,,
nothing malicious about the pic at all. They are magnifying the racism picture&amp; not thinking that u have more colored friends,1,cyberbullying,,
"How is it that iHave friends like these ====> ""@jbabsjohnson: Racism is wen u select ur wyte cloth to wash b4 d colored ones #sayNotoRacism""",1,cyberbullying,,
"RT @tayyoung_: FUCK OBAMA, dumb ass nigger (FUCK YOU)!!!!",1,cyberbullying,,
"Ima Fuck this Bitch Up!! ~~~~&gt; RT @tayyoung_: FUCK OBAMA, dumb ass nigger",1,cyberbullying,,
ash!! u will improve one day and u r literally improving sm already like JSJDK?? the first time ive seen ur art compared to now?? uve improved sosoososos much omg!! u r doing soososo amazing and i genuinely mean this!!,1,cyberbullying,,
"â€œ@tayyoung_: FUCK OBAMA, dumb ass niggerâ€ù-- damn racist ass bitch",1,cyberbullying,,
negro u still black. doesnâ€™t matter how so called good u carry urself. ur skin color is still seen as a threat. stop trying to seek white validation,1,cyberbullying,,
This man at just randomly called this black woman a â€œniggerâ€ù and Iâ€™m honestly just blown tf away. It was random and not provoked. She was just walking back to her seat. Once confronted he denied it but there was witnesses. People are truly disgusting,1,cyberbullying,,
U ever seen a colored guy on the horse? #racism!! http://twitpic.com/58cpu4,1,cyberbullying,,
I was gonna respond to ur first tweet and suggest that it was one of them glad you figured it out,1,cyberbullying,,
This is disgusting black lives matter and white lives matter but the point is BLACK LIVES MATTER TOO and that's not the definition of nigger https://twitter.com/shaunking/status/795396842833985541,1,cyberbullying,,
"tayyoung_ tweets ""tayyoung_: FUCK OBAMA, dumb ass nigger"" did you think of how this guy in the picture wit http://instagr.am/p/Rt45DIo5uX/",1,cyberbullying,,
@MrPLC And did not LIE under oath about word nigger said to hippy chick interviewer 10 y agoâ€? Dumb fuckâ€?,1,cyberbullying,,
Whoa!! RT @BonitaCourtney_: Fuck you you dumb ass coon nigger RT @iCallHoesOut O RT @BonitaCourtney_: i feel like watching burlesque.,1,cyberbullying,,
"If u google systemic racism, youll see POC are more likely 2 be denied housing, bank loans, acceptance into university, denied jobs and go to jail 4 far less then crimes committed by whites. My ""President"" even marked the letter ""C"" for colored to deny them renting apts he owned",1,cyberbullying,,
@DeShon__ smh stupid niggers. Listen the whiteman who's gonna win this game is manning dumb african fuck.....lol jk,1,cyberbullying,,
If he was actually a racist person why would he have a black man on his channel and say that there sort of dating? I watched that whole video I didnâ€™t see bit once jeffree say or doing anything that was remotely racist. I get what he said in the past was really offensive and-,1,cyberbullying,,
first impression: cool parody/rp account your nickname in my head: duskit closeness ratings [1-10]: 3 do i like you: when your not being an annoying shit yes as a friend you are my: sort of friend ever had a crush on you: no one random thought: stop ur rp in the gc,1,cyberbullying,,
Niggahas these days forreal doe! They are fucking dumb!! Grow the fuck up! Duces #never #trust #a #nigger #they #are #fucking #dumb!,1,cyberbullying,,
"â€œ@MattScorpio: Ya Nigga bf dumped you huh? Tough break RT @tayyoung_ FUCK OBAMA, dumb ass niggerâ€ù dumb ass nigger thats your boss'boss'boss!",1,cyberbullying,,
RACISM is wen u select ur white clothes to wash first b4 d colored ones. Say NO to Racism!!! Wash dem all 2geda..,1,cyberbullying,,
"I wanted to write more about how ur post made me feel but words are failing me. The song!, you gave a whole new meaning for this song! I know exactly what you meant when you kept saying ""I know I'm not the one fighting cancer"". The first thing that popped into was ""She gets it""",1,cyberbullying,,
Itâ€™s crazy that white people hate being called white but will tell black people they ARE African Americans with no debate. Because itâ€™s better than Nigger not as color blind as Negro much more evolutionary than â€œColoredâ€ù. Whereâ€™s that conversation?,1,cyberbullying,,
That fucking retard on #DramaAlert started talking about how he plans to commit cyber terrorism like da fuck you thinking you dumb nigger,1,cyberbullying,,
LMAOOO RT @ScubaSteve_87: @schlix_gawd THE FUCK? Don't wish dumb shit on me nigger.,1,cyberbullying,,
//black: wow i wonder why zane doesnt tell me anything about his past jobs and stuff zane: . everyone: .,1,cyberbullying,,
"@SloppyTopHoe I'm not looking for anything dumb fuck , you're the stupid porch monkey who rt'd lol stfu ugly nigger",1,cyberbullying,,
Shoot not even the school has a lot of black mutants at least not one's that do anything important. Which takes me to another point. It's amazing how little growth there's been out of Xavier School for the Gifted. I mean there's been teams in the past and recently.,1,cyberbullying,,
"@AntiDARKSKINNED: Don't start with that I'm brown"" bullshit. You are black, you are a nigger. You are filthy &amp; disgusting."" You're a cunt.",1,cyberbullying,,
"Yes, â€˜TAKE â€˜those so called commemorative statues Down ! â€œOur system commits no such violation of nature's laws. With us, all of the white race, however high or low, rich or poor, are equal in the eye of the law. Not so with the negro. â€œ-Alexander H. Stephens",1,cyberbullying,,
I hate the word nigger FUCK whoever says that dumb shit,1,cyberbullying,,
"RT""@tayyoung_: FUCK OBAMA, dumb ass nigger"" WHO TF are you? Whether you like it or not he's the President for the next 4 years",1,cyberbullying,,
Lol bro your something else. You care about other peopleâ€™s opinion too much. I know what racism is. U canâ€™t tell people what they feel and/or know. Stamping C to identify colored peoples applications so he can deny them. His father was arrested for rioting with the kkk.,1,cyberbullying,,
@mysanityis Go on TMZ She is ranting about a girl being black and disgusting and a nigger and no one likes her cuz shes black,1,cyberbullying,,
"Black people Dumb AF how the fuck do you still 65,000 worth of chicken expensive chicken at that Fucking Niggers",1,cyberbullying,,
@nbanks6u u are the biggest loser if vthat was my car i would come out and personly kick your ass dumb nigger yeah i said u fuck,1,cyberbullying,,
"LOL RT @OlaBijan: Klan members gangbang you often I'm guessing â€œ@tayyoung_: FUCK OBAMA, dumb ass niggerâ€ù",1,cyberbullying,,
@Im_TicklePickle @killerXward @lTheEchosl who tha flyin fuck are u I've never even heard or ur goose neck lookin ass u dumb nigger,1,cyberbullying,,
absolutely. we literally can not move past the issue of race. ignoring it will not make it go away nor will the free market lmfao. idk honestly like I wouldnâ€™t have minded anything she said had she not simultaneously reduced the black experience and the outcry for change lol,1,cyberbullying,,
@jjalwaysblazedd fuck you. You dumb nigger.,1,cyberbullying,,
"exactly , yall r dumb if u think there isnâ€™t SO many ppl who put blm for show, refer to all the blackouts n black pics on insta, that sht doesnt mean anything lest u actively acknowledge n apologize from stuff uve done in the past otherwise ppl have a right to be angry",1,cyberbullying,,
"The TERM ""Black Lives Matter"" is agreeable! The BLM ""ORGANIZATION"" is a anarchist, terrorist hate group calling for the distruction of America. Don't use BLM in reference to anything good. Shame of you! In the past, you stood for freedom and justice for all!",1,cyberbullying,,
"@sage_delong dawg, you can't just call me a nigger ""bro"", I'll be quick to fuck you up &amp; you'll be quick to throw me a lawsuit, dumb fuck",1,cyberbullying,,
"@andrew_besford whoaaa so im a stupid nigger cuz your dumb ass can't keep up in a conversation? Fuck you, tough behind the computer screen",1,cyberbullying,,
RT @OfficialGialana DUMB ASiAN FAGG CALLED ME A NIGGER LOL ===&gt; @SoFucknAyysian &lt;&lt;&lt; THE FUCK?! Tell Jet Lee nephew 2 sit the fuck down,1,cyberbullying,,
wow hes dumb that little nigger has a girl. Tryna be all fresh with me da fuck is wrong with you !,1,cyberbullying,,
"i'm cackling at home about a machine deciding that a book about a character described as ""long and brown"" (d'artagnan in 'the three musketeers') written by an author who was called 'that negro' by balzac is, yes, full of only white characters. gotta give it a new cover.",1,cyberbullying,,
PEOPLE WHO AREN'T COLORED WILL NEVER FULLY FEEL RACISM IN THE U.S. BECAUSE THEY WILL NEVER SEE IT FROM OUR PERSPECTIVE #TerenceCruthcher,1,cyberbullying,,
"Bullshit! There is no context for a white man to refer to black people as niggers. None. The English language is too vast &amp; there were hundreds of other ways to express this sentiment. It was gratuitous, unnecessary, and disgusting.",1,cyberbullying,,
"I mean, Iâ€™d definitely expect a black box to draw less likes than a selfie, but not even just people you know any celebrity post you see that has anything to do with equality over the past few weeks has like 1/4 the likes of their usual content",1,cyberbullying,,
Fucking moral relativist bullshit. Fucking weak ass nigger culture. Fucking Jew ass ruling class. Fucking dumb sedated docile life style. Fucking demon pawns everywhere. Fuck,1,cyberbullying,,
i wanna make a list of fit people but u canâ€™t add loads them by search so iâ€™ll have to remember each name one at a time so whoeverâ€™s the first on it is gonna be like wtf ur weird,1,cyberbullying,,
"LOL ignorance RT @AntiDARKSKINNED: Don't start with that ""I'm brown"" bullshit. You are black, you are a nigger. You are filthy &amp; disgusting.",1,cyberbullying,,
RT @Spazzin_Steve: @Jovzilla @EvelynLozada YOU DUMB ASS NIGGER BITCH YOU GOT MY NIGGA FIRED! FUCK YO COTTON MOUTH PUSSY HOE!,1,cyberbullying,,
@_MikePearson K fuck you dumb nigger,1,cyberbullying,,
@ANN_Lynzee the thing i fight with is when i see minorities mob signing off on the exact behavior they know is terrible.,1,cyberbullying,,
"Damn you mad bro? RT @tayyoung_: FUCK OBAMA, dumb ass nigger",1,cyberbullying,,
Fuck these dumb ass niggers mannnn... like fuck wrong with yall pussy ass niggas man.,1,cyberbullying,,
@ThereGoesSmoke shut the fuck up dumb ass nigger. Since you know the full story tell it how it is. Or should I?,1,cyberbullying,,
"Why why was he because your woman trump says so, because he is black, no its because he had a heart if anything the didnt pass anything he wanted to do so if anyone is corrupt its the Republicans and your seeing it now with the way they have handled everything in the past 3 years",1,cyberbullying,,
I hate that dumb niggER RT @NukeUrHouse bored as fuck. I wish the homie @takef_light was on so i can slander him lmaooooooooo smh,1,cyberbullying,,
Bitch just called him a dumb nigger he said bitch i will fuck you up,1,cyberbullying,,
Smh RT @LesIzMore: RT @YumiYoko: Please shut the fuck up. you always tweeting some dumb nigger ass shit that I never wanna see. @LesIzMore,1,cyberbullying,,
The worst thing a nigga can do is make his bitch look stupid,1,cyberbullying,,
Yeah itâ€™s called being Tone Deaf and advocating for White Supremacy. According to the great negro Bomani Jones,1,cyberbullying,,
"@SFtheWolf @max2000warlord people confuse empathy with being scared, and that says more about them than anything.",1,cyberbullying,,
Ques are niggers defined. Loud &amp; belligerent. Usually dumb as fuck. Just need to be seen. And they be jumping niggas like pussies.,1,cyberbullying,,
Fuck you nigger RT @SheBaddAf_: @pjae813 -.- your fuckin DUMB . Goodbye What I'm sayin is they the lazy ones and we need all Votes,1,cyberbullying,,
â€œ@QueenNigger: ITALY FUCK OFF DUMB NIGGERS!!!!â€ù omfg,1,cyberbullying,,
This nigga @Adonis_Abstract just tried to bully me for my Mucho Mango Arizona,1,cyberbullying,,
This white man just call us dumb niggers cause we wouldn't give him nd his girl a ride! Lol. Yup my muva cussed his ass da fuck out.,1,cyberbullying,,
"Take a seat cracker, your mad..RT @tayyoung_: FUCK OBAMA, dumb ass nigger",1,cyberbullying,,
"When Black women coined the term ""white feminism,"" white feminists balked, called it ""divisive."" Yet, white women, be they feminists or not, have historically &amp; consistently benefitted from Black women's labor, all the while reaping white privileges at the expense of Black women.",1,cyberbullying,,
"The dems are trying to hide their past, the dems are the ones that have been in positions of power for better than 50 years in most major US cities with highest black populations and still have yet to do anything to help their voters.",1,cyberbullying,,
"@JMan_Rife I'm not a homeboy wigger. Wait till the blacks beat your ass and rob you, dumb fuck. The niggers will get you.",1,cyberbullying,,
He should have gone to the FUCKING hood and gave those NIGGERS bananas DUMB FUCK.IN STEAD HE PLAY WITH THE PREDETORS DICK S,1,cyberbullying,,
Plus what was the call to action? Just focusing on abortion what did anyone learn? He'll give you a million dollars not to abort your child? Million over time? All at once? Whose paying for this? How does this get past Congress? He's just saying anything at that point.,1,cyberbullying,,
no shit you dumb ass nigger now get the fuck out of my notifications,1,cyberbullying,,
DEANGELO WHY ARE YOU SUCH A SORRY SACK OF DUMB FUCK?!?? I HATE YOU NIGGER!,1,cyberbullying,,
Any black man who can make disgusting comments about dark skin women is a black man I will stay away from. You niggers are mad and quite creepy,1,cyberbullying,,
RT @KaosDaGreatBFE: @NiggerTyrone &lt; #3words Dumb As Fuck! | DUMB ASS NIGGER,1,cyberbullying,,
Go dumb ugly nigger name Wayne Go dumb ugly nigger name Wayne My quadruplet boys inside of me dumb ugly fuck pic.twitter.com/bLRkawCoK9,1,cyberbullying,,
@Ledi_Dija @Lmao @Klediana3 dumb you a fuck nigga pullin on ma nigger chin,1,cyberbullying,,
"only thing that heats my head more is when i see a. black people acting like ""niggers"" and b. men with disgusting views of women",1,cyberbullying,,
Be one of the first to reply and then ask and say it is ur dream,1,cyberbullying,,
"Common sense... And I am racist. I love my black people but we haven't learned anything from our past we are on conquered land and ""the right to bear arms"" has NOTHING to do with us. The US has dropped bombs 2ice on their own soil.. Who were the victims?",1,cyberbullying,,
"Fuck David duke racist who thinks America belong to his dumb white niggers followers. Think about it? America belongs 2 no one ,but Indians",1,cyberbullying,,
Fuck Nieq and Braie. Them some dumb niggers,1,cyberbullying,,
And she has said that itâ€™s wrong. So start fixing our communities instead of holding her past that she learned from against her. Queen is a black women. How is holding what she said 4 years ago gonna solve anything??,1,cyberbullying,,
With condom sha RT @ImFunkyDee: Fuck a dumb Nigger....,1,cyberbullying,,
"I get really pissed off when ppl say the word ""nigger"" bc I'm like you dumb fuck you don't even know the origin behind the word smh...",1,cyberbullying,,
Fucking disgusting BLOCKING YALL BLACK ASS NIGGERS,1,cyberbullying,,
@Polo_ProphED fuck off you dumb nigger,1,cyberbullying,,
"Then negro again , then black the. African American 1989 then back to black??? So which one is it because by documented history thatâ€™s called keep them guessing their own identity. â€œAfrican-Americanâ€ù is a MISNOMER. Meaning you can be white come from Africa to America",1,cyberbullying,,
Fuck you dumb nigger cunts RT @Tre_ip: @CharlesCoplin @_SneakersNHead lmao tru,1,cyberbullying,,
"man this is some BS. its not who I am. get the fuck out. if you say the ""N' word ooo for you dumb fucks its nigger your racist dont say ooo thats not me it was a mistake. get the fuck out of here",1,cyberbullying,,
"Computer caught a virus, my dumb nigger of a dad reset the whole thing, ALL MY FUCKING CLIPS ARE GONE. WHAT THE FUCK.",1,cyberbullying,,
@ImPeacefulChaos Your ugly stupid retarded ape self is tweeting shit that none gives a fuck about u dumb fucking ignorant nigger,1,cyberbullying,,
Yup fucking dumb fuck old ass white guy can't listen to a young nigger talking to him like a man #dealwithitbitch,1,cyberbullying,,
"Marguerite came to understand what being and belonging to the Negro race really meant then and how they were perceived by white folks. Through the white manâ€™s so called words of ""encouragement"", it occured to her with a clarity she had never before experienced.",1,cyberbullying,,
This just mad so mad like I feel like I'm about to scream we are not as the same level as black people we are higher and that fact u called us salves and nigger Is disgusting. U say u don't like us but yet again u try to be like us stfu this just triggered me so much,1,cyberbullying,,
Ur one of the first people I met in this com and youâ€™ve helped me a lot,1,cyberbullying,,
I shouldâ€™ve known a drink called â€œnegroâ€ù and â€œblancoâ€ù wasnâ€™t going to treat me well.,1,cyberbullying,,
i read ur reply so wrong omg i was abt to attack then i read it again i first read it as â€œyouâ€™re probably one of those ppl who think guys can be victimsâ€ù,1,cyberbullying,,
"The first person appeared in ur mind when u listen to love songs, the one who made u smile throughout the day, the one that made u feel wanted &amp; needed without a doubt. The one that chose u over anyone else.",1,cyberbullying,,
@TheRamosHeader @Fraudnaldo nigga and nigger aren't the same thing dumb fuck,1,cyberbullying,,
"you still don't get it brent,my race is built for anything,what haven't we been through??? we been past being scared and spooked,,your race be thinking these t.v and black actors and sports entertainers speak for us, everything you see on t.v and think you know ,is 12 years old",1,cyberbullying,,
To that dumb nigger: nigga you stupid as fuck,1,cyberbullying,,
"And that ""Nigger"" is your President Ha! RT @tayyoung_ FUCK OBAMA, dumb ass nigger",1,cyberbullying,,
"How the fuck did it just cost $17 for passport photos?! Your sign said 8.99 YOU DUMB FUCK SCUNT ONION HEADED PUJA, SAND NIGGER!!!",1,cyberbullying,,
@MrAmplode dumb cunt nigger fuck bitch whore slut thot motherfucker,1,cyberbullying,,
20| Imagine that Black Lady Who Has to Listen to a Dumb Fuck Nigger in Her Head 24 Hours a FUCKING DAY !!! Dat Lady Got STRENFFFFFFF !!!,1,cyberbullying,,
http://twitpic.com/bb03qw RT @Colton_Zappe: Fuck that dumb nigger Obama,1,cyberbullying,,
"Never heard that one RT @DesiredDisaster #SomethingWhitePeopleSay fuck all of you dumb niggers, go die in a cotton field",1,cyberbullying,,
"@tayyoung_: FUCK OBAMA, dumb ass nigger yea thats the #1 dumb asz nigger n charge ova yo racist asz Bitch suck a black dick",1,cyberbullying,,
"gotta be lmfao Â«@Its_BAKARI â€œ@tayyoung_: FUCK OBAMA, dumb ass niggerâ€ù so u mad too?Â»",1,cyberbullying,,
Do young Black voters know anything about the KKKlan who discriminated against Blacks in the past? Biden was best friends with Sen Byrd major leader of Klan and Mentor of Biden.,1,cyberbullying,,
"retweet this if you bleieve in god, he saw you scroll - someone black replies to them ""stfu"", they reply back ""fuck you dumb nigger""",1,cyberbullying,,
@MisfitInChains @oldgfatherclock @venereveritas13 SANTA JUST *IS* WHITE,1,cyberbullying,,
Yall see this shit right... RT @regdunlop99 fuck is this guy @SaluteMyEgO2x Dumb nigger,1,cyberbullying,,
FUCK WITH KRISTEN DEANN ALDERSON TOOMBS DUMB FUCK SHIT NIGGER ASS BRING TOMKO JEFF GAYLORD HOLD ME BACK BANK ROBBER DRUGS IN JAIL,1,cyberbullying,,
That was also a very long time ago in the feudalism age. We now have some freedom apparently. Oh and modern sewage and hygiene have effectively made anything like the Black Death a thing of the very far past.,1,cyberbullying,,
FUCKKKKK!!!! THE DUMB ASS NIGGER WON!!!!!! FUCK THAT!!!!,1,cyberbullying,,
Bby u are seriously so sweet ur the first one that brought me in the fandom with open arms and I'll never forget that! I love youuuuu,1,cyberbullying,,
LAKESHORES CLOSED FUCK YOU KARL YOU DUMB ASS LOOKIN ASS NO SCHOOL CLOSING BITCH ASS FAGGOT NIGGER,1,cyberbullying,,
So this cracker on my time line jst said fuck Obama dumb ass nigger! No bitch fuck u! Obama won get over it!,1,cyberbullying,,
"not this dumb bitch really called acid and graphic design weird white people things... as a nigger heavily invested in both, bitch fuck you",1,cyberbullying,,
"@JTuinauvai: #OhYouMad RTâ€œ@tayyoung_: FUCK OBAMA, dumb ass niggerâ€ù -&gt;&gt; Smh.. racist ass bitch..",1,cyberbullying,,
How can I fuck myself dumb ass black nigger.?,1,cyberbullying,,
Which one as in so many? Have you not read anything over the past 2-3 weeks? Black kids being killed by black men. Crazy! Are there racist cops and white people? Of course. They are ignorant. Donâ€™t allow their ignorance to prohibit you from rational thought.,1,cyberbullying,,
these nigger areans are so disgusting. this is why i identify as a non denominational black person (denomination in this case would be country),1,cyberbullying,,
Oki I'll be one of ur first customers!,1,cyberbullying,,
Got to love that this is happening in Kalipornia. You liberal dumb fucks voted that stupid nigger back into office. Payback is a bitch.,1,cyberbullying,,
In 2 days I've seen 2 black males put hands on their heads as police cars drove past with lights and sirens in #Hackney. Yesterday I hoped I was mistaken. I have a lot to learn about privilege but if this is anything but a statement how do I ever explain it to this little one?,1,cyberbullying,,
Imagine being dumb enough to let niggers and wetbacks fuck u â€” Imagine being dumb enough to let a white guy fuck you. https://curiouscat.me/thirdeyescribe/post/347525107?1520665530,1,cyberbullying,,
Humans r colored like our ancestors where pieces of bread and how toasted u look is determined by hot their country was. We r all bread and the sun is our toaster. Thatâ€™s my take on racism dont @me,1,cyberbullying,,
@2DirtySprite you dumb fuck nigger my Cday isn't until tmrw,1,cyberbullying,,
idk if uve ever been slapped with a ruler by ur teacher but id let hisoka do it to me maybe even twice tho i think it would be an instant kill after the first one,1,cyberbullying,,
Don't fuck with me bcos I'm unfuckble! Nigga what da fuck do you mean? dumb ass nigger ......,1,cyberbullying,,
@BrittNaomi_ FUCK YOU u dumb cunt!! NIGGER! U sleeping on the damn couch tonight! No more cuddling f that,1,cyberbullying,,
U like niggers? The fuck â€” Obviously it said one &amp; it said seventh grade. You sound dumb. U racist?the fuck... http://ask.fm/a/5jdqm859,1,cyberbullying,,
"Slap that dum hoe then...pot face bitchRT @_Richboi: Bitch ill murk yo ignant ass â€œ@tayyoung_: FUCK OBAMA, dumb ass niggerâ€ù",1,cyberbullying,,
"How many brain cells have you lost for you to even think it's ok to say ""nigger "" when I hear a black person say it hurts the most. It makes white people think they can say it as a joke. But nothing about it is funny it's ignorant , disrespectful and disgusting to your own race .",1,cyberbullying,,
Disgusting amount of black men would let a woman call them nigger during sex...pathetic,1,cyberbullying,,
Retweet like comment ur user join my group *First one to join wins 10 robux!*,1,cyberbullying,,
"Because you only take one incident and reverse it without reversing the context. We do not live in a society where white people face systematic racism (greater difficulty getting jobs, housing, healthcare and access) based on being white. You pick &amp; choose what parts you reverse.",1,cyberbullying,,
U S Attorney General William Barr is a dumb fuck white nigger,1,cyberbullying,,
I can't believe that fuck ass white boy called me a dumb nigger over some shit I said about Joe Pa! GTFOH! it's not that serious!!,1,cyberbullying,,
"@t_blank03 ""tf"" it's the fuck not tf dumb nigger lover",1,cyberbullying,,
FUCK YOU A JEHOVAH'S WITNESSES ARREST WARRANT ALL BEAT YOUR DUMB NIGGER ASS FOOL FUCK YOU.,1,cyberbullying,,
hahahahahah ma boy cbruh â€œ@Cbruhhh: â€œ@iFollowBlindPpl: FUCK DREW BREES!â€ù fuck you dumb niggerâ€ù,1,cyberbullying,,
"My nigger chelsea is dumb as fuck, who doesn't like pupusas? she probably only eat grilled cheese all day smh",1,cyberbullying,,
Be prepared for anything Patriots. This is only going to get worse day by day. Trump has PUBLICLY threaten to assassinate political opponents and other officials in the past. Now we had an attempted assassination attempt on a federal judge. Black ops fanning out across country.,1,cyberbullying,,
Fuck all you dumb fishlip niggers. I hope you die -ShayShay,1,cyberbullying,,
â€˜harryâ€™s pastâ€™ man didnâ€™t do anything that controversial meanwhile louis called a black man the n word and never apologized for it,1,cyberbullying,,
"Yea yea, you're just another ugly dumb fuck nigger.",1,cyberbullying,,
I hope Kim Jong-un was watching Assad get his ass handed to him tonight (so Kim doesn't do anything stupid).,1,cyberbullying,,
"RT @PostCultRev: [snorts gigantic line of bubble gum flavored cocaine] oh man, let's watch some fuckin' anime",1,cyberbullying,,
Shut three fuck up you dumb nigger dickheads.,1,cyberbullying,,
"@WhereMyFreaksAt: Fuck a bio"" is a bio. Dumb niggers smh.""",1,cyberbullying,,
Was just walking to school rn and saw a fricken black ass nigger talking to a cop and the cop wasnâ€™t shooting that burnt toast head ass bitch smh this is why America is falling apart this is easily the most disgusting thing Iâ€™ve ever seen #fuckniggers #wtfamerica,1,cyberbullying,,
"These women are black but their race shouldnâ€™t be used as the rational for why they attacked, just like being white isnâ€™t the cause of â€œKarensâ€ù attacking people. If anything youâ€™re seeing all of society fracture &amp; crumble from incredibly stress &amp; strain of the past few months.",1,cyberbullying,,
"Umm Note that the White (person) 1) decided you need saving, 2) decided she is capable, 3) did not ask but informed you of her messianic capacity. This is called patronizing the Negro. Secret racists r vulnerable to this delusion.",1,cyberbullying,,
Miller has advised him he hasnâ€™t exterminated enough black and brown people yet??? (I no longer put anything past this vicious and cruel administration.),1,cyberbullying,,
"You mad bro? RT @tayyoung_: FUCK OBAMA, dumb ass nigger",1,cyberbullying,,
For al the dumb FUCKS on my Time line that use the word Nigger http://www.youtube.com/watch?v=wD-UpHlB9no,1,cyberbullying,,
"Now if I fuck up in English people are going to think Im a dumb bitch. No its cus I aint read this summer, Im a smart black nigger. Ok?",1,cyberbullying,,
"nah tell this hoe to suck my shit RT @PimpNamedGator: Holdddd myyyy diccckkkkk RT @tayyoung_: FUCK OBAMA, dumb ass nigger",1,cyberbullying,,
"(Acts 29:21336) AND if God were ""allowing"" the white people to enter into His Hebrew Jewish dark skinned ""Golden"" Negro Hebrew Paradise of Heaven, then why did God declare that the white people are called ""TARES"" of Satan to be burned in Hell fire coming for them? Amen?",1,cyberbullying,,
"@AwZaynEatMe you dumb bitch, black isn't a colour it's a shade as is white. Muslim is a religion not a skin colour.",1,cyberbullying,,
@DIZZY_YL @Perplxed @BJJahnke nope Ben was I was on. The dashboard when Andrew said he posted so fuck off u dumb nigger,1,cyberbullying,,
"6/ in any and every way we could attain it. We were called Negro until the 1960's. It is not an imaginary label, it is one which WE concocted.Wherever and whenever,I will defend it when a person, White or Black, attempts to dismiss it. Period. I am a Black woman,",1,cyberbullying,,
"Lol holy fuck ""@mona_lisa_gurl: @iRejectSlimHoes u dumb ignorant piece of nigger shit!""",1,cyberbullying,,
I have a Noval idea . Letâ€™s abolish UNITED NEGRO FUND a all black support system run by all blacks supporting only black students the new law created years ago during miss burning called for racial balance 25% black 75% white this is law so U.N. F. Must accept 75% white or face,1,cyberbullying,,
He's not a nigger if his mother is just as white as you. dumb fuck RT @brittd1178 Everybody get out and vote so we can get this nigger out o,1,cyberbullying,,
You seem upset. RT @TracePeterson: Fuck Obama that dumb nigger I'm going to Switzerland... Thank you America for fucking are country,1,cyberbullying,,
"Kingâ€™s okay with these â€œNegrosâ€ù attacking a white boy, but called out drop kicking the little black girl (he was attempting to drop kick the white boy but missed).",1,cyberbullying,,
"You callin me a nigger isn't as bad as you lynching me for being Black, but nonetheless, they're both patently disgusting racist practices.",1,cyberbullying,,
"â€œ@SamuelRobertooo: â€œ@tayyoung_: FUCK OBAMA, dumb ass niggerâ€ù MADâ€ù lmao this Kidd sounds like he pissed in his razor blade cuts.",1,cyberbullying,,
Youâ€™re ignorant. I havenâ€™t done anything to keep a black man down. Blaming todayâ€™s white man for past white men is like Americans hating little Japanese kids for Pearl Harbor. Your hate is noted and I canâ€™t do anything about it but racism is racism. The fact that I had a black,1,cyberbullying,,
"#RogerStone just angrily called this man a negro on air &amp; white supremacists fall all over themselves trying to claim that ""negro"" isn't a derogatory term. Riiiiight. He totally didn't mean offense. I hope you #KeepThatSameEnergy when you hit the streets, Stone. #TrumpsAmerica",1,cyberbullying,,
Random number called me earlier then I called back and she hung up and then 5 hours later with this bs like um excuse me mam I think you have the wrong negro. Meant to say *white not right,1,cyberbullying,,
RT @Logan420MJG stupid nigger watch for the damn ball you fucking fuck up dumb ass piece of shit!,1,cyberbullying,,
He did that all the while being the Big white supremacist racist that they say. He also had a black girlfriend in the past. Real racists don't have anything to do with who they hate. They wont even be in the same room.He loves all Americans and this is all made up by the evil MSM,1,cyberbullying,,
"@Jess_da_mess_ I BET YOU DONT HAVE A GED OR H.S.D,YOU SOUTH NIGGERS IS DUMB AS FUCK",1,cyberbullying,,
"â€œ@tayyoung_: FUCK OBAMA, dumb ass niggerâ€ù https://twitter.com/_MrTweetThat/status/266050413814505472/photo/1",1,cyberbullying,,
"SAY NIGGER. When idubbbz fucks up another stupid, lying, hypocritical dumb youtuber and exposes them. Lets see a #riptana",1,cyberbullying,,
"Everyday dis week, its been gay dis and gay dat and all I can picture is white people saying ""Nigger this and nigger that."" All of yall are some hateful and disgusting souls and it shows but I can't blame anyone but the parents and the black cult based society that raised yall",1,cyberbullying,,
"@EyeCandyBihhh: â€œ@tayyoung_: FUCK OBAMA, dumb ass niggerâ€ù...But he won tho that's why YOU MAD..LMAO!!!! Lmaoo mad much #teamObama !!!!!!!",1,cyberbullying,,
"â€œ@tayyoung_: FUCK OBAMA, dumb ass niggerâ€ù you playing right ?",1,cyberbullying,,
"black people ""niggers."" This is absolutely disgusting and twitter should NOT be used for this type of behavior. If you all get a chance,",1,cyberbullying,,
"Suck some nigger dick becky â€œ@tayyoung_ FUCK OBAMA, dumb ass niggerâ€ù",1,cyberbullying,,
"The FBI doesnâ€™t care about colored people, why u think they all white like every other government agency? Iâ€™m sorry about this and even more sorry that people have no idea how real of an issue racism truly is in America :( I hope you can find peace soon sis",1,cyberbullying,,
"@tayyoung_: FUCK OBAMA, dumb ass nigger biiiiiitch. All my fellow black followers, check this out.",1,cyberbullying,,
first impression: i rlly like ur vibes your nickname in my head: frankie do i like you: yes!! you are my: one of my moots what color do you remind me of: beige ahaha should you post this too: if u want! :),1,cyberbullying,,
` some niggers is real dumb they buy cars and trucks ` cause a bxtch look good in she know how to fuck .,1,cyberbullying,,
black parade tease and anything beyonka has realesed in the past YEARS LFMAOO gurl bye,1,cyberbullying,,
"He didn't see all those white protestor would grabbed him first and began to beat the shit out of him. Racist white people seem to have what's called ""Negro ONLY Focus."" https://twitter.com/creolequeenb/status/1265901511768338433/video/1",1,cyberbullying,,
The fuck is this nigger shit!? -grant HAHAHAHAHAHAHA ITS MARTIN YOU DUMB ASS!!! pic.twitter.com/oel8V0wOHP,1,cyberbullying,,
"Not implying anything. Iâ€™m looking for you to explain what psychological effect, the USâ€™s racist past has had on whites. In general and in relation to Black people.",1,cyberbullying,,
"@tayyoung_: FUCK OBAMA, dumb ass nigger Bitch stand the fuck down!",1,cyberbullying,,
YOU DUMB ASS NIGGERS GO HANG JUST LIKE YA ANCESTORS DID AND ITS ONLY YOUR FAULT FUCK YALLâ€? https://www.instagram.com/p/BHcPadBAzgl/,1,cyberbullying,,
"Okay so my notifications load buttttt my tl don't.... The fuck twitter, fuck you stipid ass app, fuck the dumb nigger that created this shit",1,cyberbullying,,
"@SuarezTurns @castnosh4Nathan says the Somalian..... As in Somalia in Africa? You are dumb as fuck, you're as much of a nigger as I am",1,cyberbullying,,
"Let me repeat it: â€œ Any black person who is a Trump supporter is either dumb, fucked, blond white washed attention seeking nigger bitch and ainâ€™t black enough to recognize the damage of racism, white privileged, etc.â€ù Shut the fuck up. You aint got an opinion. Just a sellout.",1,cyberbullying,,
@Nigger_Bear lol. People are dumb as fuck! Lol. But yea text me.,1,cyberbullying,,
"Haha, fuck yeah dumb cunt fuck. RT ""@AFucktoy: Drown me in nigger cum https://twitter.com/AFucktoy/status/517838073476820992/photo/1""",1,cyberbullying,,
Nigger just took it tooooo far by calling me a dumb ass. Fuck you @IM_TUPAC.,1,cyberbullying,,
"CJ gotta be thinking ""the fuck is these dumb niggers talking bout"" I assumed CJ pronounces it with the ER",1,cyberbullying,,
How stupid do you have to be to fuck up your career during a VIRTUAL RACE?! You fucking idiot. You deserve whatever damage is done to you for being so fucking dumb. ITâ€™S NOT HARD FOLKS! JUST DONâ€™T SAY â€œNIGGERâ€ù IF YOU ARE WHITE!!!!! Jesus Christ why is this so hard? Fuck!,1,cyberbullying,,
"â€œThe so called Negro organizations and leaders should be given great credit for their failure or refusal to let the white man divide them and use them, one against each other, during this crisis.â€ù ~ Malcolm X",1,cyberbullying,,
@RealKevinNash they used to stand for something but they fuel racism more than anyone! Isnt zimmerman colored? Stay inside during bcr dont u,1,cyberbullying,,
Niggas is really thirsty...a bitch will call you a NIGGER on twitter and somehow yall get hard and say she want the d...yall some dumb fucks,1,cyberbullying,,
@Usher fuck me dumb nigger,1,cyberbullying,,
"Because your people also created these words called nigger and also negro so anytime anyone from white descent who has not lived through what a black person has lived through says the n word , we know theres a double meaning behind it it's actually not that hard to understand",1,cyberbullying,,
Fuck these dumb fucking rockstar and psn niggers,1,cyberbullying,,
Kirk what does him being a veteran have anything to do with the black experience/my experience being black at barstool the past few days? Did you just want to throw that in there so Iâ€™d show him more respect? Tell him I said thank you for his service but I donâ€™t need his advice.,1,cyberbullying,,
first impression: Just met you now unless you changed ur name your nickname in my head: idk closeness ratings [1-10]: ??? do i like you: as a human you are my: idk ever had a crush on you: no should you post this too: sure one random thought: hi,1,cyberbullying,,
"Yeah that's basically what I said on Fb like... Dude is younger than us... And everyone's RAWR XD phase was mixed with rampant self hate and racist commentary like.. This is back when every black ops 2 room said ""die you stupid faggot nigger"" every 5 mins. It was disgusting tbh",1,cyberbullying,,
weâ€™re black people called niggers bc negro is black in spanish and they were called black bc of there darker skin? yes. like raven please leave your point isnâ€™t valid. white people cracked there whips on slaves and weâ€™re called crackas.,1,cyberbullying,,
"The othernight they BBC2 broadcast a movie called, I'm not your negro...the N word used throughout. I hardly slept that night because of the burden of my white privilege",1,cyberbullying,,
"keep em comin! RT @tayyoung_: FUCK OBAMA, dumb ass nigger",1,cyberbullying,,
Bro you really don't wanna get knocked the fuck out do you...you dumb nigger.....that's what I thought! #stupidniggers #coons #southenpride,1,cyberbullying,,
Because itâ€™s portrayed that money goes to black communities. And it doesnâ€™t. Yâ€™all really think Biden is gonna fight for you? Heâ€™ll say anything to get in office. Have you not see past quotes from him?,1,cyberbullying,,
"The post was like ""White: no colored ppl here Black: u guys r red when angry, green when sick and purple when ded, y'all are the colored ones fuck you Like this post if, like me, you think racism sux """,1,cyberbullying,,
Fuck obama! Thanx for the tax increase asshole. Glad i didnt vote for that dumb nigger!,1,cyberbullying,,
@brittd1178: Everybody get out and vote so we can get this nigger out of office! wtf dumb ass bitch fuck romney hoe,1,cyberbullying,,
"Vele Lol @Djranx Khaba lenja!RT @BosSsDj:Me and the crew just caught a nigger tryna jack a car and gave him a beating at rosebank,Dumb Fuck!",1,cyberbullying,,
Making banners Like these The first person to comment will get one BUT You must tell what you want and tell the personâ€™s name you want them to be on ur banner . . My inglish bed souprry,1,cyberbullying,,
"What a cunt. RT @Mouf_of_dasouth: Your dumb pale white ass RT @tayyoung_: FUCK OBAMA, dumb ass nigger",1,cyberbullying,,
I believe the niggas at work tryn see who can fuck first but the gag is...I got a boyfriend you stupid dumb niggers,1,cyberbullying,,
The word nigger &lt;&lt;&lt; like it seriously pisses me the fuck ff. It's so fucking ignorant. Idc if you're playing or not it's fucking dumb.,1,cyberbullying,,
"Democrat inspired and influenced whoredom. I hold these young people responsible for their bad behavior, but I hold white liberal dems and their puppet negros (as Malcolm X called them) even more responsible for creating this environment and problem for 60 plus years now.",1,cyberbullying,,
"Niggers fuck with dumb girls because where thereâ€™s no intellect , no effort is needed. One date ko Chicken Licken and Iâ€™m in inside",1,cyberbullying,,
@BGConOxygen @ValentinaAmour BE FRIENDS WITH SOMEONE THAT CALLED YOU A NIGGER LOL VALENTINA IS DUMB AS FUCK... WITH THAT NAPPY ASS HAIR,1,cyberbullying,,
"DUMB BITCH. ""@__chelssss: Fuck you. ""@goshawty123: barack obama is a faggot &amp; nigger. real men HATE gays .""""",1,cyberbullying,,
"Bet that nigger still gone sleep in the white house 2nite. â€œ@tayyoung_: FUCK OBAMA, dumb ass niggerâ€ù",1,cyberbullying,,
"Haha. My mission is completed. I have angered a bunch of fags,niggers and rajjies by posting semi-offensive replies.I now have complete satisfaction in life.I, as a troll, don't have any regrets.I don't even feel bad.And fuck this guy lol @suburbiiaboy and his dumb little pals",1,cyberbullying,,
@AntiBlackPeople: I'm hungry :-/ one you black slave nigger bitches should make me toast or something!? You're fucking disgusting...,1,cyberbullying,,
Dude..first of all he has no obligation..also..can't u read? It literally says he donated..what about ur very Indian stars sitting right here...not a single one spoke about it..this is why u don't deserve anything,1,cyberbullying,,
"#spam-â€œ@tayyoung_: FUCK OBAMA, dumb ass niggerâ€ù",1,cyberbullying,,
The president got re elected and you dumb ass niggers worrying about weed. And you wonder why I wanted Romney to win. Fuck life.,1,cyberbullying,,
"â€œ@RedheadEliza: You should consider lip injection. RT @tayyoung_: FUCK OBAMA, dumb ass niggerâ€ù and better make-up",1,cyberbullying,,
It's the inertia of our viciously racist past. It's our system. There's nothing else it could be. We're know for a fact it's not anything different about black people.,1,cyberbullying,,
"@black_baymax8, @ashleyisdashing, and I break down the past weeks Dynamite and cover the Sengoku Lord while discussing our mutual love for classic Christopher Daniels and LAX. If you also ever need anything related to wrestling graphics and art, you now know who to hit up.",1,cyberbullying,,
"fuck you, youre a dumb nigger. Youve always been a shit host anyways. God fucking damn im only friends with you so I can use you.",1,cyberbullying,,
"I wish i could spit in your face u stinky bitch your mom shouldve kill your ass when u was born RT @tayyoung_: FUCK OBAMA, dumb ass nigger",1,cyberbullying,,
"Colonial newspapers contributed to the perpetuation of slavery. Advertised 250 years ago today: ""RUN away, a NEGRO MAN named BILLY ... generally called White hand Billy, from a burn on his hand."" (South-Carolina &amp; American General Gazette 4/27/1770)",1,cyberbullying,,
"@therealbanner racism is hate, ur simly wording things in a manner in which it lends to your point... u don gotta be colored..thas #ignorant",1,cyberbullying,,
Ayeeee my racist grandparents refused to hang out photos in their house and proceeded to hang all my white cousins photos up - lovingly called us their â€œnegrosâ€ù,1,cyberbullying,,
"Stop calling me a nigger â€” God I call everyone a nigger, niglet, dumb fuck. Hahah you get used to it http://ask.fm/a/9o11mol1",1,cyberbullying,,
"I the sims but the community is so fucking annoying, ""EA fix ur game these bugs make it unplayable i want a FARMING PACK"" ok first of all those bugs are probably one of the 80,000 mods you have that's been outdated since last yr and ur trying to run the game on a chromebook so",1,cyberbullying,,
Watch yo mouth ...butt-fuck RT @Rapmonster: niggers are fucking dumb,1,cyberbullying,,
"Marc Lamount Hill and other so called educated Negros give Candice Owens a platform to sprew white supremacst nonsense as an alternative opinion, when its nothing but BULLSHIT!",1,cyberbullying,,
"RT @GbaGaunDeteCtor: RT @boycottdbanj: @ChyyChy fuck you coon.WE CALL ppl like u ""nigger"" with ur niggerish behaviour u dumb piece of cow du",1,cyberbullying,,
"Just had to call 911 on this dumb mother fucker! Hahaha oh I should've just beat his ass! Oh and I heard your ""Fuck you Nigger"" comment.",1,cyberbullying,,
RT @Rapmonster: bitch.. fuck black power.. dumb ass niggers. #throwdatindabag...wow really,1,cyberbullying,,
@Ant_Dgk fuck that fucking nigger! This guy acts all cool and fucks all these dumb spics. Gentuza de jugador y persona. Go bak 2 The jungle,1,cyberbullying,,
"I dnt fuck with dumb niggers, never have n will never do.",1,cyberbullying,,
"Silly bitch RT @datdamnTWILL: You mad or naw? RT @tayyoung_: FUCK OBAMA, dumb ass nigger",1,cyberbullying,,
"@XoBrittBritt Yeah, it's pretty disgusting. People are like, ""Fucking niggers."" CORRECTION. NOT ALL black people do this kind of shit. :/",1,cyberbullying,,
Who the fuck would light a match bomb in their mouth....nigger be doin sum real dumb shit,1,cyberbullying,,
@CamDaTerrorist bitch don't get a attitude with me because you dumb as fuck nigger,1,cyberbullying,,
@crystalyn49 it's disgusting that ur white and questioning a black person's claims of being called nigger the person who spat was arrested,1,cyberbullying,,
Must be American RT @futurem0gul: Pissed the fuck off this dumb nigger get in my car with mad mud on his fucking shoes,1,cyberbullying,,
I hate doing lab write ups. Dumb ass science bullshit.. fuck your labs nigger. îê?,1,cyberbullying,,
Really? White folks are dumb as Fuck. Something dat I looked forward to doing as a kid of 7 yrs. Finally did at the age of 12. Grandfather's av done it as way back and 30yrs ago. That's how theysl said mungo park discovered river Niger. Nonsense.,1,cyberbullying,,
"So where was Biden fighting systematic racism for the past 40 years while he was a senator? Oh yeah, he never did ANYTHING to help black people or LGBTQ people. In fact he passed laws AGAINST black and LGBTQ people! YOU HAD FORTY YEARS, JOE. #4thofJuly2020 #4thofJuly",1,cyberbullying,,
"#UWG attack!!!!! RT @tayyoung_: FUCK OBAMA, dumb ass nigger",1,cyberbullying,,
@300REZ fuck you dumb nigger get yo uncle ass crumbs out ya mouth,1,cyberbullying,,
I can't remember but you're right. These are the buffer negros who speak white talking points for the white people who fear saying it in case they get called racist. TapCandace Owens is another one.,1,cyberbullying,,
"LMAOOOOOOO RT @FatMackington CJ gotta be thinking ""the fuck is these dumb niggers talking bout"" I assumed CJ pronounces it with the ER",1,cyberbullying,,
@TIMERBX @C0LDFRONTRBLX yo TIMERBX shut the fuck up you stupid nigger you trying to act like a bad ass but u a pussy Lil fuckboi dumb bitch,1,cyberbullying,,
Racism? Misogyny? Take your pick - Salon: The story started out as an outrageous incident of campus violence: Ea.. http://buzzup.com/cwj2,1,cyberbullying,,
@MLG_ZooTeD you need it to camp and sound whore because you have no map awareness dumb broke smelly fuck up nigger lying piece of shit lol,1,cyberbullying,,
@V3nomResurge damn nigger where the fuck did you come from did you crawl out of there ass just to talk shit?!? Stfu and mind ur own dumb ass,1,cyberbullying,,
"RT @devynexoxo: lololololol. how cute. #4MoreYearsBITCH RT ""@tayyoung_: FUCK OBAMA, dumb ass nigger""",1,cyberbullying,,
"Get off ur ego trip, take off ur rose colored glasses &amp; get real! Uâ€™ll be lucky if ur in office next year! Ppl r fed up with ur lies, bullying, cheating on us &amp; Melania, immaturity, inability 2 work a full day, ur bone spurs, bigotry &amp; racism! We r tired of U! Impeach 45!",1,cyberbullying,,
"It's a strange incident. ""Casual racism"" is accepting using ""nigger"" as a harmless joke. I'm guessing you don't think you're racist either.",1,cyberbullying,,
"â€œ@STOPFLEXIN: :( ""@tayyoung_: FUCK OBAMA, dumb ass nigger""â€ùthe FUCKERY !",1,cyberbullying,,
OMG!!!!!!!! SOMEONE NEEDS TO KILL THIS NIGGER!!!!!! AND PLEASE LYNCH SOULJAH DUMB FUCK FOR THIS SHIT PLEASE!!! http://tinyurl.com/2esa8p9,1,cyberbullying,,
@CHEEEKABOO LOL I don't give a fuck you dumb bitch your In my twitter home line now go suck a big dick you nigger digger,1,cyberbullying,,
hahah RT @HLSmall: really? really? racism from other races just isn't enough? RT: @JayFrogs That's cause u high yellow u ain't colored lol,1,cyberbullying,,
@50cent is so fuckin disgusting. y da fuck duz he even has @justinbieber's name on his page? gross ass nigger(i can say it cuz im black too),1,cyberbullying,,
Nigger u aint blunt shit.....Ur ass Dumb as fuck.....Yea Catch ur damn SUB while its smoking hot.....Shiiiii :'(,1,cyberbullying,,
@JeffreeStar Your performative activism is disgusting. How can you sit there in your mansion and discuss Breonna Taylor and black trans lives where you canâ€™t even address the disgusting racist comments you have said to black people. Youâ€™ve called us monkeys and Niggers. Fuck you.,1,cyberbullying,,
"â€œ@tayyoung_: FUCK OBAMA, dumb ass niggerâ€ù Is she serious",1,cyberbullying,,
This opinion actually written by two BP. Warren had no interest in black lives before she ran for prez. None of them can show anything in her past but current plans. Why didn't she show any interest earlier?,1,cyberbullying,,
you been defending an old white man who called a Black person a negro........,1,cyberbullying,,
"@ToddJoh04294605 Negros have lost There minds They think They can go around and do And Say whatever They Want, Hell No I did not own Slaves nor Profited Off these Ghetto Scum !!! And they did not Build Crap In This Country !!! 100 million So called White people Don't OWE you",1,cyberbullying,,
Thus white man Called me a negro Today thought I would be mad but it made me laugh,1,cyberbullying,,
Probably hired by Trump to run. Will possibly take young and black vote from Biden so that Trump can win...... I dont put anything past him.,1,cyberbullying,,
Those bleached out monkeys! make me sick. fucking niggers! HATE black people who bleach. you dumb fucks!,1,cyberbullying,,
"well of course he was kind to you, you are white, he called President Obama, the Black Magic Negro and about one million other racist, sexist, and horrible things.. but yay he was nice to you when you were young...",1,cyberbullying,,
â€œ@OldEngliiish: Hi nigger ... fuck ya life &amp; ya Bestfriend #bars #freethisdick... â€” Lmfao you dumb ahaha http://ask.fm/a/50341440â€ù,1,cyberbullying,,
"A guy on Grindr asked for nudes, and when I refused to send them he told me he hoped the police would shoot me up for being a â€œblack ass disgusting niggerâ€ù",1,cyberbullying,,
IVE HAD UR FIRST ONE SAVED SINCE FOREVRR,1,cyberbullying,,
"Everyones A ""Nigger"" Today According To @hexmurda!....How Can He Be Racist?.....THE NIGGA IS BLACK YOU DUMB FUCKS!.....lol",1,cyberbullying,,
"RT @boycottdbanj: @ChyyChy fuck you coon.WE CALL ppl like u ""nigger"" with ur niggerish behaviour u dumb piece of cow dung. fuck ur momma",1,cyberbullying,,
"Aha This Bitch Said ""FUCK OBAMA, dumb ass nigger"" Is It That Serious? Aha",1,cyberbullying,,
The 95% that didnt vote have reclassified themselves back as NIGGERS. Happy tap dancing you dumb fucks. &lt;SOSINCERE ENT&gt;,1,cyberbullying,,
ohhhhh dhjdfhsk i have no idea mayb like ur first inital and then one of the words? like s.blueprint? maybe add a number at the end? hfdskjjhsj,1,cyberbullying,,
U dumb nigger smh RT @NegroRalph: Stop going in raw u nasty fk RT @tattooedMIMI: Oh fuck ! I start my birth control pill today -____-,1,cyberbullying,,
You fuck around and say some dumb shit and offend someone a nigger calls you out on a combat battle and just like that you dead,1,cyberbullying,,
RT @KiKioraa: Niggas hate when you do them how they do you !,1,cyberbullying,,
so at first i thought this is me trying would be one of my favs and now itâ€™s like bottom 5 and this is why u should never rate tracks until at least ur 20th listen,1,cyberbullying,,
"You deluded?RT @KheyTeeKat: Lady Gaga said that Jesus is the new black. So, she was basically calling Jesus a NIGGER!!! She's disgusting!!!!",1,cyberbullying,,
"@BenzCOOP: â€œ@Shelly_Smyth: ROMNEY WON THE DEBATE! Poor niggers are so pressed right now!â€ù Fuck you, you dumb ass stupid bitch",1,cyberbullying,,
* Tears* RT @Joe_Schmucc: your mom would let them all fuck RT @Tjones3221: Seahawks are a bunch of dumb niggers,1,cyberbullying,,
WTF I hate film niggers... Thinking about everything....delete my number dumb nigger bkus your cut off get out of my fukn face dumb fuck!!!,1,cyberbullying,,
"Black people arenâ€™t necessarily racist against white people. Any prejudice or dislike from what Iâ€™ve seen is more like a PTSD or trauma situation than anything, based on past experiences. But Iâ€™ve seen white people hate black people just because.",1,cyberbullying,,
@pure_kkoke @worm_ghostin Im half black u dumb fuck so ur racist comments r insulting me to dont call him a nigger u ignorant immature kid,1,cyberbullying,,
first of all ur writing is so nice i want it and second u chose the saddest one hdjsjsjs yes,1,cyberbullying,,
The way they are the first one who came to ur mind,1,cyberbullying,,
"â€œ@tayyoung_: FUCK OBAMA, dumb ass niggerâ€ù hahahaha you mad #2Termsssssss #OBAMA",1,cyberbullying,,
"And his dumb ass - blind, deaf and dumb family hugged the bitch! This is why the world has no respect for us as a people! That Christianity got these niggers all the way FUCK UP MENTALLY!!!",1,cyberbullying,,
"Anonymous said: Look at this filthy nigger, smh. And ya, I am white btw you dumb fuck. https://tmblr.co/ZDx3jx2GhyjdQ",1,cyberbullying,,
"People who call other people ""niggers"" are dumb fucks. Burn in fucking hell",1,cyberbullying,,
"Since all the white people can't say it I'll just say it for them. *clears voice* Haha fuck all u dumb niggers, we win again. #whitepower",1,cyberbullying,,
my best friend (black) but she refuses to listen to anything past like 2015-2017,1,cyberbullying,,
"Def RETARDED RT""@TamedLady: NOT A QUESTION! U ARE MAD! ""@BiteTheseTweets: YOU MAD ? RT @Colton_Zappe: Fuck that dumb nigger Obama""""",1,cyberbullying,,
"And for all the #Romney supporters calling #Obama a ""nigger"" .. he's also half white you dumb fucks .",1,cyberbullying,,
Racism is when u select your White clothes to wash first before the Black Colored ones... Don't be a racist! Wash them all together *lmao,1,cyberbullying,,
"No this bitch didnt, KILL YOSELF HOE DEAL WIT IT BITCH! #FOH RT @tayyoung_: FUCK OBAMA, dumb ass nigger",1,cyberbullying,,
i want to crochet something for my yia-yia but she's refused to wear anything besides black or grey for the past 8 yrs and im having a hard time deciding on colors shfghsghfghm,1,cyberbullying,,
horrific past. WE should all live in the future and stop this poor my race is the only one that matters. MY heart aches for what many went through and have you ever done anything about Chicago this weekend 67 shot 13 killed and Black abortions? NO you only rant on TWit and knee?,1,cyberbullying,,
Have not seen a white girl/boy act as dumb or hateful as a nigger or beaner since election...but fuck white people we are racists!,1,cyberbullying,,
"@tayyoung_: FUCK OBAMA, dumb ass nigger Â«Â«Â«Â«Â«Dumb ass broad",1,cyberbullying,,
"â€œ@NadiaDawg: â€œ@tayyoung_: FUCK OBAMA, dumb ass niggerâ€ù let's get on this bitch real quickâ€ù",1,cyberbullying,,
@StutteringGiant Wasn't directed at you ugly nigga,1,cyberbullying,,
Who's this dumb ass fool called 'Alley Boy'. Going around dissing @Tip and young jezzy. fuck that nigger,1,cyberbullying,,
These the same weirdos who act biased/racist towards black ppl but when some one says â€œspeak English !!â€ù Itâ€™s a â€˜wrapâ€™ Fuck u and fuck the white man who implemented racism among colored folk . Yâ€™all parasites,1,cyberbullying,,
Yooo ok â€œnigger means cockyâ€ù like da fuck so we dumb AND rascist,1,cyberbullying,,
which ever retard had this account forgot 2FA dumb ass nigga fuck niggers,1,cyberbullying,,
I keep seeing black people tweeting and referring to themselves/all of us as niggers as a joke. This is disgusting.,1,cyberbullying,,
"He's had such a privileged upbringing is laughable! He doesn't represent the hardworking Black UK people only his public image, ego and selfishness! I haven't seen him do anything in the past that's lifted up young Black people! The bandwagon passes and the celebrity jumps on",1,cyberbullying,,
"@tayyoung_: FUCK OBAMA, dumb ass nigger wooooooow",1,cyberbullying,,
Fuck dumb niggers and there stupid ass driving..wtf dudeski,1,cyberbullying,,
"@tayyoung_: FUCK OBAMA, dumb ass nigger mad as shit bitch Ctfu îê’îê‘îê’îê‘",1,cyberbullying,,
"Favre tells the headcoach 2 fuck himself headlines read ""who really runs the Vikings""? Let T.O. Do that dumb shit. He's a crazy.......nigger",1,cyberbullying,,
"Can you explain to everyone the history of when and why the term ""negro"", which was used widely by everyone until not that long ago, is so offensive.And why is it OK for blacks to force everyone to listen to the N word all day every day. I'm white and get called N-word by blacks.",1,cyberbullying,,
"fuck #kayne, he's a dumb fucking nigger and i think it's ironic that the only people ok with what he did are niggers too!! fuck niggers!",1,cyberbullying,,
"(Acts 29:29923) (of God) is of (which means, ""originates from, stems from, is appreciative to) the (divine dark skinned ""Golden"" Negro Hebrew) Jews (of God's people), see St John 4:22, and also to those of the white species Nephilim creature people called ""TARES"" of Satan by God",1,cyberbullying,,
The guys are fucked up they all go to verdun to go play ball while bgc's gym is waaaay nicer and bigger dumb ass niggers fuck the gym empty,1,cyberbullying,,
Going to ride wid my chopper friend dem!! Fuck u broke niggers an dumb bitchs skrr skrr u c me onda blocka!!,1,cyberbullying,,
DRINK CUM AND EAT POOP YOU BITCH ASS FAGGOT FUCKING NIGGER WHITE POWER DUMB NIGGERS WHITE POWER RULES OVER YOU ALL BOW THE FUCK DOWN,1,cyberbullying,,
"Shut the fuck up, Red, you dumb nigger.",1,cyberbullying,,
"RT @tayyoung_ FUCK OBAMA, dumb ass nigger &lt;&lt;&lt;&lt;She mad llf. #4MoreYears",1,cyberbullying,,
@Blind_Brian Haha Holy fuck. You're a dumb nigger. You would see me at the arcade hoops game.,1,cyberbullying,,
Fuck these dumb niggers in here,1,cyberbullying,,
The pure hatred some of you niggers have for black women is disgusting. Like truly seek help.,1,cyberbullying,,
Did you ever had a friend that say's doo you want a cheese burger whit cheese.somtimes he's a dumb fuck butt stil my nigger,1,cyberbullying,,
The black lady is freaking out cuz she's prego by a guy who wears a cupcake belt n think his gay what the fuck dumb nigger lady,1,cyberbullying,,
Fuck a nigger with a nigger that fucks with dumb broke niggas #broke#niggers#stay#broke#don't#fuck#with#emm,1,cyberbullying,,
"Disgusting ""@Shelly_Smyth: I hope nigger Obama loses the election and Romney puts all the black people in concentration camps :).""",1,cyberbullying,,
This FAT UGLY FLAT FACE RACIST BITCH is dumb as fuck!!! â€œ@brittd1178: Everybody get out and vote so we can get this nigger out of office!â€ù,1,cyberbullying,,
"@AntiDARKSKINNED: Don't start with that I'm brown"" bullshit. You are black, you are a nigger. You are filthy &amp; disgusting.""&lt;#isthisthelife",1,cyberbullying,,
"I think feeling is one of ur first senses to go when ur IQ goes sub 70,so u won't get an honest answer",1,cyberbullying,,
There always some dumb brain washed NIGGER tryna fuck with a black man tryna make a change for blacks .... Stupid niggers man,1,cyberbullying,,
Niggers crying over a dead Pakistan kid doing better then them letâ€™s blame it on fake crow Jim dumb crack lies so fat old niggers can pretend to be white trash look at me Iâ€™m working like a big boy and girl still fuck up because the black community is full of bums baked crumbs,1,cyberbullying,,
#NOMBRE?,1,cyberbullying,,
nah it really is iâ€™m crying. my grandpa had dementia at the end of his life and he was pretty just...chill. my sister was at a facility with an old white dude w/ dementia and he called her colored and negro and the asian nurses ori*ntals like?!,1,cyberbullying,,
WHO THE FUCK THROWS 3-0 IN DIRT DUMB FUCKING PRCK NIGGER,1,cyberbullying,,
"Im not complaining, but do the Black men who apply for this show do anything outside of Education?? The past 3 seasons theyve all been in that field #MarriedAtFirstSight #MAFS",1,cyberbullying,,
Ah man i gotta watch #DateMyFamily once again that nigger was dumb as fuck what did he mean when he said ive paid for the dinner date lmao,1,cyberbullying,,
"@youngodaine: Oh,my wrk cloths.!!!!! shut the fuck up u dumb ass nigger",1,cyberbullying,,
@SetSenses Fuck off you dumb cunt nigger,1,cyberbullying,,
FUCK THIS PIECE OF SHIT OBS DUMB NIGGER TWITCHALERTS!,1,cyberbullying,,
"â€œ@tayyoung_: FUCK OBAMA, dumb ass niggerâ€ùOn God ??!",1,cyberbullying,,
fuck jalen rose. they were too stupid to go to duke. thats why webber called time out. he is your typical dumb nigger that can only jump.,1,cyberbullying,,
"Racism in this country is what's driving us all nuts. Aged, young, colored, etc. doesn't matter. U just don't embrace his progressive agenda on Medicare For All, depleting PAC system, etc. Get onboard 100% with us, and you'll be a winner, too. :)",1,cyberbullying,,
Im Bout to Listen To Some White Music Fuck All That Dumb Nigger Music lol,1,cyberbullying,,
1. Racism is REAL u would know your shit president uses dog whistles to have pussy ass white people like u THINK this dumb shit. 2. No one wants your miserable money white bitch the real message is understanding people of colored time and time again are robbed by your privilege,1,cyberbullying,,
@StarWarsFagg0t You = Nigger = dumb fuck cause i already knew that,1,cyberbullying,,
Fuck Fuck georgegambnino georgegambnino Nigeria Nigger world assbole Baltimore's Nigeria Nigger world Assholes Jamaica Nigeria Nigger world Assholes Miami Nigeria Nigger world Assholes NYC Nigeria Nigger world Assholes Gh Nigeria Nigger world Assholes S. Afr No Flags bitch dumb pic.twitter.com/woGBxjjT5r,1,cyberbullying,,
"Â«@QUANNA_SAN â€œ@tayyoung_: FUCK OBAMA, dumb ass niggerâ€ù you mad ? STAY MADÂ» -_- Oh my gosh #smh",1,cyberbullying,,
"â€œ@tonayrozay: Lmaooo this girl is kneedeep in deep shit RT @nisstrilla: Seee me.RT @tayyoung_: FUCK OBAMA, dumb ass niggerâ€ù",1,cyberbullying,,
Screw you. I'm a custodian and making a will soon cause having to be around 2000 teenagers a day and be the first and only line of defense. No money on ppe more cleaners or even a game plan. Easy to judge when ur not the one putting health on the line. Everywhere else has strict,1,cyberbullying,,
Dumb tight right now lil nigger tim just sold me a half bag of haze and I lost a 50 dollar bill. Fuck my life,1,cyberbullying,,
"â€œ@WhosIt_: 4 more years!!!! Lmaoooooo RT @Yung_Trezzy â€œ@tayyoung_: FUCK OBAMA, dumb ass niggerâ€ùyour on suicide watch â€ù",1,cyberbullying,,
"Let the law do their diligence. You morons! To those sticking your nose in on the #ClarissaCrawley incident U are a problem. Reckless statements, starting rumours, irresponsible. Racism at its worst. #Dartmouth youâ€™re either helping or hurting, pick a side.",1,cyberbullying,,
"Somalis should only date/marry other Somalis, being with ajnabis even if theyâ€™re black is disgusting and should be banned. Havi... â€” ok nigger https://curiouscat.me/delashereen/post/343103885?1520732662",1,cyberbullying,,
"It's right up there with the thinking that ""A Charlie Brown's Thanksgiving"" has racist over tones. because the colored child sat by himself @the table. If U read about Charles Schultz.they would see that Schultz WANTED 2 add the character but was afraid to because of racism.",1,cyberbullying,,
#FF....@Gday_May10 like fuck yah dumb broad who don't have this Madison smoove nigger on your timeline like..do something smart and follow,1,cyberbullying,,
Might pull up wit yo bitch just to make these niggas sick,1,cyberbullying,,
"This is way past George Floyd. Everyone is agreement that Floyd was preventable &amp; was tragic. But Democrat approved groups; Black Lives Matter &amp; Antifa are criminals. Pelosi loves them &amp; won't say anything bad about them even though children, teens, W &amp; B are getting killed",1,cyberbullying,,
"FUCK YOU DUMB ASS CRACKER RT @tayyoung_: FUCK OBAMA, dumb ass nigger",1,cyberbullying,,
â€œMillennials just donâ€™t know...â€ù - nigga who 29. Shut the fuck up dumb ass nigger. pic.twitter.com/KnBLkkNaCZ,1,cyberbullying,,
Well youâ€™re nice. Point is that Joey Negro is a white man called Dave and he is rightly being called out for his offensive name. Enjoy your evening and maybe do some reading.,1,cyberbullying,,
she should go suck dick to some nigger porn! Fucking disgusting bitch. Sucking black dick for $50 worth of coke. -aunt Denise,1,cyberbullying,,
@LilKimStepChild how the fuck is a nigger gonna live in a rich city and not be a celebrity. Bye dumb ass,1,cyberbullying,,
â€œ@AustinJohnson71: Oh wait I forgot all you niggers are dumb as fuckâ€ù,1,cyberbullying,,
@BreakObama: @flyy_shvtt Trayvon deserved what he got. Punk Niggers best wise up and start acting right. Yoo Wtf fuck you dumb Crackers,1,cyberbullying,,
Never said brits mate thatâ€™s you saying it & Dont say we when two white boys called my nigger at work this week and people are tweeting about Tyson dethroning negros. If it doesnâ€™t apply to you then and keep scrolling.,1,cyberbullying,,
"A black person who sells out and kisses up to racist white people, especially those who defend racist white people against blacks; an Uncle Tom, what Malcolm X called a House Negro.",1,cyberbullying,,
"certain situations. Im grown and educated now & know the stories & history behind bigotry & racism. We are not jungle or woodland animals, colored or cotton-picking, savages, textbook niggers, thugs, sex objects or naturally violent criminals. If I know all this, why dont certain",1,cyberbullying,,
Really??? Ignorant RT @Colton_Zappe: Fuck that dumb nigger Obama,1,cyberbullying,,
"Fight RT ""@AYEE_CALEB: So you mad?? â€œ@tayyoung_: FUCK OBAMA, dumb ass niggerâ€ù""",1,cyberbullying,,
"RT @damncoons @LowKeyWooD listen nigger you heard wrong, you dumb spook. Nobody wants to fuck you dirty purple lip ... http://tmi.me/fDCYo",1,cyberbullying,,
"Eh, if it were up to me the focus would be more on events in Outworld than anything the Black Dragon's doing anyway. Besides, there are three Black Dragons in the game as is. Doesn't help that past-self and future-self muddies the waters in MK11, though.",1,cyberbullying,,
"Y'all see this though right!? RT -------> ""@tayyoung_: FUCK OBAMA, dumb ass nigger""",1,cyberbullying,,
"They only like black athletes.. not their opinion, culture, or anything else. Like so many white people have said in the past, ""Just shut up and play the game.""",1,cyberbullying,,
I hope u die u fuck n bitch ass faggit and ur rhymes r trash u dumb ass fucker just fuck n drop dead bitch nigger @Drake_YMCMB_,1,cyberbullying,,
@2nigger4u I'm an ugly nigger?? Look at your skin dumb fuck your the only nigger I see. You ugly as dog shit Bitch,1,cyberbullying,,
"Errtime we argue I keep realizing youâ€™re a dumb fuck , is there such thing as a factory fault human being Mara ?Have u ever in ur life heard that men are suffering cos they are factory faults ?Itâ€™s a joke nigger ,but single mothers ?O serious jo gore u see them as 1 thing ?",1,cyberbullying,,
@TheView Whoopi we black find nigger disgusting and offensive. You hide behind your money with that word. Watch Birth of A Nation.,1,cyberbullying,,
"Wade u dumb fuck, stop throwing up dumb shit. U coulda atleast tried something towards the rim. Nigger u aimed at the shot clock",1,cyberbullying,,
there is a festival called : el festival de blancos y negros there the black people white face and the white people black face,1,cyberbullying,,
"What tonight's outcome means: White people still consider black people ""niggers."" End. Of. Story. Disgusting place we live in.",1,cyberbullying,,
"4 more years!!!! Lmaoooooo RT @Yung_Trezzy â€œ@tayyoung_: FUCK OBAMA, dumb ass niggerâ€ùyour on suicide watch",1,cyberbullying,,
"I wish you didn't just completely disreguard what I said. I meant that he didn't see anything from black people, hence why he's saying that. And also, he didn't say that black people didn't bring up Shane's past behavior. He said that he only saw it from white people.",1,cyberbullying,,
"Black people not liking white people isn't racism, its cuz yall racist asfuk and we want NOTHING TO DO W U PASTY MAYO COLORED HOES",1,cyberbullying,,
"Did she really wow RT @tayyoung_: FUCK OBAMA, dumb ass nigger",1,cyberbullying,,
RT @notwiley: #letsbehonest no one gives a fuck about Haiti or the dumb niggers living there~~~~WWWOOOWWWWW,1,cyberbullying,,
nÃ©e /neÉª/ adjective Meaning: originally called grow /É¡rÉ™Ê?/ verb Meaning: become larger or greater over a period of time Now you see the white man called the black man Negro because the black man originally of growth can no longer grow.,1,cyberbullying,,
"BITCH KILL YOURSELF SLOWLY RT @tayyoung_: FUCK OBAMA, dumb ass nigger",1,cyberbullying,,
"LOL HERE U GO THINKIN U KNOW SHIT BUT U DONT KNOW ANYTHING. LMAO NIGGA WANNA BE RIGHT SO BAD. PLENTY PLACES OPEN PAST 10:30, U WRONG.",1,cyberbullying,,
Zeke the same one who served suspension AS USUAL FOR BLACKS IN THE NFL for a crime he didnâ€™t commit versus someone who Iâ€™m sure because I know youâ€™re white named Riley cooper who called blacks niggers is a standup guy too I highly suggest you shut the fuck up you dumb bitch,1,cyberbullying,,
"RT @tayyoung_ FUCK OBAMA, dumb ass nigger &lt;&lt; BITCH if you don't shut your fat ass up.",1,cyberbullying,,
Fuck you champ bailey I fucking hate you fucking dumb ass nigger,1,cyberbullying,,
"îê’îê’îê’ that ""dumb ass nigger"" is now YOUR PRESIDENT for 4 more years îê’îê’îê’îê‘îêêRT @tayyoung_: FUCK OBAMA, dumb ass nigger",1,cyberbullying,,
"The USA is my country, if the past month has taught me anything, it is that in times of emergency, the only person you can count on is you, so be prepared. My scary black gun has never harmed anyone, and likely never will. Si vis pacem, para bellum. Look it up.",1,cyberbullying,,
"Julias Malema and his EFF donated R12 Million to White Companies, the so called solidarity fund prioritise white companies first, not only that but it's also administered by Whites. So EFF domkops, stop calling us house negros when we associate ourselves with White companies.",1,cyberbullying,,
michael clifford from 5sos fuck you you dumb ass nigger i h8 you follow me . @Michael5SOS x455,1,cyberbullying,,
"Fuck you man,fuck you, dumb nigger",1,cyberbullying,,
my 7th period is full of dumb freshmen and niggers fuck my life.,1,cyberbullying,,
a cop just walked past the dudes slinging dope in the park without noticing anything but when a black man walk around em they all act suspicious,1,cyberbullying,,
Okay you dumb nigger turn your shit down were not in thw hood you dumb black fuck,1,cyberbullying,,
Your friends are all stupid niggers so how are they any help to you?! All they do is make you stupider you fucking dumb fuck,1,cyberbullying,,
Also I read ur first one wrong,1,cyberbullying,,
"On the daily that originated slave times. Being called a monkey, which relating to Negros Zoos back in slavery times. Black people are REMINDED daily that their ancestors were slaves, but white people can just push the idea away from them, because it doesnt economically 2/3",1,cyberbullying,,
"Last in this session is Anthony Pratcher (Brown U), talking about connection betw/ debt + racism in urban areas ""The Colored Metropolis: Racial Integration as a Quotient of Metropolitan Development"" #ESS2018 #digitalsoc",1,cyberbullying,,
@alexhahn_ DONT YOU TELL A NIGGER TO FUCK YOU SON OF A BITCH YOU DUMB ASS RETARD SUCK MY DICK FIRST AND THEN COME TALK TO ME MOTHER FUCKER!!,1,cyberbullying,,
Fuck every nigger who want me but can't have me ! Dumb suckers keep trying ! Haha,1,cyberbullying,,
Shut the fuck up you dumb nigger â€” Lmao! http://ask.fm/a/6hc12n56,1,cyberbullying,,
RT @myeeshaanna Guess thas why lil nigger kids be swagged the fuck out and dumb as dirt...more important shit in life than money,1,cyberbullying,,
"@MS_RENO disgusting, house niggers made the news. Navy Pier was a FAMILY scene until all the black teens start getting ignorant smh",1,cyberbullying,,
And fuck the dumb nigger that stole it.,1,cyberbullying,,
"But yâ€™all dumb assâ€™s still Stan he called my bestie a NIGGER #Facts fuck him, his roger from family guy face, his skeletor hands, his â€œgot something caught in my throatâ€ù voice heâ€™s as overrated as his Sue Sylvester Polyester track suits ...and heâ€™s too ugly to sell makeup",1,cyberbullying,,
Seems as tho he is lmaooo â€œ@OBEY_10x: You mad bro? â€œ@Colton_Zappe: Fuck that dumb nigger Obamaâ€ùâ€ù,1,cyberbullying,,
@PRAYINGFORHEAD keep RT stuff you dumb nigger! Kill ya self! Your adopted! Fuck my add till It bleeds! Stick your dick in my ear! Fuck it!!,1,cyberbullying,,
"â€œ@Will_LSUtrack: â€œ@tayyoung_: FUCK OBAMA, dumb ass niggerâ€ù shut up bitch before I bus driver uppercut your ass.. Ole fuck ass hoeâ€ù",1,cyberbullying,,
@MarkM447 @purowoookie @kingof_war_ nigger please social justice warrior is a dumb as fuck label,1,cyberbullying,,
"RT @tayyoung_: FUCK OBAMA, dumb ass nigger http://lockerz.com/s/259504920",1,cyberbullying,,
Please stop falling for tweets where some guy says outlandish shit like comparing being called incel to nigger. You really look dumb as fuck arguing with a guy who canâ€™t see the irony in saying â€œpeople are too sensitiveâ€ù while being whiny about everything just the same.,1,cyberbullying,,
@AlexGnap1: @FeelMyMusic_843 shut the fuck up you dumb nigger ur gonna be the one takin it deep bet yu wont talk shit bout RMG Or FYF tho!,1,cyberbullying,,
@MomsAgainstGam @ron_fournier @TheAtlantic that dumb nigger will do anything to distract from real issues. He don't give a fuck about gaming,1,cyberbullying,,
Fuck I'ma dumb ass nigger - just lit the cigarette the wrong way (-_-'),1,cyberbullying,,
@Ericjohnson111: @andrew_valeri22 @domcitriglia I'LL FUCK YOUR DICK UP DON'T THINK I WON'T YOU DUMB NIGGER,1,cyberbullying,,
â€œ@thispussyphat: If y'all Niggers in Ferguson don't Like the Laws Here than go back to Africa the fuck??â€ù Dumb ass bitches like her,1,cyberbullying,,
Did that happen cuz of XGP as ur postulating? Was Days Gone released unfinished and unpolished cuz of PSNow? What about the ton of other games w/ day one or first week patches? Did XGP cause those too?,1,cyberbullying,,
"@goshawty123 why wud yu go there since they got so many of us NIGGERS, yu dumb fuck",1,cyberbullying,,
â€œ@hailll_: @DJB504 dumb fuck!!â€ù Fuck you Trif life nigga dumb ass lickin cotton pickin skezza ass bitch!!! lol love ya nigger,1,cyberbullying,,
Black ppl will neva prosper w/this Light skin/ Dark Skin slander.. it's disgusting amd pointless.. To the masses we're all niggers anyway..,1,cyberbullying,,
"Youâ€™re not the first one iâ€™ve seen do it, but people are retreating to these minute and petty reasons to get him cancelled or question his character? What other intention do you think your tweet has? But if you genuinely enjoy discussing his cologne stench with ur friends go off!",1,cyberbullying,,
I mean if they knew anything about its past they certainly wouldn't be trying to accuse a type of performance popularized by Black people of being blackface.,1,cyberbullying,,
"@Ernesto_RS1 My niggas is savage, ruthless. We aint goin our classes, we droppin out school",1,cyberbullying,,
LEAVE ME WITH 13 HIBACHI TABLES? FUCK YOU DUMB ASS NIGGER,1,cyberbullying,,
"@Pacers ""To see our dumb niggers not giving a fuck is exactly what I want to see i wanna see less effort so our gay team will be sold"" Vogel",1,cyberbullying,,
"nahhhhh wtf don't say nigga/nigger if you ain't black whether its in a song or not you, have NO right saying that no matter the context. if you know the history behind it why tf say it. then have the fucking guts to say that saying black lives matter is disgusting wtf man",1,cyberbullying,,
Zak u sound dumb because he's the one who says the verse... So HOW THE FUCK YOU SOUND NIGGER . #DUMB,1,cyberbullying,,
@r8bbrt ryin seems chill and smart I apologized well tried to but he told me fuck off you dumb punk bitch ass nigger I didn't think he that,1,cyberbullying,,
RT @Rainmargi2: RT @franco244: @Rainmargi2 I'm Italian you dumb nigger bitch==&gt; Fuck You! &gt; c what im saying about the n word not necessary,1,cyberbullying,,
It was much better than you calling me a stupid fuck or a dumb nigger every two seconds. lol.,1,cyberbullying,,
"we have to deal w mfs like ya who use this disgusting word in your vocab all day , unknowing if any history behind it, usin it as a form of â€œbroâ€ù. But when it comes down to being racist and makin a black person feel some type of way, you call em a nigga,nigger, monkey,etc-",1,cyberbullying,,
Heâ€™s saying that the network was indirectly calling him a nigger dumb fucks,1,cyberbullying,,
@antiDARKSKINNED she said they invented the word NIGGER bitch u dnt fall under THEY cause your LATINO not white u dumb fuck,1,cyberbullying,,
I CANT UR ONE OF MY VERY FIRST MOOTS,1,cyberbullying,,
RT @HG_JIGGI3: im bouta violate on facebook like fuck harlem fuck ygz fuck ybz lmao niggers gettin me tight wid dis dumb shit,1,cyberbullying,,
"@ODDfuckingslim: Obama fuck ya mama â€œ@tayyoung_: FUCK OBAMA, dumb ass niggerâ€ù OOOBBBAAAMMAAAAAAA!!!! THT NIGGER IS YOUR PRESIDENT!! LOL!!!",1,cyberbullying,,
"They canceled that in my home town of Tulsa. Someone posted that the â€œnegrosâ€ù called the mayor complaining. Yes, I called her white-trash-ass out for it. Unreal. Iâ€™m so grateful not to live there anymore and deal with that mentality.",1,cyberbullying,,
im gonna try leaving hints first im to scared to be straightforward with them shsnkaskan also !! i hope one day u get to be confidently open with ur family &lt;333,1,cyberbullying,,
omg ur the first one who got it right,1,cyberbullying,,
@camrenincrime because you called her a nigger you stupid bitch..blacks say nigga .Nigger is a racist term.dumb fuck.learn ya black history,1,cyberbullying,,
"And i had his dumb laugh in my head that he always makes when he pisses me off, fuck niggers",1,cyberbullying,,
"â€œ@tayyoung_: FUCK OBAMA, dumb ass niggerâ€ù I hope your location is off...",1,cyberbullying,,
"and this ""nigger"" would sleep the fuck out yo dumb ass so try and say some shit in person",1,cyberbullying,,
"Fuck dude 4 what he did 2 that girl, fuck ppl that cosign it &amp; fuck him for being yet another dumb niggER who makes Chicago look like shit.",1,cyberbullying,,
"@RuizManny yeah. Dude bus ride there. Phenomenal. Holy fuck. ""You know what grinds my gears!? Niggers!"" Jeremiahs so dumb!!!!",1,cyberbullying,,
Oh boy...looks like we have ANOTHER forgiving negro who doesn't want to purse criminal charges against the White woman who called the cops on him. You think that White woman would be so forgiving if the cops believed her lie???,1,cyberbullying,,
Okay. Listen too me YOU DUMB NIGGERS!!!! ZIMMERMAN IS HISPANIC!!!!!! WATCH THE NEWS YOU IGNORANT FUCKS!,1,cyberbullying,,
"â€œ@tayyoung_: FUCK OBAMA, dumb ass niggerâ€ù stfu you dumb ass cracker.",1,cyberbullying,,
"The legend. One of my earliest inspirations. The first guitar solo I ever learnt (need ur love so bad). An amazing songwriter, guitarist and voice. Rest in Power - Peter Green. Forget The Stones, Clapton etc. Mrâ€? https://www.instagram.com/p/CDJnLnFAg8p/?igshid=11n1vfxmp6raz",1,cyberbullying,,
"we- it was ur first @has to sit on this chair, that blue spiky one",1,cyberbullying,,
"Fuck these dumb niggers coming to royal oak tonight i ""Finna"" dip to Canada",1,cyberbullying,,
"@TyRonJohnson23 you don't have to be full black to act like a nigger. Your beig disgusting ,disrespectful, &amp;ignorant.Everything a nigger is",1,cyberbullying,,
"She Joe Jackson mad! â€œ@SmASHing_1: Yu mad?? //â€œ@MiLF_CH0C0LATE: Simmer down Pearl! â€œ@tayyoung_: FUCK OBAMA, dumb ass niggerâ€ùâ€ùâ€ù",1,cyberbullying,,
"I've been in similar situations, one in particular took a toll on me. It's easy to oversee that bc you're just eager to help and you end up forgetting thats there's a chance that you might be being taken advantage of, and that doesn't even pass through ur mind at first. It hurts.",1,cyberbullying,,
"@slayindemons - oNE OF MY FIRST MOOTS!! aa ily! - ur my giant baby uwu - keep doing what u love bebe, i'll support no matter what! &lt;3",1,cyberbullying,,
What if I Sean Kingston the fuck outta myself? let us all pray that this dumb nigger Li' Wayne never makes another PSA.,1,cyberbullying,,
"Saying fuck blacks, niggers, whites, crackas, spics, slavs, or any other racial dumb fuck remark it's 2010 GROW UP #thatsanono",1,cyberbullying,,
SHUT THE FUCK UP. DONT SAY NIGGA OR NIGGER. You're looking dumb as fuck right now please shut up please,1,cyberbullying,,
@MarsBars1335 that's your a nigger that's your natural color you dumb fuck,1,cyberbullying,,
To see if something special was keeping him so resilient. They also tortured our albino brothers and sisters â€œwhite negrosâ€ù as they called them baffles why their skiln lossed itâ€™s melanin over time. Know your history and what they did to us teach your babies,1,cyberbullying,,
Stfu! RT @imThatDUDE_BM: @smokee_banks lol Chaunasee and brittane some dumb niggers fuck them,1,cyberbullying,,
"White people like dis slut ---->>>> RT @tayyoung_: FUCK OBAMA, dumb ass nigger",1,cyberbullying,,
Dumb ugly nigger name Wayne Positive trash soft ass nigga fuck red and white not interested dumb ugly nigger pic.twitter.com/j31sFLBvIq,1,cyberbullying,,
@RespectMaDougie I don't mind a white chick with a black nigger cause then I can relate. But white on white is just disgusting -____-,1,cyberbullying,,
"FUCK YOU THAT SAY ""NIGGA"" AND ""NIGGER"" ARE DIFFERENT BECAUSE ITS NOT DUMB ASS.",1,cyberbullying,,
These past few months people have learned NOTHING. Spewing anti Semitic speech isnâ€™t doing anything for black people. Critique exists &amp; that isnâ€™t it. People are saying anything regarding Jewish people at this point.,1,cyberbullying,,
â€œ@ChipotleTweets: We are now in full support of the Nazi Party. Fuck that nigger Obama!â€ù Gtfo fr dumb shit pisses me off,1,cyberbullying,,
Lmfaooo. Dumb ass ignorant ass bitch. RT @anacondaaa__: @bdvg_lat shut the fuck you nigger,1,cyberbullying,,
"First return your loot then we can negotiate you are the one feed on behalf of ur peoples arrogance,â€ùmtu wetuâ€ù, Mungu hapendi wajinga",1,cyberbullying,,
first riko ur again since like 2years.........&amp;my 2nd fav one too i deserve this so much after scouting for every riko always and getting Nothing,1,cyberbullying,,
I've been a reveluv for a while now but this is my first stan account... I'm looking for my fellow reveluvs like or rt if ur one,1,cyberbullying,,
"We canâ€™t do anything about the past but we can do something about the future. The United States has the largest population of black millionaires and billionaires. Obviously, most people would be content with prosperous and safe lives with access to equal opportunity.",1,cyberbullying,,
"@MrGQ_L #welldamn I didn't even get a thanks for telling ya dumb ass happy father's day or dedicating a stat to you, fuck you!!! Nigger",1,cyberbullying,,
"Fuck you niggers -KKK â€” Nice question, dumb cracker http://ask.fm/a/9mpfjm9n",1,cyberbullying,,
"i got work to do, fuck y'all dumb makin video finna lose against MLK talM shit drivin daddy truck can't beefit up niggers #FUCKWRONGWITCHALL",1,cyberbullying,,
"That's pretty much the gist of it. If I've learned anything over the past couple years, is that there are no good Republicans. There are people who will learn the errors of their ways and change, and that's great, but most of the time, they don't. And those people can fuck off.",1,cyberbullying,,
"Ha ha ha. This should not affect you Rob. Come on, it can be anything from poor choice in wording to negative past experience with black people to truly racist (the ones who hate black for free) Racist is a strong word applicable to the later category. Others are just clumsy",1,cyberbullying,,
Lol yo name dumb as fuck. Why yo middle name and yo first name start with the same letter and your last name mexican and u a dirty nigger?!,1,cyberbullying,,
"He definitely called him a negro. His old ass life is ruined. Black people when are we gonna wake up!!!!!! Not saying that every white person is racist, but when theyâ€™re upset with us weâ€™re â€œyou peopleâ€ù or â€œniggersâ€ù",1,cyberbullying,,
RT @_shamissmoney: Shut the FUCK up!!!!!! Shit!!! Dumb fucking bitches and stupid fucking niggers!! YES!!! NIGGERS.....,1,cyberbullying,,
Lea is annoyin as fuck and Brandi is a fuckin dumb ass nigger bitch..,1,cyberbullying,,
so mii homegirl in trouble .. dat bii told dis white girl fuck yu .. ahahaha but she called her a nigger &amp; a dumb bitch . ii wld of too.!,1,cyberbullying,,
"@wizcrdwheezes HIHIHI ILY FROM THE BOTTOM OF MY HEART !! ur one of the first ppl in wwa who i started to love, u made me start saying â€˜asfâ€™ bae you genuinely always make me laugh so hard, (even tho ur a ray anti boo ), i even started dreaming abt u.. n e wayz, ILY UR MY BFFF",1,cyberbullying,,
DUMB FUCKING CUNT RANGERS PUSSY BITCH NIGGER FAGGOTS FUCK,1,cyberbullying,,
@FountainOfElly your a dumb nigger fuck you,1,cyberbullying,,
I swear to god this dumb ass ratchet nigger bitch needs to shut the fuck up.,1,cyberbullying,,
Uneducated nigger. Step out if bounds dumb fuck. Way blow it for the 1000000 time.,1,cyberbullying,,
You 2 dumb ugly fuck nigger name Wayne Positive trash soft ass nigga pic.twitter.com/mceSUhy08Z,1,cyberbullying,,
@KailaRinghoff dumb fuck nigger boy ass nigger ;),1,cyberbullying,,
"(Acts 29:17460) THOUGHT that God was a pale sick Anglo white albino mulatto Caucasian Nephilim colorless creature just like Satan is, what the white preachers taught in their devil's temples called Christian churches, the ""state"" of the non-divine dark skinned ""Golden"" Negro",1,cyberbullying,,
racism won? Dnt b stupid blacks feel more racism now under Obama than N the last 40 years. I'm colored and u dnt speak 4me,1,cyberbullying,,
"â€œ@UncleSalvo: I'm not even saying fuck Feds, I'm saying fuck dumb niggers and fuck basic trappers.â€ù my nigga tell em",1,cyberbullying,,
"I will never forget in year 5, two white girls in my class called me a negro in the playground and when i said i was gonna tell they started crying and guilt tripped me into not saying anything... and i really stayed â€œfriendsâ€ù with them and everything",1,cyberbullying,,
I am watching a documentary called I am not your negro by James Baldwin very powerful documentary never seen it before I suggest black white asian for all to watch.,1,cyberbullying,,
"@ILoveeHoess LIE AGAIN YOU MOTHERFUCKING , SLURING , SHIT FACER , RACIST , NIGGER CALLING , DUMB FUCK !!",1,cyberbullying,,
"This is dumb little crusty cunt said ""sand niggers are responsible for the paris attack"" bitch Jesus was middle eastern.fuck u",1,cyberbullying,,
"@TuckMyJPP YOU DUMB BITCH,THE RAIDERS ARE STILL MUCH BETTER. GIANTS ARE A BUNCH OF NIGGER PUSSIES YOU APESHIT SLOP FUCK",1,cyberbullying,,
"â€œ@omfgsogay: vanna = niggerâ€ù this is the 20th century, come up with a better comeback because news flash, I am black dumb fuck",1,cyberbullying,,
"Is he Dylan roof cousin. I think we have given them enough. Who you wit? ...I hope that's not yeast. Because what does this have to do with anything. My brother's getting hung by noose. Legislation getting past for them people. I expect it from them,.. but not us",1,cyberbullying,,
You know you a nÃ?ggÃ©r too right? Like this whole AA vs Africans &amp; Caribbeans is dumb ass fuck,1,cyberbullying,,
WOW!!! this bitch is dumb as shit.. holy fuck @Pussy_AndHeroin: Who is troy davis?? Yall are always trying to free some nigger on twitter.â€ù,1,cyberbullying,,
@IHummble fuck Oryx I killed that dumb nigger twice,1,cyberbullying,,
"Are you kidding me. That dumb fucking nigger was a community organiser who never had a job.He is a muslim and fuck them, allah and Koran too",1,cyberbullying,,
"@tayyoung_: FUCK OBAMA, dumb ass nigger SHUT THE FUCK UP BITCH.",1,cyberbullying,,
Why the sweet fuck dose sa bleed blue what the fuck is tht your blood is red you dumb nigger and it's on our turf so will paint er again nig,1,cyberbullying,,
'That nigger dumb as fuck in class but he can cover a pass rush' coaches at universities,1,cyberbullying,,
"FUCK U DUMB SCUM ""@goshawty123: mitt romney is winning &amp;&amp; you niggers are doomed :) #excited you'll regret sending me hate when your my fam""",1,cyberbullying,,
"Boy who the fuck are you I will slap white off yo peckerwood ass twitter gangsta RT @Coydoghowler: @2swishaz No, just a dumb nigger.",1,cyberbullying,,
@JAYVERSACE shut the fuck up you dumb SJW nigger,1,cyberbullying,,
So what r yâ€™all *possible* first dance songs @ur future wedding? One of my options is Estoy Perdido de Los Tres Ases,1,cyberbullying,,
"what's ""af""? You illiterate nigger. Fucking black peo... â€” It stands for AS FUCK, you dumb cunt lol. That's why ... http://ask.fm/a/4db3j82p",1,cyberbullying,,
People really getting mad over that nigger word again? Fuck you people are dumb.,1,cyberbullying,,
"I have no desire to go to a â€œblack onlyâ€ù anything Im just saying we need to have grace for things that were made during segregated times where you virtually had no choice, or for things meant to help ease the weight of our past by creating more opportunities for poc, today.",1,cyberbullying,,
RT â€œ@JammerKill: ...obama says the state of the union is good. Where the fuck has this dumb nigger been...'' pic.twitter.com/sYL5lP2N,1,cyberbullying,,
â€œ@Haerr33: Da fuck RT @brittd1178: Everybody get out and vote so we can get this nigger out of office!â€ù Something a dumb hoe would say,1,cyberbullying,,
"@OhYouFancyHuhFB: Hahaha yurrr maddddd RT @tayyoung_: FUCK OBAMA, dumb ass niggerhell yeah she is lmfaoooo ahhhhh!!!!!",1,cyberbullying,,
Just asking which people on the planet weren't BLACK anything past 6.5 thousand years ago would have answered your question.,1,cyberbullying,,
"@GoodWood_Nyc obviously your the dumbass for not knowing where the fuck it is bitchhhhh :) dumb ass nigger , smh",1,cyberbullying,," one day these two will become FREINDS FOREVER!"""
"She's getting community service for racial attacks, but not just a ""nigger"" here or ""Black ------"" there. She went as far as to basically poison her victim. This is fucking disgusting. (2)",1,cyberbullying,,
@MariaSalaz10 fuck that shit every nigga for himself there's a difference between a dumb and smart nigger,1,cyberbullying,,
Oh I'm 18 and going to keep trying huh FUCK U DUMB NIGGER,1,cyberbullying,,
@Christen_Daland your a dumb nigger bitch shut the fuck up,1,cyberbullying,,
"I see you must be really upset lol #OBAMA2012 bitch ""@tayyoung_: FUCK OBAMA, dumb ass nigger""",1,cyberbullying,,
"they my favirote and they cant even melt the damn cheese..awe fuck bin laden, these dumb azz nigger here...lmao",1,cyberbullying,,
Lots of democrats including brown men and old wormen and white women... apologized for that incident. Why cherry pick one example to try and turn it into a racist or sexist issue? Is this some kind of reverse racism and reverse sexism? Hes simply trying to reign in the radicals.,1,cyberbullying,,
"#Racism is wen u lyk lesbians n h8 gays,wen white iPhones r mo xpensive dan black ones,wen u wash u white laundry b4 colored ones,wen..",1,cyberbullying,,
"@brittd1178 , STFU BTC ! You look like a SAW mask . NIGGERS ARE THE BEST DUMB FUCK , BTC WHERE YO LOCATION AT?",1,cyberbullying,,
"Racism is when u select your White clothes to wash first before the Black Colored ones... Don't be a racist! Wash them all together!""",1,cyberbullying,,
Fuck red and white dumb ugly nigger name Wayne Positive trash soft ass nigga &amp; ugly ass Chris call 411pain pic.twitter.com/SMeiCrY1Hu,1,cyberbullying,,
@domusus I know enough to know that the dumb nigger has ran our country down the drain. Stupid fuck.,1,cyberbullying,,
"@tayyoung_: FUCK OBAMA, dumb ass nigger oh so you tough now... &amp; you do realize the man is half white too dumb ass!",1,cyberbullying,,
@AyyJesus @jesuswlks NIGGER YOU DUMB FUCK,1,cyberbullying,,
"So Themba Godi decides black professionals are ""house niggers"" yes with the 'ers'. Disgusting!",1,cyberbullying,,
"@TheKidJR_: Suck some dick bitch RTâ€œ@tayyoung_: FUCK OBAMA, dumb ass niggerâ€ù lmaoooo she is U.P.S.E.T",1,cyberbullying,,
"lol, stay classy RT @PoeJace: I hope pk subban fucking dies tonight, someone better fuck him up, dumb nigger shouldn't be playing hockey",1,cyberbullying,,
"Bitch is dumb as fuck!!! All u can do is PRAY RT @dlatham21: â€œ@tayyoung_: FUCK OBAMA, dumb ass niggerâ€ù y'all see this shit.........",1,cyberbullying,,
who the fuck is this dumb new nigger doing carts he fucking sucks,1,cyberbullying,,
"Die of aids! RT @soso_queens: There goes ur mentions RT""@tayyoung_: FUCK OBAMA, dumb ass nigger""",1,cyberbullying,,
"Also, ""colored"" is COMPLETELY out of popular usage as a word to refer to Black people, has been for decades, and is offensive now. I'm sure you don't mean any harm, but Mormons/Utah are playing catch-up compared to the rest of the U.S./world on racism, and your verbiage is proof.",1,cyberbullying,,
Follow Money! Glenn Beck did an investigation into â€œTideâ€ù laundering money 4 BLM & other â€œcharitableâ€ù orgs & No one knows where money goes but there is a foriegn element involved w/scheme! Past BLM leaders say itâ€™s all pretty shady &amp; doesnâ€™t have anything to do w/Black Lives!,1,cyberbullying,,
"@Dready_supaHigh: â€œ@TeaTimeWithTiny: Awwww RT @tayyoung_: FUCK OBAMA, dumb ass niggerâ€ù oh so you mad??? Poor thing",1,cyberbullying,,
"Can anybody explain why that black security guy didn't do anything and he just walked past the victim unfazed, and then continued going the opposite way of where the criminal went?",1,cyberbullying,,
"Lmfao â€œ@StinaBnasty: Girl..... RT @tayyoung_: FUCK OBAMA, dumb ass niggerâ€ù",1,cyberbullying,,
"@Broke_Lotis nigger, Draco was grimey. That's all the balls he needs. He was just dumb cuz he gave too many fucks.",1,cyberbullying,,
"@blewyt I have black and white grand-kids, are they supposed to run around and call each other nigger and whitey and darky, DISGUSTING!",1,cyberbullying,,
"http://twitpic.com/baztab RT @MeSoINoItsReal8: RT @tayyoung_: FUCK OBAMA, dumb ass nigger",1,cyberbullying,,
Yea u so hard then the fuck u trippin over the cops ... Ftp n fuck u to u punk bitch like scared of u ur nothing I'm calling u bitch u fuckin dumb ass NIGGER,1,cyberbullying,,
NO Racism: 'And U Calling Me Colored' by African Child http://wp.me/p3APrP-om,1,cyberbullying,,
"@SeandaleHayward: @Henrycuh3rd @IColbert3 Woah woah Woah, chill out talkin like you dumb James... Wassup niggafuck yu bitch ass nigger",1,cyberbullying,,
Big â€œmy family called me â€˜el negroâ€™ growing up so I now hang out with racist white men who also think less of those I was compared to as a child (but wouldnâ€™t hesitate to throw me over the wall themselves if I slipped up)â€ù energy,1,cyberbullying,,
I am not asking you to get over anything. Iâ€™m asking you to leave the past back there and comparing it to today. Iâ€™m asking you to not fall into the divisive traps and to focus your energies on changing the future for young black children. But we pollute them with our beliefs...,1,cyberbullying,,
If you were so smart you would have realized I was busting you for a typo. I fuck with dumb niggers all day. White power!,1,cyberbullying,,
"But ""Redskin"" is not a racial slur, at least most people of Indian descent don't think so. Did you know that the Negro Leagues (another racial slur, according to White liberals) had multiple teams called ""Cuban""? How is that any different? No one dares to call them racist.",1,cyberbullying,,
Only experienced real love once in my life.. these days it's either you u a dumb fuck that gets used for certain gains.. or u a sorry nigger that a year can pass without u kissing someone..,1,cyberbullying,,
Racism is when u select your White clothes to wash first before the Black Colored ones... Don't be a racist! Wash them all together.,1,cyberbullying,,
Fuck all u niggers,1,cyberbullying,,
"WTF?! Real niggers don't dumb chicks? I dump a hoe..in the bush, lifeless. I don't give a fuck",1,cyberbullying,,
"She'll get over it lol RT @YungKnight: LINEBACKER BUILT ASS ... YOU MAD ? â€œ@tayyoung_: FUCK OBAMA, dumb ass niggerâ€ù",1,cyberbullying,,
Racism within the same race lmao #JealousTweet RT @SammyChampagne U waffle colored niggas disgust me.,1,cyberbullying,,
white people did not invent nigger...this dumb fuck should not be defending something he knows nothing about,1,cyberbullying,,
@A_Ramsey253 @Bamaloc fuck both of u dumb ass niggers!!!!,1,cyberbullying,,
"It really sucks, Those ppl who first follow n thn after getting follow bck.&gt;unfollow. u r no celebrities.ok? I repeat U AR NO CELEBRITIES. P S : Whosoever plays ths game with me.remember, before u refresh to chk ur following figures,ur followers would be lacking one too",1,cyberbullying,,
Of course this dumb nigger is gonna get in front of me even though I've been waiting longer. Fuck people annoy me.,1,cyberbullying,,
@eriksonhayes stupid cunt dumb ass ugly ass nigger. and your mom sucks dick you dumb bitch. fuck your family and your friends. BIOTCH,1,cyberbullying,,
Who the fuck googled holding nigger child!!! Bitch is you dumb !,1,cyberbullying,,
Ur first tattoo was a match to this one...... urs has my fave color red and mines has ur fave color purple....... we both have our tattoos on our ankles...... u wanted to be a G so bad andâ€? https://www.instagram.com/p/CDKAt0AhcA21tYrLOGHbHcV10Q6T7nS3NQdo7s0/?igshid=qx7mqgal7nc4,1,cyberbullying,,
i saw what you said first so nct will be defended rn. clearly no one else is checking u. idk why ur excusing what u did when u know ur both in the wrong,1,cyberbullying,,
"Facts bro, Iâ€™m always the one askin to ft and shi, Iâ€™m always the one carin bout ppl but people never text me â€œgood morningâ€ù, â€œhow was ur day?â€ù First, Iâ€™m always the one to ask. Shi hurts sometimes bro.",1,cyberbullying,,
I worked at a Coffee Shop here locally. I heard nigger and saw the way they reacted to bikers and black folks. It was disgusting and I quit as fast as I could!,1,cyberbullying,,
sum niggers are dumb as fuck!!,1,cyberbullying,,
@pandas4L how about you FUCK OFF YOU DUMB NIGGER,1,cyberbullying,,
I personally believe he has changed I havenâ€™t seen anything recently showing he is racist. Yeah he has done stuff in the past but he has apologized for it and changed I mean he whole heartedly supports the black lives matter movement.,1,cyberbullying,,
â€œ@UpperrEchellonn: @tremalika_ follow me back niggerâ€ù I did dumb fuck !,1,cyberbullying,,
@Josh_D_Manning TYPICAL DUMB ASS NIGGER. YOU SAID RAISED WHEN YOU SHOULD HAVE SAID RAISE. GO BACK TO SCHOOL DUMB FUCK,1,cyberbullying,,
To the dumb fuck nigger who decided 75 mph wasn't fast enough for u &amp; decided to sideswipe my car- With my daughter in the backseat: fuck u!,1,cyberbullying,,
"You A DUMB FUCK ! Illiterate Ass ! â€œ@goshawty123: black people who still think sayin nigger is racist , get a fucken life .â€ù""",1,cyberbullying,,
"@Reactics fuck you?m, dumb nigger",1,cyberbullying,,
"Well.. when a county unleashes bio war on U.. that should hv been ur first clue. ""One China"" is their goal and they dont mean just within their country. They kill millions of their own without regret. Do U think they care about millions in other countries to reach their goals?",1,cyberbullying,,
@SmooveCac the fuck that mean you dumb monkey ass nigger,1,cyberbullying,,
@stevejewbs oh my bad you dumb fuck now your spell check is on...if you gone pull the nuts out your mouth to call me a nigger spell it right,1,cyberbullying,,
"Get on her a** ----> RT â€œ@tayyoung_: FUCK OBAMA, dumb ass niggerâ€ù",1,cyberbullying,,
"Again, an ""unruly"" or ""group of teens"" means they are all black. Also described in the article is several groups battling. This is called negro tribal warfare. There are no pictures because they don't want you to notice, had it in fact been white people the article would've said.",1,cyberbullying,,
"My problems have NOTHING to do with certain people feeling entitled and when you call them out get called a â€œniggerâ€ù , you sound dumb as fuck",1,cyberbullying,,
"Hope America aren't dumb enough to try to kill this nigger at night, he's already black as fuck!!!",1,cyberbullying,,
@AlexisRitchie7 u did u broke up with me for some fucking nigger fuck tht dumb black bitch,1,cyberbullying,,
"@TimScottSC apparently your wearing the same rose colored glasses that ALL republicans do... The glasses of of racism &amp; division! U will up for reelection someday &amp; Voters WILL NOT FORGET WHICH SIDE YOUR ON! Not Red vs. Blue rather RED,WHITE AND BLUE! #WhatAfool",1,cyberbullying,,
â€œ@Austinnian: Shit i remember when i went to the watchers they called me a dumb cock sucking nigger lol fuck headsâ€ù,1,cyberbullying,,
"She salty for the next 4 years RT @Tweet_DatAss: someone's salty â€œ@TeaTimeWithTiny: Awwww RT @tayyoung_: FUCK OBAMA, dumb ass niggerâ€ù",1,cyberbullying,,
"So Iâ€™m watching this documentary on Netflix called who killed Malcolm X &amp; one of the white reporters says something to the effect of â€œThe speaker is a Negro who refuses to use his last name, he refers to himself as Malcolm Xâ€ù",1,cyberbullying,,
"If you wear Jordans, and you ain't getting them junts that drop tomorrow you a dumb ass fuck nigger.",1,cyberbullying,,
@scotthallhater @cherryferretti I DOUBT SHE FUCKS DUMB NIGGERS LIKE YOU BOY!,1,cyberbullying,,
"So just to be clear, is the label of negro the same as African American or black? What about colored people? Any identification with race is a label that dehumanizes humans and generalizes us all based on looks. We need to ask why are we still called black, white, etc in the US?",1,cyberbullying,,
YESSS UR THE FIRST ONE I MET,1,cyberbullying,,
Dumb Fuck spilling beer on me! Nigger must go home or just die now!,1,cyberbullying,,
"Me: She wanna fuck and I say... Faisal: Amen Me: No, church you dumb nigger! Lmmmaaaooo",1,cyberbullying,,
"O_o RT @tayyoung_: FUCK OBAMA, dumb ass nigger",1,cyberbullying,,
Tokyo Hot n1049 Endless Sex Drive - http://t.co/XvANjZ5NRa #dailyxLover #jav #asian http://t.co/E43UZ5RxcH,1,cyberbullying,,
!!!!!!!! RT @BootyNDaBrain: Lol I can't fuck a dumb nigger! No matter how cute he is hey? My juices are stimulated by conversation,1,cyberbullying,,
Nigerians really don't give a fuck about the Niger Delta do they??? Smh...too busy watching big brother africa or whatever dumb shit,1,cyberbullying,,
"Instead of using Twitter to extend condolences to the bereaved families of the soldiers KIA in Niger, @realDonaldTrump is making the story all about him. It's disgusting. Worse, he's yet again condemning Black women who speak out against him. #FBR #Resist",1,cyberbullying,,
"RT @tayyoung_ FUCK OBAMA, dumb ass nigger}BITCH SHUT THE FUCK UP AND SUCK THAT NIGGER DICK HE STILL YO WHITE ASS PRESIDENT BIIIIIIIITCHH",1,cyberbullying,,
"@herr_gibson: Ha Ha!! fucking faggot lakers suck dick! Laker fans are gay. Fuck Kobe and Phil Jackson, two dumb niggers. #tellumYuMadd",1,cyberbullying,,
You do know Negro means black in Spanish right? If I called you white and you're white would it be an insult or racist?,1,cyberbullying,,
Wow so typical. â€œColored peopleâ€ù really?? Wow... you donâ€™t even try to hide your racism at all. Blatant and proud huh? They are People of Color. THAT is how we refer to them. That gives them dignity and respect as an oppressed group. Go back to your KKK meeting u MILKFACE!!!,1,cyberbullying,,
"http://deadspin.com/5968935/take-that-nigger-off-the-tv-we-wanna-watch-football-idiots-respond-to-nbc-pre+empting-sunday-night-football @jard212 Cousin fucking hillbillies calling the CiC a ""nigger"". it shows their twitter handles too, dumb fucks.",1,cyberbullying,,
"Serious lip injection tit_Head RT ""@RedheadEliza: You should consider lip injection. RT @tayyoung_: FUCK OBAMA, dumb ass nigger""",1,cyberbullying,,
Dumb ignorant fucks. If yall had your parent getting shot at by niggers and Mexicans yall would understand why most cops deserve respect.,1,cyberbullying,,
"@tayyoung_: FUCK OBAMA, dumb ass nigger -- lol you mad huh?",1,cyberbullying,,
Fuck you dumb ass nigger go KKK â€” http://ask.fm/a/2mj64ed2,1,cyberbullying,,
greg please unblock me you bitch ass nigger ass bitch fuck ass dick shit poopy fuck dang ass shit hell fuck farting dumb *piccy of ur face!*,1,cyberbullying,,
@bgeise3 it technically a surgery you dumb fuck. So know your fucking facts faggot. NIGGER ASS BITCH FUCK YOU YOU QUEER FUCK,1,cyberbullying,,
This guy calling me a loser & he plays cod for a living... Bro shut the fuck up &amp; get a real job dumb nigger,1,cyberbullying,,
@RealWizKhalifa ur wack as fuck you dumb nigger,1,cyberbullying,,
You dumb fuck. â€œ@goshawty123: plz get shot like that other nigger Tupac @barackobamaâ€ù,1,cyberbullying,,
@Leanna_05 that dude was a dumb fuck wan call u a nigger then steal my big big nas jay z mobb deep and wu tang cd collection THE NERVE,1,cyberbullying,,
you are so PRETTY omg you kind look like peggy carter in the first one (if ur a marvel fan hehe) I like the choppy bangs in the third one btw it suits you!!,1,cyberbullying,,
Had to delete because I donâ€™t want to seem like I canâ€™t spell so. â€œNiggaâ€ù is a slang word for â€œniggerâ€ù so thatâ€™s why it is disrespectful and also disgusting. Two it shows me you have no respect for your black friends Bc youâ€™re calling them that and saying it around them,1,cyberbullying,,
"@tayyoung_: FUCK OBAMA, dumb ass nigger bitch!",1,cyberbullying,,
"Don't put anything past them. They will cheat, their voters know it &amp; R fine with it. Know this &amp; be prepared! Where they can cheat, they will! A lot of Southern States have 0 pro teams, so get together &amp; be prepared. Some Black ppl got $, so spend it on this! @jemelehill @PTI",1,cyberbullying,,
Stfu about Ariel the decision has been made already lol calling black people niggers over a decision that we had no say on is disgusting stfu it honestly getting real annoying,1,cyberbullying,,
@IGJunkie racism is everywhere for example the incident you had being called a nigger outside your apartment right here in Cincinnati,1,cyberbullying,,
And u have all these Black cops playing house nigger to the white Sargent it was fuckin disgusting if you ask me ...,1,cyberbullying,,
"Makes no sense for Naomi to be the most naturally gifted woman in the company yet they don't give her what she deserves for the work she's put in at @WWE. Wouldn't put it past them if her being black has anything to do with it, wrestling fans are racist &amp;the company condones that",1,cyberbullying,,
"@CrystBot Stfu dumb nigger , Isn't it weird that THAT episode was being played at THAT time fat fuck",1,cyberbullying,,
If you design a dress for a black female and call another black female a dumb nigger I find your actions to be biased and disgusting,1,cyberbullying,,
Why do black women always have big boobs but their nipples are always disgusting? #niggers #women #nips #niggertits,1,cyberbullying,,
GET THE FUCK OVA IT AND MOVE ON. LEAVE ME OUT UR BROKE ASS PICTURE DUMB NIGGER,1,cyberbullying,,
"Men are zooo ztupidd yazzzz queen ""ztraight ciz people are zcuuum yazzz"" ""fucking women ruining everything"" ""white people dumb AMIRITE L.O.L"" ""fucking niggers"" fuck all of you, seriously, the world is divided thanks to you",1,cyberbullying,,
Some of your niggers dumb as fuck wearing V necks with leather jackets what you'll bitches trying to be cute #Homo niggers its cold out,1,cyberbullying,,
"3) U DN'T SPEAK 4US!!, WE DNT LIKE BEING CALLED POCs, IT'S THE SAME AS CALLING US ""COLORED PPL"", IT TOOK US 6 DECADES 2SHED THAT LABEL, SO U &amp; UR SQUAD HAVE NO RGHT 2SLAP THAT LABEL BCK ON US!! U PPL ARE SO IGNORANT!!..WE'RE SURVIVORS OF RACISM, NOT VICS!! #BlackVoices4Trump2020",1,cyberbullying,,
"right, and i agree that white companies who exploited black ppl in the past should redistribute their assets. but calling for all generational wealth to be redistributed simply because poor people canâ€™t pass anything down is unfair",1,cyberbullying,,
"Lmao :( RT @tayyoung_: FUCK OBAMA, dumb ass nigger",1,cyberbullying,,
nigga i'm laying down tryna sleep get to bed dumb nigger fuck god damn you tweet like a straight hood nigger,1,cyberbullying,,
"He didnâ€™t even acknowledge calling me â€œ[his] resident Negroâ€ù. At all. My white showrunner touched me, called me a Negro, used the n-word, my white co-workers didnâ€™t back me up, a white producer told me to keep it under wraps for sake of the show and I FUCKING DID!! (7/8)",1,cyberbullying,,
"Just a reminder, it's absolutely disgusting to see the same people who would prank call me saying â€ùwasup nigâ€ù, throw food at my friends and I at lunch while making monkey noises, and tweet â€ùniggerâ€ù as if it's a joke ACT as if they care about Black lives please FUCK OFF.",1,cyberbullying,,
"lmfao you call my brother a ""nigger"" , but then turn right around and try to fuck my BLACK cousin? makes a lot of sincee, dumb ass.",1,cyberbullying,,
"@MrStehl_YoGirl just by using the word nigger, u are considered ignorant dumb fuck.",1,cyberbullying,,
Fucking boys think I'm dumb &amp; that they can play me ar they Dumb !!!!! Dpmo fuck niggers str8 on this white boy flex,1,cyberbullying,,
Negro was Not a Racial Slur and was used in the 60â€™s through 80â€™s with respect until Blacks preferred to be called African American. Negro just means Black like Blanco means White!,1,cyberbullying,,
"@marshannn: â€œ@tayyoung_: FUCK OBAMA, dumb ass niggerâ€ù FUCK YOU dumb ass whore #thisbitch seriously what an ignorant bitch. #retard",1,cyberbullying,,
"That's correct, if these particular, as you stated ""negros"" stopped breaking the law and committing crimes the police wouldn't be getting called out to them. Also, if they didn't harbor such hatred for white officers they wouldn't resist arrest and fight causing more problems.",1,cyberbullying,,
"Negro superseded colored as the most polite word for African Americans at a time when black was considered more offensive. Now they're called people of color -- which is exactly the same as colored people. And evidently, white is no longer a color. It's all very confusing",1,cyberbullying,,
"it was the work of a group of racists who think black people are niggers and the disgusting black money whores who enable them. the end,",1,cyberbullying,,
"@B_Rossi123 naw fuck that you said some dumb shit like last week in school. Me and all my ""niggers"" got a problem.",1,cyberbullying,,
"@tayyoung_: FUCK OBAMA, dumb ass nigger &lt;--- look y'all",1,cyberbullying,,
"I disagree with your reading of it. Why would there be racism in a meeting where their necks or on the line? I understand it to mean that from the discussion, they couldn't pick up that there wasn't any during the incident.",1,cyberbullying,,
"Cause if you aren't hitting it, you're just a dumb fuck my nigger.",1,cyberbullying,,
Contact - Coast to Coast AM http://www.coasttocoastam.com/pages/contact Fuck you--you're fired--you dumb nigger shit. Bite my themite ass--you fucking queer.,1,cyberbullying,,
These dumb bitches on teen mom are stupid as fuck. k janelle that Niger put his hands on you..Fuckin leave him.,1,cyberbullying,,
"@tayyoung_: FUCK OBAMA, dumb ass nigger GET OVER IT!!!!! Or KILL YOSELF!!!!",1,cyberbullying,,
"mark cuban is a dumb fuck, a super pussy, what he says is wrong or meaningless, to coin a phrase he is a cowardly nigger lover.",1,cyberbullying,,
They have black ppl in the past. Came on the show and said yeah I donâ€™t take anything back and stand on what I said. And I said yeah I agree. Then thatâ€™s still racist. Just because I didnâ€™t say ohh I hate Black ppl on the interview. Doesnâ€™t change the meaning behind it,1,cyberbullying,,
@bnuno125 some dumb asses at club rodeo yelled at me and and ashley and told her to get in their car and said fuck that nigger,1,cyberbullying,,
You 2 dumb ugly fuck nigger name wayne &amp; ugly ass chris black brown positive positive your not red ugly ass wayne pic.twitter.com/Gco24jHrCN,1,cyberbullying,,
Like seriously go the fuck home you dumb niggers,1,cyberbullying,,
@_xmoneica these Dumb ass niggers never know what the fuck they want in the drive thru,1,cyberbullying,,
â€œ@karennaduhdabs_: To that dumb nigger: nigga you stupid as fuckâ€ù,1,cyberbullying,,
loved getting called negro at work by old white members,1,cyberbullying,,
BRO THE WAY UR VOICE WAS THE FIRST ONE I HEARD AFTER WAKING UP,1,cyberbullying,,
"How the fuck does @Crimzilla_ win all these dumb ass tourneys, I'm way better then his dumb nigger ass. Only can win stupid shit-@zJuVeNiLe",1,cyberbullying,,
"Man fuck these bitch ass niggers, how ya'll doing I'm lil tunchi, imma nuscense, I go stupid, I go dumb like the three stooges!",1,cyberbullying,,
I Been rocking w you since ur first irl vs fredo and the way u went from one of the most hated TO THE MOST LOVED IN THE COMMUNITY. Iâ€™m proud of u bro frfr,1,cyberbullying,,
You are a Racist if u select your white clothes to wash b4 the black and colored ones..Stop Racism! Wash them all 2geda!.. Nutin Doeth Thou!,1,cyberbullying,,
UR THE FIRST ONE BAE,1,cyberbullying,,
Dumb fucking niggers always sit in my seat. Why the fuck did you care so much when you got sent to the back before.,1,cyberbullying,,
"So This Zimmerman Vs DMX Shit Is Really Hyping You Ignorant Ass Niggers Up? And Yes I Said Niggers, Because Yall Are Dumb As Fuck!",1,cyberbullying,,
RT @jayy100k_: Idgaf what my shorty wear cause niggas can look buh can't have Ã°ÂŸÂ?Â·Ã°ÂŸÂèÂ?Ã¢Â€ÂçÃ¢Â™Â‚Ã¯Â¸ÂèÃ°ÂŸÂ‘ÂŒÃ°ÂŸÂèÂ?not Finna stop ha from looking bad asl Ã°ÂŸÂ?Â?,1,cyberbullying,,
@tiffsmells i'm a dumb nigger now&gt;:o ? Well fuck you then &gt;.&gt;ttt,1,cyberbullying,,
ur gna be the first person i dm one sec,1,cyberbullying,,
"â€œ@tayyoung_: FUCK OBAMA, dumb ass niggerâ€ù So U Mad Huh ?? Lmaooo",1,cyberbullying,,
good for nothing niggers ... look im bout to become a cop so i can kill yawl legally..... shiii yawl dumb fucks dont get that there are laws,1,cyberbullying,,
"@YoungGoon1019 Idgaf Yu Fake AF Dumb Ass Monkeys Really ? Yu Knw Yu A Fake Ass Front One Minute We Ya Friends The Next We ""Niggers"" FUCK YOU",1,cyberbullying,,
"To all you dumb fucks that keep saying it's ""nigger day"" go jump of a bridge.. a nigger is trash! So try again.. And You're Welcome î€‘",1,cyberbullying,,
RT @AntonioFrench: I spent the morning at the Board of Elections getting maps/data to start registering every black person in #Ferguson. htâ€?,1,cyberbullying,,
"Right now, it's hard to say anything is ""just sports"" though I've certainly held that opinion in the past. This was @BubbaWallace responding to a complete racist POS who has been throwing hate at a ton of black athletes right now... hiding behind, ""it's just sports"".",1,cyberbullying,,
Wasnâ€™t even being sarcastic you really called black ppl niggers in a derogatory manner. Fucking disgusting,1,cyberbullying,,
"#BunnyHumor No longer a Black word, I can say Nigger &amp; not b racist. Twerking: Shaking a disgusting fat ass only a nigger can luv. There, C?",1,cyberbullying,,
"â€œwhite ppl can experience racism, why are you so ignorant?â€ù RACISM IS TARGETED TOWARDS OPPRESED COLORED PPLâ€? U R NEITHER OF THEM",1,cyberbullying,,
"this ""kid"" works for the school district on purpose. also based on my logic, thass literally how fucking labels are created. another thing: how are you gonna tell us who we are? remind yourselves black don't want to be called negro and white women don't want to be Karens.",1,cyberbullying,,
"Your fucking little nigger brood of assholes are so fucking dumb, my brothers says I can fuck y'all to hell. http://fpme.link/wAHWnR",1,cyberbullying,,
first impression: who added this person to the gc? your nickname in my head: penguins closeness ratings [1-10]: 7 do i like you: as a friend yes you are my: friend ever had a crush on you: no should you post this too: you already have one random thought: why is ur name penguins?,1,cyberbullying,,
Those two mother fuckers withyhe fake jobs were Mexicans too bit my nigger millionaire mom is going to go on about how it's all my fault I wish that dumb bitch would die well before she expects bunch of dumb fucks,1,cyberbullying,,
I WANT EVERYONE TO BAND YOUNG MONEY AND NIKI MINJ FUCK THAT ISLAND NIGGER HE WON YA DUMB BITCH,1,cyberbullying,,
Someone's mad RT @Colton_Zappe: Fuck that dumb nigger Obama,1,cyberbullying,,
I just canâ€™t believe that a white man pointed and gesticulated at me and when I rebuked him and called him a poor negro,1,cyberbullying,,
"@tbtrill ..costumes (dumb as fuck), held a rally, then someone passing by said nigger and everyone lost their minds.",1,cyberbullying,,
@BrendanAlec: And that's why you shouldn't of traded sekac. Dumb fucks the nigger's useless @CanadiensMTL pic.twitter.com/HHXr9m7pvF,1,cyberbullying,,
"@Eazyy16 if I'm not then get the fuck out of my DM's asking me to play. Just because I dodge your dumb nigger ass, now you wanna talk shit",1,cyberbullying,,
You're a disgusting black bitch who has to participate in incest cause you can't collect a man who wants you for your small dick&amp;nigger naps,1,cyberbullying,,
"You would be right if a lot of society wasnt already predicated on a lot of the shit these ""cancelled"" celebrities say and do. According to society, gay people dont deserve rights or to be respected, Black folks are ugly and disgusting niggers, and women regardless of age are...",1,cyberbullying,,
@lovexlikewind fuck off nigger faggot you are a dumb faggot for me,1,cyberbullying,,
"Uncle Tom, Oreo, Sellout, Coon, Token Negro, Racist, White Supremacist, Homophobe, Prejudice, Bigot, etc. What name have you been called (or unfortunately, used)? Dr. Tim Westley",1,cyberbullying,,
like damn a whole 12 minute compilation of black men being called nigger by non black women for 1k. thatâ€™s embarrassing as fuck. I looked and saw only two black women sell out and not even to this point. disgusting but I mean I guess money talks for yâ€™all I guess,1,cyberbullying,,
@audrey_x0o: Morgan STFU nigger your a racist nd dumb.. so Fuck u bitch,1,cyberbullying,,
Stop hateing dumb ugly fuck by your own stop hateing on my gifts ugly nigger name Wayne &amp; uglyassChris call 411pain pic.twitter.com/OS7I7a5QN2,1,cyberbullying,,
ur first username and i'll rt one of ur first tweets,1,cyberbullying,,
"i'm an old man who's stuck in the past, so anything i recommend to You is going to be of the 1970s ""Why is there a light on only in the attic of that spooky old house?"" variety. That said, try Burnt Offerings (1976), starring Oliver Reed, Karen Black and Bette Davis.",1,cyberbullying,,
It's called white supremacy,1,cyberbullying,,
"(Acts 29:17256) DARK Skinned ""Golden"" Negro) that (are assigned to condemnation by God called the ""TARES"" of Satan on this world which look like normal people, but the ""wrong colored"" people to be God's people because they are white instead of black dark skinned ""Golden"" Negro,",1,cyberbullying,,
"@AlisonMorrisNOW dumb broad you clearly said nigger, take the L and resign. the fuck is wrong with you?",1,cyberbullying,,
We must remove the liar and racist @SecNielsen from @DHSgov. No confidence. She learned her racism from #GeneralKelly and we know #GeneralKellyIsARacist from the #Niger soldier incident.,1,cyberbullying,,
"You stupid piece of shit. That photo is of Sgt La David Johnson, who was LEFT BEHIND in Niger, his Wife disrespected and lied to by 45, John Kelly, and dumb fucks like you, and had an empty casket returned to the U.S. Fuck anything you have to say, punk bitch.",1,cyberbullying,,
"..""god blessin all the trap niggaz""...who the fuck came up with that dumb ass nigger shit?!",1,cyberbullying,,
RT @vanityfairmag: Tea Party Spokesman Says NAACP Has No Right to Lecture About Racism http://is.gd/drHr6 Take that u colored! :o,1,cyberbullying,,
"Itâ€™s crazy when uu stop doing ur shii for one only person . But they person never take you serious! Itâ€™s like if I donâ€™t text first , they wonâ€™t text me .. If u sad they jus will say whatâ€™s wrong :( but i know when people care or no . onmm but dis typee hurt so much !",1,cyberbullying,,
All you niggas (make and female) walkin around holding your phones to your ear playing music out loud look DUMB AS FUCK &amp;&amp; YOUâ€™RE ANNOYING! GET SOME GOTDAMN HEADPHONES AND SPARE US FROM YOUR TRASH ASS NIGGER MUSIC!,1,cyberbullying,,
@YoungPlatinum @_Willyummm stop stalking people's tweets dumb fuck nigger do you not have anything better to do? You THAT obsessed,1,cyberbullying,,
"Try Jenny Craig Miss Piggy !!! ""@tayyoung_: FUCK OBAMA, dumb ass nigger""",1,cyberbullying,,
LMFAO HOLD ME JESUS RT @Joe_Schmucc: your mom would let them all fuck RT @Tjones3221: Seahawks are a bunch of dumb niggers,1,cyberbullying,,
The narrative that jay doesnâ€™t understand or know is dumb as fuck. Iâ€™m truly disappointed in all the football players whoâ€™s against Jay. THESE NIGGERS SMALL MINDED AS FUCK,1,cyberbullying,,
I need a sketch comedy scene where colored folks are in white face just performing racism. Nigger still gets me.,1,cyberbullying,,
No one commented? I shall be the first GOD I LOVE UR ART TOO U SEEM SO COOL LIKE SONIA UAWW,1,cyberbullying,,
The media. I agree. The dumb fucks are saying Nyjier not Niger.,1,cyberbullying,,
The fact that I don't have roots to trace is so upsetting. There's no traditional anything with black roots in my family. If I could change the past w/o changing the future I would.,1,cyberbullying,,
"You dumb nigger, thatâ€™s the starting rate to get bums away from me. Get the fuck out my mentions. Bum",1,cyberbullying,,
Twitter just prepped u 4 class! RT @LouSayMANANA: we're talking about racism and colored people in class......... uhhhh,1,cyberbullying,,
@Yungironic and fuck english old house nigger.. like i give a fuck about english. dumb fucker,1,cyberbullying,,
@fxxckoff: KILL THE NIGGERS fuck yu. I hope yu die in yo sleep tonight ima pray ob that shit yu dumb fuck.,1,cyberbullying,,
"Lying black rapper films it's violent brother self proclaiming he is a' nigger' as it assaults a white employee who did not call him that...this is why black people are more likely to be in prison, this disgusting violent black man should be locked up not fit for a decent society",1,cyberbullying,,
"Aww cry me a river :/ ..Then drown in it. RT@tayyoung_ FUCK OBAMA, dumb ass nigger",1,cyberbullying,,
These dumb fucks might as well say. They want Obama out of office cause he's a black (nigger). Smfh.,1,cyberbullying,,
"ANOTHER MAD ROMNEY FAN â€œ@tayyoung_: FUCK OBAMA, dumb ass niggerâ€ù",1,cyberbullying,,
"So mandem walk up on him like ""wah? who saying nigger to who called u a Nigger? you fucking dumb i will fuck u up in this bitch"" *coughs up flem Some random lady starts to hold me.. the fear of God I seen in his eyes when i started to wild out Her: See what u done U racist bih",1,cyberbullying,,
"I ain't no nigger RT @BasedPirate: Somalis mad cause I'm dating a black guy, boo fucking hoo y'all black too dumb fucks",1,cyberbullying,,
"@tayyoung_: FUCK OBAMA, dumb ass nigger--- Hey watch your mouth! Do you suck black athletes dick with those same lips!",1,cyberbullying,,
"â€œ@tayyoung_: FUCK OBAMA, dumb ass niggerâ€ù â€¢ hey cracker go suck a black dick..... nigger that hoe #TeamaOBAMA",1,cyberbullying,,
You dumb fucks would rather buy ur kids a slave game then read and teach ya kids their history. That makes you a real NIGGER,1,cyberbullying,,
"â€œ@tayyoung_: FUCK OBAMA, dumb ass niggerâ€ù oh but black people are the racist ones in this election OK I SEE YOU.",1,cyberbullying,,
"teen boys: hitler is fucking badass fuck the bl4cks theyâ€™re all ugly and dumb what a bunch of niggers haha women are fucking stupid also them: pain nobody likes me why doesnâ€™t she want me, whatâ€™s wrong with me it hurts so much just want a girl to love me",1,cyberbullying,,
"He MAD RT @YummiMcLovin: These crackers can't hold us back RT @OhYouFancyHuhFB Hahaha yurr madddd RT @tayyoung_: FUCK OBAMA, dumb ass nigger",1,cyberbullying,,
"so because he had a Black friend he wasn't racist? no I think people who do/say racist things are racist &amp; if you dont think calling Black people ni**ers, apes or birtherism is racist then you're a part of the problem &amp; havent learned ANYTHING in the past two months.",1,cyberbullying,,
Every single black dude excluding my close niggas is dumb as Fuck there nothing but a bunch of niggers #fuckjasongravesandhisnigz,1,cyberbullying,,
I'm disappointed on my nigger @Iam_Envyswagg thinking I'm one of those dumb fucks at school,1,cyberbullying,,
D'z niggers be dumb as fuck,1,cyberbullying,,
It's been quite a journey these past few years but thank you for your inspiration whilst having faith in us &amp; giving us autonomy to deliver. You'll be fab in B&amp;S and don't forget Black Country is only down the road if you need anything Good Luck,1,cyberbullying,,
"â€œ@tayyoung_: FUCK OBAMA, dumb ass niggerâ€ù your so irrelevant!",1,cyberbullying,,
"â€œ@isaiahDUB: Smfh RT @tayyoung_: FUCK OBAMA, dumb ass niggerâ€ù&lt;---sucks to be you right now. *Beyonce voice*",1,cyberbullying,,
Remember buying 2 dance cds in Spain 10 year ago and the name of the label was called â€œBlanco y Negroâ€ù Being black and white. And this label is still going today. So personally i canâ€™t see an issue in this case. Itâ€™ll get dropped,1,cyberbullying,,
@NYGovCuomo the US Flag was burned by black lives matters in Brooklyn protestw this past weekend...I don't see anything being done about this.,1,cyberbullying,,
@Tom93wba it's called jets and polo OMG YOUR RETARTED WHY ARE YOU STILL MENTIONING ME I HAVE NO TIME FOR DUMB NIGGERS WHAT THE FUCK,1,cyberbullying,,
"â€” @oibanai ije, ur one of my faves but u alr know that hehe â˜ºï¸?ï¸? also i love seeing ur tweets on my tl ! i was intimidated by u at first but then ur really cool waah i love u sm â˜»ï¸?",1,cyberbullying,,
How Are You Gonna Compare Being Called A Brit To Being Called A Nigger. Seriously People In This Area Are Dumb As Fuck,1,cyberbullying,,
Someone wants to get punched in their face fuck fucking phones nigger shit bullshit dumb piece of shit fuck fuck fuck,1,cyberbullying,,
"â€œSince the so called Negro community has shocked the white man, by resisting all efforts to divide us; I think that you and I should continue to shock him. By being and working together in unity. Despite religion, political, economical, educational, or social differences.",1,cyberbullying,,
Stop trying to deflect with nonsense. All that viral tweet did was spread more hate between BM & BWnarrative. I dont get any joy out seeing viral tweets generalizing black people its disgusting. The first thing white people see are niggers. Now yall have minds made up about BW&amp;BM,1,cyberbullying,,
She jst said niger chicks are dumb as fuck,1,cyberbullying,,
"Present-day Egyptians are,by blood, about 60% Eurasian, like the Arabs who took over their country, and 40% black African. In the past they were, if anything, blacker because since the glory days of Ancient Egypt they have been taken over by the Persians,Greeks,Romans and Arabs",1,cyberbullying,,
reformed white male kotaku commenter bionicle building vaping virgin atheist  antisjw&amp;feminazi libertarian naruto watching gamergater here,1,cyberbullying,,
@ClayMoses why don't you learn how to spell you stupid fucking retarded bitch. If I wanna say nigger ill say nigger. You dumb fuck.,1,cyberbullying,,
Little nigger boy! Tweet another dumb ass tweet I'm going to fuck you up!,1,cyberbullying,,
"Lol some niggers are dumb ey, fuck!!",1,cyberbullying,,
"He's not relieved of all past acts because of some shitty police officers. He certainly isn't a saint and hasn't done anything admirable. The fact he has a mural in Manchester and someone like MLK doesn't (to my knowledge), is a crime against humanity and black people.",1,cyberbullying,,
"@sheenvysme_ are you dumb after, you well did not make up the words SHUT THE FUCK UP, and im pretty sure you didnt make up nigger lolls",1,cyberbullying,,
UR BACKGROUNDS BRUH. The lighting n perspective esp on the first one looks SWAG but Why the minion hat,1,cyberbullying,,
"...Lewis' past morphed into Racism, Inc. The very policies that Lewis voted on as a Democrat did more to tear apart the fabric of the black family than anything Maddox or Wallace ever did. Let us ask all those generations of black families still on welfare. How are we doing now?",1,cyberbullying,,
I wonder how unemployed English majors feel about dumb fucks like chief keef making millions being an ignorant nigger,1,cyberbullying,,
"But here you are telling me that these dozen or so black activists don't know anything about race issues and are ""scapegoating"" because they want to focus internally on black families. It's laughable. You are a farce of a person.",1,cyberbullying,,
@MSantos_xo @yodaism fuck off you green old shit fuck I'm tired and wanna sleep. Dumb green nigger.,1,cyberbullying,,
Photo: d34thtr4p: and this is y i hate black people This is fucking disgusting. This is why niggers... http://tmblr.co/Z_Y2bvXo_itI,1,cyberbullying,,
FUCK SHIT ASS COCK NIGGERS I JSUT DROPPED MY FUCKIN DROID ON THE GROUND AND IT LANDED ON CONCRETE UGH GOD DAMMIT IM SUCH A DUMB CLUTZ UGH,1,cyberbullying,,
@sexandrum: Niggers talking shit in my mentions like they're relevant. Go back to your cotton fields dumb fucks. lol damn why u mad,1,cyberbullying,,
"@aardvarkwizard itâ€™s encoded racismâ€” whenever u hear no more handouts, insert â€œfor colored folksâ€ù at the end",1,cyberbullying,,
Can't stand a white nigger. They get on my nerves worse than anything. You look dumb as fuck and you sound like a dumbass. Please stop,1,cyberbullying,,
"@CoreyTurrell well since ""nigger"" is actually an ignorant person, black or white, yes, I'd say I agree that ignorant people are disgusting:P",1,cyberbullying,,
"@DB_nation10 You dumb fucking nigger, learn how to construct a proper sentence when you're going to insult someone. Now, go fuck yourself.",1,cyberbullying,,
DUMB ASS NIGGAS FROM DC I SWEATER GAWD I HATE NIGGERS SOMETIMES. GET MORGAN AND LLS THE FUCK OUTTA HERE!!!!!!!,1,cyberbullying,,
Quit living off your grandparents shit and grow the fuck up you big dumb mother fucker and quit acting like a nigger #growuplilbitch,1,cyberbullying,,
Fuck u dumb nigger,1,cyberbullying,,
"@NIGGER_IM_JESUS: @TrueSexFactss: 1 in 50 people claim to have had sex in an aeroplane."" I never fuck bitches in aeropostale""You Dumb",1,cyberbullying,,
Iâ€™m a middle aged white guy that grew up in the south and went to school in mostly black communities. Iâ€™ve never called someone a negro. To me itâ€™s a slight. Just my opinion.,1,cyberbullying,,
@brittd1178 Everybody get out and vote so we can get this nigger out of office! SHUT THE FUCK UP YOU STUPID RACIST DUMB ASS PRICK .,1,cyberbullying,,
You just tried to compare am apt description of a terrible place to calling black people niggers and I'm delusional? Disgusting.,1,cyberbullying,,
"You know, in 1970, George Romney, who was the secretary of housing and urban development under Nixon, , announced that the federal government had created a white noose around African-American neighborhoods - Negro neighborhoods, he called them - in central cities.",1,cyberbullying,,
"Lol but ur in one crazy ass state bro, I swear the first week u go there u gonna see on the news Florida man attacks wild bear or some shit like that",1,cyberbullying,,
Be careful you dumb fucks. When you use the word nigger. Because you don't realize it's a lie. Im the true king of Niggers.,1,cyberbullying,,
Niggers get real dumb when they see yellow bones they be like look at those milky legs I'd fuck her raw,1,cyberbullying,,
"What the fuck is it with all americans calling each other ""nigger"" even when you clearly aint black you dumb cunts",1,cyberbullying,,
"or sum'n RT @GambinoETP: Suck a niggers dick RT @tayyoung_: FUCK OBAMA, dumb ass nigger""",1,cyberbullying,,
JoeNasty2Point0: FUCK YOU NIGGER SUBBAN YOU BELONG IN A FUCKING HOLE NOT AN ICE RINKâ€ùEAT SHIT U DUMB RED NECK WOOOOO,1,cyberbullying,,
I didn't tweet that RT @ObeyDelgado: â€œ@_freaksANDgeekz: FUCK MONTGOMERY ND EVERY DUMB ASS NIGGER DAT LIVE THERE -â€ù you good?,1,cyberbullying,,
I can't believe them niggers called me dumb friday. Fuck that we all know I'm smart!,1,cyberbullying,,
I use to be wilding on his dumb ass my mother &amp; sister use to be don't do that to him lmfaooo fuck that nigger,1,cyberbullying,,
"East Africans can say nigger so proceed out this dumb topic and fuck off, if youâ€™re gonna get butt hurt about it looooool",1,cyberbullying,,
Dumb enough to fuck with a nigger.,1,cyberbullying,,
"@emuhlman they would just be like ""what the fuck why is gayley here dumb nigger""",1,cyberbullying,,
"As lazy as racists are, you'd think they'd choose ""black"" over ""colored"" or ""negro"" or ""nigger"". Black shaves time off your racism.",1,cyberbullying,,
"â€œ@ChewCanSam: Somebody get the camera off that dumb nigger before I flip the fuck out, Subban is a stupid piece of shitâ€ù Bostonians huh?",1,cyberbullying,,
"@Vooje_ no one can flood for that long... it's your nigger Internet dumb fuck, go look at your router logs and prove you were booted faggot",1,cyberbullying,,
I know very well how to use thix i quoted i know bec u were saying wrong and i cant remain quiet at wrong and secondly i also knows u and ur family background very well the snakes like u came first as a freind and then start distributing hate inothers and look like no one is as,1,cyberbullying,,
"He joins Candace Owens ,Terrence K.Williams, Diamond&Silk.. They are not black Republicans or black Conservatives. They've crossed the line into being totally white washed . They are the Anti-Black Black People. Malcolm X called them "" The House Negro"".",1,cyberbullying,,
@drexmcxtch â€” first impression: very cute â€” a nickname I'd give you: clorox im sorry bb â€” emoji that fits you: â€” do I like you: YES â€” youâ€™re my: one of my bsf â€” to be honest: sometimes ur annoying (in a good way) but i still love u smsm â€” have I ever disliked you: nope,1,cyberbullying,,
@CitySlicker_05: Who the fuck left the Sunny D out last night. I'm tired of the Nigger-Dumb yuck sunny D,1,cyberbullying,,
[i saw one of my moots do this and i wanted to try doing it too] tell me ur first impression of me and iâ€™ll tell u my impression of u as well :&gt;,1,cyberbullying,,
"@Freeyourmindkid Hell yes! He thinks all of us are stupid. If he felt bad about the kids in Syria, he should be letÃ¢Â€Â? https://t.co/245PTTD76b",1,cyberbullying,,
yes....he is....he doesn't deserve to die but any non black person who says nigga or nigger is disgusting. and so are those defending it https://twitter.com/emmynicg/status/817269263417442304,1,cyberbullying,,
"That is your opinion. Because racism is a serious problem in USA. So u guys have to be really sensitive. But I believe the ad producer does not did it on purpose. All colored people lead a happy life in China, sometimes Chinese treat them too good. I also have many black friends",1,cyberbullying,,
@AndrewM800 fuck off you led me on dumb nigger,1,cyberbullying,,
"but if they did get deleted, then your problematic, bored ass will say some shit about trying to cover up my sketchy past nobody can fucking win on twitter, I donâ€™t care. anything else, sugar? â€˜cause Iâ€™m bored of you now",1,cyberbullying,,
Fagget I do take if my self stupid I got self care plan that y sits home so I can properly do it ain't the same time that makes me lazy to a dumb retarded fuck like u. See how talking dumb nigger retArtid and plain out redundant!,1,cyberbullying,,
"Fat faceRT @Trey_LaScott: UMAD RT @The_April_Fool: Hey hoe how you doing? RT @tayyoung_: FUCK OBAMA, dumb ass nigger http://lockerz.com/s/259499560",1,cyberbullying,,
"u ever sit in back of bus, drink out colored fountain, sit in colored waiting rm. I guess u lived racism. I really did.",1,cyberbullying,,
Ur wife would say...first follow all sunnah then follow this one,1,cyberbullying,,
If I called a black dude in the street a â€œdirty negroâ€ù he would be offended and think Iâ€™m a racist. If I called a white dude a â€œdirty Caucasianâ€ù he would object to the â€œdirtyâ€ù part not Caucasian part. Negro when used as a descriptor has a negative racist connotation.,1,cyberbullying,,
@kalvinle_ @osephjays Fuck off to the blue mountains you dumb sand nigger,1,cyberbullying,,
"dat shit im tlkn bout! racism is stupid RT â€œ@iSopHisticAtioN: Why??? Why would you tweet this??RT @tayyoung_: FUCK OBAMA, dumb ass niggerâ€ù",1,cyberbullying,,
"First reform ur self before tweeting about others relegion u have no right to do so, no one is claming that my relegion is constitution of world... everyone is free to choose what they want... when cant see in ur own country then dont talk about world",1,cyberbullying,,
Dumb niggers that cut the springs on there car to make it lower &lt; that only fucks up your car even more,1,cyberbullying,,
"â€œ@Fastlikewebb: â€œ@tayyoung_: FUCK OBAMA, dumb ass niggerâ€ù &lt;&lt;&lt; ""So you Mad"" ???â€ù #YeahYouRealMad",1,cyberbullying,,
PAY ATTENTION TO THE WORDING.. First off in 1866 there weren't anyone called Native Americans period it was the Autochthonous American Indians and it was white people who changed who we are on the Census rolls called us Black or Negro. We went from Indians to African-American.Smh,1,cyberbullying,,
Always one dumb nigger that fucks things up for everyone else #TopBoy,1,cyberbullying,,
the difference is prevalent right there you dumb fuck. you know damn well if you said nigger. hard r and all youâ€™d get your ass beat. there isnâ€™t any respect in you saying nigga either. i hope you fuck around and say it in front of the wrong people and get your shit rocked,1,cyberbullying,,
"Heyy nourzz, first i miss u loads and second ur really one of the special people I met at uni and a person with the cutest and most adorable soul lysm",1,cyberbullying,,
Leaving your impression on people is the most important thing. Be that nigger like they say down south that made them feel dumb as fuck..,1,cyberbullying,,
Mys first month of life i got to the point where i was so scared to fall asleep like SCARED. One night i cried so hard bc i honestly did not think i would make it another night. Omg what a TIME. So yeah donâ€™t let anybody tell u to not let ur baby sleep in the bed w you,1,cyberbullying,,
"For ME personally if your ancestry is not one of which dealt with slavery, jim crow laws, institutional racism where the words Nigger, colored, Boy, were used on a daily...then No. But like I said thats for ME.",1,cyberbullying,,
Dumb ass niggers. I swear. Shut the fuck up!!,1,cyberbullying,,
"That ""dumb nigger"" was your president for the last 4 years, so get the fuck, @DylanKreiser.",1,cyberbullying,,
@TNTTROLL1 callin me a nigger lol but I'm spreading ignorance what a dumb fuck sit down old fart,1,cyberbullying,,
This response wasnâ€™t any better than ur first one u could have kept it,1,cyberbullying,,
And how the fuck am I gunna drink when I just passed the fuck out?! Dumb ass niggers making dumb nigger lyrics with their dumb nigger selves,1,cyberbullying,,
"I prefer my racism belligerent and out right ,like when old people call u colored in 2017 that's truth I don't like to be played with",1,cyberbullying,,
"@tatumisd stop the racism against Blacks, Colored, Negros, Afro Americans &amp; African Americans. #SuperintendentJP U R WRONG.",1,cyberbullying,,
@CandyLadyChel these dumb fucks taking the word nigger out of huck finn. how idiotic.,1,cyberbullying,,
"Its a niggers thing ain't it, fuck us over then fuck us up with a court case when we revolt against a fuckin dumb motherfuckin nigger",1,cyberbullying,,
"Just like a white person canâ€™t call me a Nigger, they dam sure should not be calling me a Negro. I gave you a list of identifications that we have been called in order by history. UNCF is a black organization founded in the 40s. You canâ€™t call me a negro! PERIOD!",1,cyberbullying,,
â€œ@Merideth_Bieber: @ducidni You Black people are so disgusting This probably why Hitler killed 5 million Niggersâ€ù your face is fucking nasty,1,cyberbullying,,
@BtooCold87 never said nigger bitch you just wanna believe what you hear just like every other dumb fuck that's on twitter you,1,cyberbullying,,
#Sprint is #Hiring! #Retail #Sales #Associate #Job in #Coon Rapids #MN  Apply now! http://t.co/0ISep8dx84,1,cyberbullying,,
#COSIGN RT@Greygoose wdga Fuck about that nigger vodka y'all dumb fuckas buying. We still killing the game in 99% of the states. So take tht,1,cyberbullying,,
@MikeSimsWalker This clown is on BLOCK!! RT @SamJags: @MikeSimsWalker FUCK YOU DUMB NIGGER!!!! JAGS SUCK FUCK YOU!!!,1,cyberbullying,,
Black Caucus??? Thought we r supposed to be colored blind. If it was white caucus all u would hear is racism.,1,cyberbullying,,
All they literally had to do was scroll past the posts. Like nobody is holding a gun to their head and saying they have to look at anything,1,cyberbullying,,
first impression: i wish i looked like youuu ur nickname in my head: khush ? do I like u: yesss ever had a crush on u: naah what color u remind me of: bright yellow just like the one which spread happiness,1,cyberbullying,,
"From now on, #Obama2012 staff will manage this account; tweets from the President will be signed ""-BO."" hahaha BO what a fuck up dumb nigger",1,cyberbullying,,
"SLAVERY ISNT A JOKE ARE YOU THAT DUMB TO EVEN SAY THAT? ""inner nigger"" you're a disgusting bitch fuck you https://twitter.com/eri82195_/status/659015706747473920",1,cyberbullying,,
"@EazyBoyJoe noones cryin, ur just gonna get ur ass beat. U dont talk shit. Ima fuck u up u dumb nigger learn to.shutup.",1,cyberbullying,,
Fuck red and white dumb ugly nigger name Wayne Positive trash soft ass nigga &amp; ugly ass Chris call 411pain pic.twitter.com/B7kL2hzkE6,1,cyberbullying,,
"I donâ€™t believe in racism of any kind. But I do find it ironic with all the riots, protests and murders happening as result, this is the one incident you pick up on. He was trespassing. Lucky he did not get shot, no matter what color he is.",1,cyberbullying,,
"@tayyoung_: FUCK OBAMA, dumb ass nigger uh...bitch!!!",1,cyberbullying,,
Dumb ugly nigger name Wayne Positive trash soft ass nigga positive trash fuck red and white dumb nigger pic.twitter.com/BOMwmmm9WN,1,cyberbullying,,
"You are one dumb bitch oh my god â€œ@tayyoung_: FUCK OBAMA, dumb ass niggerâ€ù",1,cyberbullying,,
@jabiralhujaifa thanks for favoriting that tweet that i retweeted! FUCK YOU DUMB CUNT BITCH ASS. NIGGER.,1,cyberbullying,,
"@tayyoung_: FUCK OBAMA, dumb ass niggerFuck yall hoes #TeamBarackObama Bitch!",1,cyberbullying,,
unfollow spree cus i wanna have a skinny ratio sorry but if i accidentally followed a jdg stan ur one of the first ones to go,1,cyberbullying,,
"You get no pass ese RT @ImAJesusTweeter: I'm not racist though,I dislike the nigger race,by nigger I mean the ignorant disgusting black folk",1,cyberbullying,,
"@tayyoung_: FUCK OBAMA, dumb ass nigger #ShitNooneSays",1,cyberbullying,,
THE FUCK? Don't wish dumb shit on me nigger.,1,cyberbullying,,
Stop saying the n word if youâ€™re not black. Itâ€™s disrespectful and disgusting. There are billions of other words that you can have in your vocabulary but â€œniggaâ€ù and â€œniggerâ€ù shouldnâ€™t be one of them.,1,cyberbullying,,
"@AmandaDupont what's your take on BEEF ? when @CassperNyovest says ""That Colored Nigga"".. that's #Racism u never refer to others by Race",1,cyberbullying,,
"exactly what the fuck I thought. â€œare you triggered?? my middle school teacher made us say NIGGER, it was horrible â€ù also this dumb bitch: â€œStevie Wonder being blind will forever be funny, itâ€™s so small. are you on crack??â€ù pic.twitter.com/tezb4UcQkk",1,cyberbullying,,
"hayyy first of all ur acc is sexc pls u have good tweets/rts ,,, ure also one of my oldest moots but we barely interact :( i hope we can get closer nd interact more !!",1,cyberbullying,,
Report me then bitch fuck u white boy im.da king he called me.dirty nigger ima dumb fuck I'm stuck nâ€? http://instagram.com/p/vkOjkeNhJv/,1,cyberbullying,,
this boy just called me a dumb nigger someone fuck his ass up,1,cyberbullying,,
Off my complexion ugly nigger name Wayne Positive trash soft ass nigga fuck louis dumb ugly nigger name Wayne pic.twitter.com/lzXpysAr6o,1,cyberbullying,,
"U ever went into your hotel room only to get called by the front, bc someone reported suspicious activity after following your mom her husband and son? This racism shit is real, hands full of luggage and shit same as everyone else. (Keep in mind Iâ€™m the only colored person)",1,cyberbullying,,
"@tayyoung_: FUCK OBAMA, dumb ass nigger smh... rude... just ignorant",1,cyberbullying,,
@_bradentaylor_ @ShevinYazel7 @_Devo33 @Raisin_Brann24 bitch you called her a nigger dumb fuck boy,1,cyberbullying,,
Just back the fuck off you dumb river nigger... Go kick your little soccer ball around.,1,cyberbullying,,
@youngwayne00 ur dumb as fuck nigger,1,cyberbullying,,
Why the fuck are you dumb niggers stealing a car at midnight? I hate my cotton picking race,1,cyberbullying,,
7 albums to know me Marvin Gaye - I Want You D'Angelo - Voodoo Stevie Wonder - Songs in the Key of Life The Beatles - The White Album Frank Ocean - Blonde Blood Orange - Negro Swan A Tribe Called Quest - The Low End Theory,1,cyberbullying,,
"some bitch just said "" fuck obama , dumb ass nigger "" I FEEL A ASS WHOOPN COMN HER WAY !",1,cyberbullying,,
"This dumb ass fucker really told me this is ""nigger territory"" like fuck you I'll defend my mom anywhere at any time!",1,cyberbullying,,
"Just know that Iâ€™m no longer sharing videos of whites barring Black people from entering the Black persons home or pool. Barge past them, continue about your day, and tell the property. If they donâ€™t do anything about it, THEN you tell social media so we can bully a termination",1,cyberbullying,,
"Look at this hating face lmao sure is living it up RT @TheReal_Rae: â€œ@tayyoung_: FUCK OBAMA, dumb ass niggerâ€ù I hope your location is off...",1,cyberbullying,,
â€œ@Fvnxy: Fuck Michael Brown that fat nigger deserved to get shotâ€ù yo. Are you fucking dumb?!,1,cyberbullying,,
"Trump, the police, and so called â€œsystemâ€ù doesnâ€™t have to do shit. Yâ€™all just doing all the hard work for them. Ruining communities and innocent peopleâ€™s hard work. Latinos y negros are doing more damage than white supramacists.",1,cyberbullying,,
@BillyGardell Bruh give me my memorization skills back for I beat yo pussy azz up ! I feel dumb you Nigger ... I donâ€™t fuck with you so ... so why did you do botch up my remembering skills,1,cyberbullying,,
Is my dad a brainwashed republican; yes! Does he believe anything @realDonaldTrump says; yes! As he doesnâ€™t see past anything other than the lies fed to him. I can show him what happened at a protest &amp; he will not listen. So fuck you Donald trump for brainwashing my father!,1,cyberbullying,,
"He can't be a server at our restaurant, that beard makes him look like a terrorist. Everyone laughs. #fuckthanksgiving",1,cyberbullying,,
some people forget to realize gypsy and that was not niggers who cares about chris brown stupid dumb fuck your gypsy be a gypsy,1,cyberbullying,,
"@ItsTheCons STOP THE WORLD HIPHOP IS GAY AS FUCK, AINT NOBODY EXPOSING SO IM LOOKING @ALL AS SUSPECTS #ZULUNATION R U Dumb Nigger?",1,cyberbullying,,
"Smh â€œ@CastroTrapMoney: Get raped and hop off a bridge hoe â€œ@Kayso5: Smh RT @tayyoung_: FUCK OBAMA, dumb ass niggerâ€ùâ€ù",1,cyberbullying,,
"Please note it's also because u were traveling with white skin. Unfortunately, indians perceive whites as tourists with money and colored people with a sense of threat. Smaller towns have smaller exposure to international racism. This is a broad observation. Not true for everyone",1,cyberbullying,,
"RT â€œ@tayyoung_: FUCK OBAMA, dumb ass niggerâ€ù deep down inside you wanna be black thts why ur @name is Tayyoung so I kno u didnt mean this",1,cyberbullying,,
"Go dance on the highway with Romney ""@tayyoung_: FUCK OBAMA, dumb ass nigger""",1,cyberbullying,,
"@tayyoung_: FUCK OBAMA, dumb ass niggersomebody snipe her shitttt lmao whoaaa racis as.ff !!!",1,cyberbullying,,
I was referring to a specific incident where a white Clemson coach (according to first hand accounts of former players) called a black player a nigger derogatorily. blacks have tried to take back that word. Racism should not be tolerated. It depends on how the word was used.,1,cyberbullying,,
I mean...GIVE THE COP A FUCKING PEPSI AND YOU WON'T GET SHOT! RACISM OVER! Terrible.,1,cyberbullying,,
"Damn RT @TheRealMarcC: Wow. Cab driver just called me an ""African Black Nigger"". Disgusting&amp;ignorant. Cab Number 1K92 can drive str8 to hell",1,cyberbullying,,
@JohnXBL STFU YOU DUMB FUCKING FUCK NIGGER,1,cyberbullying,,
@vainitycreature god i fucking hate you turn your music down you dumb nigger jesus christ i'm gonna rape you with a stick fucking fuck fuck,1,cyberbullying,,
"Yeah, yo pops touches you at night it's ok.. RT @tayyoung_: FUCK OBAMA, dumb ass nigger",1,cyberbullying,,
"@Rogue_Lynch: lmao Called @ShawnIsFuego a Nigger last night, i had to be dumb z00t haha Â« haha zacks bud got this nigga racist as fuck!",1,cyberbullying,,
"It was called ""the Negro Project"" before it was called PlannedParenthood. Margaret Sanger the founder wanted to put her buildings in low income areas and make black people trust white doctors as a means to push her eugenics. First pic is her letter to a trusted confidant.",1,cyberbullying,,
"A lady reporting on the Kobe Bryant incident just said, Los Angeles Niggers. I stunt know what to make of it. I don't know what channel this is but it shows MSN in the lower right corner. #racism #hate##racehateâ€? https://www.instagram.com/p/B7zH1-eAg2j/?igshid=1mwn4q4yfnivm",1,cyberbullying,,
@_cwade @austin_lyons hey I have no problem with beating the fuck outta a 40 year old. He needs to learn how to spell forreal. Dumb nigger,1,cyberbullying,,
some white guy called me beautiful negro princess,1,cyberbullying,,
@FtTyman @GTASeries @MrBossFTW shut the fuck up you dumb nigger,1,cyberbullying,,
", I hate FuckNiggas , like if you gon talk$hit you Might as Well back it up ..",1,cyberbullying,,
"I love U for getting the wrong idea. Don't get me wrong. But don't you think the color ""black"" is just so carnally wrong it would be better to be called a ""negro""?? I mean, your souls aren't darker than white peoples. Why own it more than necessary. That's the attitude cops hate.",1,cyberbullying,,
Dumb ass niggers..shut the fuck up!!!!!,1,cyberbullying,,
"FUCK!!! Why the fuck is my day turning worse? Some fucking dumb fuck of my family broke my nigger phone. So, now im phoneless. FUCK!!!",1,cyberbullying,,
"(2) to a divisive radio talk show host who referred President Obama as""Barack the Magic Negro"", and ""Halfrican-American"", who called African and South American Countries ""Shitholes"", who call Neo-Nazis ""Very Fine People"", who has a White Nationalist (Stephen Miller)...",1,cyberbullying,,
"Nigger means ignorant, unknowing.. IGNORANCE COMES IN ANY COLOR! You dumb fuck. &amp; you look like that ignorant fuck, now.",1,cyberbullying,,
ur gnna be one of my first moots there since itâ€™s new drop ur @,1,cyberbullying,,
@bossy_eri you dumb as fuck you fat nigger bitch. My last name is Koo so shut your fat porkchop eating ass up.,1,cyberbullying,,
Facts by a fellow Unionist. The â€œMagic Negroâ€ù was taken from an article from a Black reporter from the LA Times who called Obama that because of phenomenal white support,1,cyberbullying,,"GNT:-)"""
@EndicottCollege while also saying â€œkill niggersâ€ù. It is disgusting and horrific that Henry wholeheartedly meant every word he said when he sent those messages. He has shown no sympathy or remorse for his horrific comments. As a black women this is sickening and disturbing.,1,cyberbullying,,
"Is it true though ? I don't put anything past those lying sobs. Don't they always invent a minority friend? ""__ from my family tested positive (and obviously never died because __ doesn't exist)"" is the new ""I have black friends who don't think I'm racist""",1,cyberbullying,,
"Your mother wants to suck his dick tho. RT @tayyoung_: FUCK OBAMA, dumb ass nigger",1,cyberbullying,,
Can we all just get out and vote for romney so we can get this nigger out of office!!!!â€ùgo fuck yourself you dumb raciest bitch,1,cyberbullying,,
"BITCHES ARE DUMB AS FUCK. ""Nigger"" and ""Nigga"" has NOTHING to do with skin color. Kill your fucking self.",1,cyberbullying,,
ME TOO FUCK IM SUCH A DUMB NIGGER,1,cyberbullying,,
"everyday, a nigger fucks a dumb blond",1,cyberbullying,,
i cant belive im still replaying for this- first sorry that english isnt my main language and my grammer is not the best.. and how the fact i asked someone question have to deal with that she got scammed.. and its so funny how ur the one who talking with me and not her,1,cyberbullying,,
"BLM is a racist organization that advocates violent assaults, including death, of white people based solely on their skin color. They are also advocating widespread vandalism & purging anything or anyone (past &amp; present) that doesnâ€™t align with their views. BLM is the black KKK",1,cyberbullying,,
"I totally agree that human history is vile, and something we should learn from and move away from. But Nick saying white people ARE savage. Meaning current white people, doesn't have anything to do with the past, it's just racist supremacy.",1,cyberbullying,,
No roe u dumb ass nigger who da fuck would F.e.B,1,cyberbullying,,
Donâ€™t @me about her. What she did was ignorant and distasteful. What she did is offensive. Now if us â€œniggersâ€ù went and called her a â€œdumb ass crackaâ€ù or say â€œshe fucks her cousinâ€ù then we wrong. Donâ€™t take up for her because she getting attacked because she chose to be ignorant,1,cyberbullying,,
"I said ""your people still like in caves, that OR THIS ONE BELOW"" and I uploaded a photo :) you went all ""thug life"" when talking about White people dying and you called the castles I showed you trash so, you truly hate us. The negro race cannot be changed. Get used to it",1,cyberbullying,,
"abt the opinion thing, ur one of my very first REAL moots (the kind u interact with a lot and that you dont forgeâ€? â€” kinda sad i donâ€™t know who this is gjdj but ilyt omg pls ur so cute i only interact with cool people so i bet â€?",1,cyberbullying,,
@phvntvsmvgoriv @sundsuu Would you prefer I say Massa. Oh I don't wana speak ill of my masse da white man. #housenigga #coon,1,cyberbullying,,
"Fifty years ago I got a lecture about don't say ""negro say black"" 'cause it sounds like the n word. Now, I guess it is African America. Have you ever even been to Africa? I've been called white (also cracker and honky) and it has never left a bruise.",1,cyberbullying,,
Lebron James is a stupid cocky ass dumb nigger. Would of made a good slave but stupid fucks wanted equality.,1,cyberbullying,,
"Can't be too dumb he's your president for another 4 years. Sucks for you...Ha!!!RT @tayyoung_: FUCK OBAMA, dumb ass nigger",1,cyberbullying,,
"God fucking damn, you niggers are all the same. Dumb ass fucks who can't afford to live tje right way, always stealing, lying, doing wrong.",1,cyberbullying,,
@BelowThisIs: @RiccyGee fuck you dumb ass nigger. But You Saying Rt For God Huh ?,1,cyberbullying,,
Niggas get over it if you act like a dumb fuck then y can't a white person call you a nigger your being one,1,cyberbullying,,
"I just had to report someone for the most disgusting, racist, &amp; prejudice tweets I have ever seen on Twitterâ€? calling a black a NIGGER?",1,cyberbullying,,
@TheRealJacquet it's not a fucking excuse it's fact look at his line he has a bunch of big dumb niggers who don't know what the fuck to do,1,cyberbullying,,
@GB_MILLI @GRs_Prince @FootySmith come meet me quick let's fight u stinking Nigerian cunt. I'm gonna fuck u up u dumb nigger,1,cyberbullying,,
"â€œ@tayyoung_: FUCK OBAMA, dumb ass niggerâ€ù&lt;~~~~~",1,cyberbullying,,
"Iâ€™m sick of yâ€™all saying:â€ùShe was youngâ€ù the time she was going around mocking black people, I was being bullied and called a nigger via internet. Iâ€™m a year older than her. Stop justifying her disgusting actions. You donâ€™t know whatâ€™s it like to be called burnt and runaway slave",1,cyberbullying,,
"i hate white people who say nigger so nonchalant then say ""oh I was kidding"" I'll slap the fuck outta you don't be dumb",1,cyberbullying,,
i didn't do the @s but ur the first one on there u finally beat nandu,1,cyberbullying,,
#BlameOneNotAll is bad because I should be able to hate entire demographics of people for the bad things individuals do to me! #racismyall,1,cyberbullying,,
Then why are you bringing up his past? What does it have to do with anything,1,cyberbullying,,
And honestly it confused me when I still saw black people and poc still supported him. It made me feel like it was okay? I donâ€™t wanna sound ignorant or anything. But his current and past actions speak so loudly and I canâ€™t support it any longer. I donâ€™t wanna give Tatiâ€™s video,1,cyberbullying,,
What a despicable & horrible decision! How do those TODAY that had NOTHING to do with slavery back 400 years ago OWE anything to ANYONE? Will the black community pay REPARATIONS to the parents of their DEAD children and babies that have died in the past weeks? WOW this is insane!,1,cyberbullying,,
"dumb ass blinded love fucking aint cool shit. move the fuck on, find some strippers in the club nigger. burn ur bank account. thx",1,cyberbullying,,
"Ignorance @its finest RT @Kristian_elise: 1st this...RT â€œ@tayyoung_: FUCK OBAMA, dumb ass niggerâ€ù",1,cyberbullying,,
"Regardless of whether she's a racist or not this is the United States, where we practice free speech. If this dumb white hoe wants to say nigger she absolutely has that right. The more these leftist fucks try to censor our speech the more we lose our freedom as Americans",1,cyberbullying,,
"I think most people would agree that the blue story incident is a more damaging form of racism, but even though both stories were covered, only the blatant racism was called out and condemned. The media need to realise racism isn't one idiot shouting ""nigger"" at a football match.",1,cyberbullying,,
"@5EarthQUakE nigger, nigga. Still dumb as fuck!",1,cyberbullying,,
You thought this was a read....however the book was closed. You are a black woman...which is why itâ€™s disgusting and disappointing to see you have â€œtoleranceâ€ù for racial jokes and thinking its funny to jokingly call yourself a nigger in a chat room full of white ppl https://twitter.com/DojaCat/status/1285689919030136837,1,cyberbullying,,
@dYahna_2 Fuck dumb niggers. Like we supposed to tweet about all the artists we ever liked everyday just in case they die.,1,cyberbullying,,
@HumorOrTruth your a fucking dumb fuck 4 years of o nigger the USA will have nothing left this why the USA is fucked cause of people like u,1,cyberbullying,,
"@orbc__jay I told you Jaycen, I'm not just a dumb nigger. I am very gifted .... But I'm ghetto as fuck and I don't care about proper grammer",1,cyberbullying,,
There's a thing called fuck off you dumb nigger,1,cyberbullying,,
You 2 dumb ugly fuck name wayne and ugly ass chris call 411pain ugly black peace of shit nigger name wayne &amp; chris pic.twitter.com/iVvIMdxMIm,1,cyberbullying,,
I get mad when black twitter always attacks Rih but then I remember they're ugly disgusting niggers who get shot for selling food stamps,1,cyberbullying,,
Then I would get your city under control. Rolling riots and looting for the past 5 weeks with a huge increase in murder and crime in general. You havenâ€™t done anything but let black men and women die. Let him come in and clean up your mess.,1,cyberbullying,,
Fuck this dumb ass nigger iece of shit. This bitch can blow me f,1,cyberbullying,,
QPR can suck a fat asian cock. Not guilty on racism charges u dumb fucks. #niggers,1,cyberbullying,,
black person: fucks up black ppl: wow that is fucked up smh just awfu- non blacks: ive always hated that NIGGER that ROACH that disgusting DARKIE. SKIN LIKE AN OIL SPILL,1,cyberbullying,,
"â€œ@tayyoung_: FUCK OBAMA, dumb ass niggerâ€ù &lt;-- pic.twitter.com/eO0Wvtbg",1,cyberbullying,,
I hit my toe on the coffee table! Fucking shit fucker bitch nigger dumb cunt fuck asshole jackass fucking bitch fucker.,1,cyberbullying,,
@CheckBBN_Out RT @Kitty_Kat_Kyle_: MITT ROMNEY IS NUMBER 1!!!!!! Fuck that dumb nigger obama,1,cyberbullying,,
"White people will hate you and compliment you at the same time like ""Go fuck those dumb niggers and their big black cocks,you whore""",1,cyberbullying,,
Fuck my so called mama for giving birth to the hoe &amp; fuck my so called daddy for being a dumb ass nigga &amp; raising a lil white bitch that donâ€™t even belong to him only for her to grow up &amp; say itâ€™s okay for her bf to call me a bitch &amp; nigger...shit fuck everybody,1,cyberbullying,,
"Israelites was chosen for a duty onto the LORD A nation of a speckled bird, predominantly Negro/Hispanic &amp; Natives of the north Americas, but there are remnants all over the earth, Not every so called black is from Shem, nor every white is from Esau, yet Esau's faith is sealed",1,cyberbullying,,
you girls can fuck these dumb niggers get pregnant they go jail and then you aint got nun,1,cyberbullying,,
"@AntiDARKSKINNED: Don't start with that I'm brown"" bullshit. You are black, you are a nigger. You are filthy &amp; disgusting.""I'll pray for u",1,cyberbullying,,
"@kylegotjokes @DrePharaoh Welp... RT ""@ChelseaAaronn: FUCK ALL THESE DUMB ASS NIGGERS THAT DECIDED TO FOLLOW ME!""",1,cyberbullying,,
of course you were born in serbia...you're as fucked as A Serbian Film #MKR,1,cyberbullying,,
"fuck you bitch, stop posting the same shit cunt headass nigger. bust yo ass dumb bitch cunt",1,cyberbullying,,
lmaooo!!!!!!â€œ@Bankroll_Bump #POWPOW U DUM FAT HOE â€œ@ms_dominicana FUCK LIL PHAT IF YOU ASK ME DUMB ASS NIGGER NAME IDGAF WHO MADâ€ùâ€ù,1,cyberbullying,,
Not for reads and dumb as fuck nigger retards,1,cyberbullying,,
"https://www.bradford-delong.com/2020/06/baldwin-the-fire-next-timenoted.html James Baldwin (1963): The Fire Next Time: 'You... are... what happened when the Negro left the land and came into what... Frazier called ""the cities of destruction"". You can only be destroyed by believing that you really are what the white world calls...",1,cyberbullying,,
"clearly she is craving Twitter attention â€œ@nettemichelle smh RT @tayyoung_: FUCK OBAMA, dumb ass niggerâ€ù",1,cyberbullying,,
RT @vanityfairmag: Tea Party Spokesman Says NAACP Has No Right to Lecture About Racism http://is.gd/drHr6 Take that u colored! :o,1,cyberbullying,,
"Itâ€™s crazy when uu stop doing ur shii for one only person . But they person never take you serious! Itâ€™s like if I donâ€™t text first , they wonâ€™t text me .. If u sad they jus will say whatâ€™s wrong :( but i know when people care or no . onmm but dis typee hurt so much !",1,cyberbullying,,
All you niggas (make and female) walkin around holding your phones to your ear playing music out loud look DUMB AS FUCK &amp;&amp; YOUâ€™RE ANNOYING! GET SOME GOTDAMN HEADPHONES AND SPARE US FROM YOUR TRASH ASS NIGGER MUSIC!,1,cyberbullying,,
@YoungPlatinum @_Willyummm stop stalking people's tweets dumb fuck nigger do you not have anything better to do? You THAT obsessed,1,cyberbullying,,
"Try Jenny Craig Miss Piggy !!! ""@tayyoung_: FUCK OBAMA, dumb ass nigger""",1,cyberbullying,,
LMFAO HOLD ME JESUS RT @Joe_Schmucc: your mom would let them all fuck RT @Tjones3221: Seahawks are a bunch of dumb niggers,1,cyberbullying,,
The narrative that jay doesnâ€™t understand or know is dumb as fuck. Iâ€™m truly disappointed in all the football players whoâ€™s against Jay. THESE NIGGERS SMALL MINDED AS FUCK,1,cyberbullying,,
I need a sketch comedy scene where colored folks are in white face just performing racism. Nigger still gets me.,1,cyberbullying,,
No one commented? I shall be the first GOD I LOVE UR ART TOO U SEEM SO COOL LIKE SONIA UAWW,1,cyberbullying,,
The media. I agree. The dumb fucks are saying Nyjier not Niger.,1,cyberbullying,,
The fact that I don't have roots to trace is so upsetting. There's no traditional anything with black roots in my family. If I could change the past w/o changing the future I would.,1,cyberbullying,,
"You dumb nigger, thatâ€™s the starting rate to get bums away from me. Get the fuck out my mentions. Bum",1,cyberbullying,,
Twitter just prepped u 4 class! RT @LouSayMANANA: we're talking about racism and colored people in class......... uhhhh,1,cyberbullying,,
@Yungironic and fuck english old house nigger.. like i give a fuck about english. dumb fucker,1,cyberbullying,,
@fxxckoff: KILL THE NIGGERS fuck yu. I hope yu die in yo sleep tonight ima pray ob that shit yu dumb fuck.,1,cyberbullying,,
"Lying black rapper films it's violent brother self proclaiming he is a' nigger' as it assaults a white employee who did not call him that...this is why black people are more likely to be in prison, this disgusting violent black man should be locked up not fit for a decent society",1,cyberbullying,,
"Aww cry me a river :/ ..Then drown in it. RT@tayyoung_ FUCK OBAMA, dumb ass nigger",1,cyberbullying,,
These dumb fucks might as well say. They want Obama out of office cause he's a black (nigger). Smfh.,1,cyberbullying,,
"ANOTHER MAD ROMNEY FAN â€œ@tayyoung_: FUCK OBAMA, dumb ass niggerâ€ù",1,cyberbullying,,
"So mandem walk up on him like ""wah? who saying nigger to who called u a Nigger? you fucking dumb i will fuck u up in this bitch"" *coughs up flem Some random lady starts to hold me.. the fear of God I seen in his eyes when i started to wild out Her: See what u done U racist bih",1,cyberbullying,,
"I ain't no nigger RT @BasedPirate: Somalis mad cause I'm dating a black guy, boo fucking hoo y'all black too dumb fucks",1,cyberbullying,,
"@tayyoung_: FUCK OBAMA, dumb ass nigger--- Hey watch your mouth! Do you suck black athletes dick with those same lips!",1,cyberbullying,,
"â€œ@tayyoung_: FUCK OBAMA, dumb ass niggerâ€ù â€¢ hey cracker go suck a black dick..... nigger that hoe #TeamaOBAMA",1,cyberbullying,,
You dumb fucks would rather buy ur kids a slave game then read and teach ya kids their history. That makes you a real NIGGER,1,cyberbullying,,
"â€œ@tayyoung_: FUCK OBAMA, dumb ass niggerâ€ù oh but black people are the racist ones in this election OK I SEE YOU.",1,cyberbullying,,
"teen boys: hitler is fucking badass fuck the bl4cks theyâ€™re all ugly and dumb what a bunch of niggers haha women are fucking stupid also them: pain nobody likes me why doesnâ€™t she want me, whatâ€™s wrong with me it hurts so much just want a girl to love me",1,cyberbullying,,
"He MAD RT @YummiMcLovin: These crackers can't hold us back RT @OhYouFancyHuhFB Hahaha yurr madddd RT @tayyoung_: FUCK OBAMA, dumb ass nigger",1,cyberbullying,,
"so because he had a Black friend he wasn't racist? no I think people who do/say racist things are racist &amp; if you dont think calling Black people ni**ers, apes or birtherism is racist then you're a part of the problem &amp; havent learned ANYTHING in the past two months.",1,cyberbullying,,
Every single black dude excluding my close niggas is dumb as Fuck there nothing but a bunch of niggers #fuckjasongravesandhisnigz,1,cyberbullying,,
I'm disappointed on my nigger @Iam_Envyswagg thinking I'm one of those dumb fucks at school,1,cyberbullying,,
D'z niggers be dumb as fuck,1,cyberbullying,,
It's been quite a journey these past few years but thank you for your inspiration whilst having faith in us &amp; giving us autonomy to deliver. You'll be fab in B&amp;S and don't forget Black Country is only down the road if you need anything Good Luck,1,cyberbullying,,
"â€œ@tayyoung_: FUCK OBAMA, dumb ass niggerâ€ù your so irrelevant!",1,cyberbullying,,
"â€œ@isaiahDUB: Smfh RT @tayyoung_: FUCK OBAMA, dumb ass niggerâ€ù&lt;---sucks to be you right now. *Beyonce voice*",1,cyberbullying,,
Remember buying 2 dance cds in Spain 10 year ago and the name of the label was called â€œBlanco y Negroâ€ù Being black and white. And this label is still going today. So personally i canâ€™t see an issue in this case. Itâ€™ll get dropped,1,cyberbullying,,
@NYGovCuomo the US Flag was burned by black lives matters in Brooklyn protestw this past weekend...I don't see anything being done about this.,1,cyberbullying,,
@Tom93wba it's called jets and polo OMG YOUR RETARTED WHY ARE YOU STILL MENTIONING ME I HAVE NO TIME FOR DUMB NIGGERS WHAT THE FUCK,1,cyberbullying,,
"â€” @oibanai ije, ur one of my faves but u alr know that hehe â˜ºï¸?ï¸? also i love seeing ur tweets on my tl ! i was intimidated by u at first but then ur really cool waah i love u sm â˜»ï¸?",1,cyberbullying,,
How Are You Gonna Compare Being Called A Brit To Being Called A Nigger. Seriously People In This Area Are Dumb As Fuck,1,cyberbullying,,
Someone wants to get punched in their face fuck fucking phones nigger shit bullshit dumb piece of shit fuck fuck fuck,1,cyberbullying,,
"â€œSince the so called Negro community has shocked the white man, by resisting all efforts to divide us; I think that you and I should continue to shock him. By being and working together in unity. Despite religion, political, economical, educational, or social differences.",1,cyberbullying,,
Stop trying to deflect with nonsense. All that viral tweet did was spread more hate between BM & BWnarrative. I dont get any joy out seeing viral tweets generalizing black people its disgusting. The first thing white people see are niggers. Now yall have minds made up about BW&amp;BM,1,cyberbullying,,
She jst said niger chicks are dumb as fuck,1,cyberbullying,,
"Present-day Egyptians are,by blood, about 60% Eurasian, like the Arabs who took over their country, and 40% black African. In the past they were, if anything, blacker because since the glory days of Ancient Egypt they have been taken over by the Persians,Greeks,Romans and Arabs",1,cyberbullying,,
reformed white male kotaku commenter bionicle building vaping virgin atheist  antisjw&amp;feminazi libertarian naruto watching gamergater here,1,cyberbullying,,
@ClayMoses why don't you learn how to spell you stupid fucking retarded bitch. If I wanna say nigger ill say nigger. You dumb fuck.,1,cyberbullying,,
Little nigger boy! Tweet another dumb ass tweet I'm going to fuck you up!,1,cyberbullying,,
"Lol some niggers are dumb ey, fuck!!",1,cyberbullying,,
"He's not relieved of all past acts because of some shitty police officers. He certainly isn't a saint and hasn't done anything admirable. The fact he has a mural in Manchester and someone like MLK doesn't (to my knowledge), is a crime against humanity and black people.",1,cyberbullying,,
"@sheenvysme_ are you dumb after, you well did not make up the words SHUT THE FUCK UP, and im pretty sure you didnt make up nigger lolls",1,cyberbullying,,
UR BACKGROUNDS BRUH. The lighting n perspective esp on the first one looks SWAG but Why the minion hat,1,cyberbullying,,
"...Lewis' past morphed into Racism, Inc. The very policies that Lewis voted on as a Democrat did more to tear apart the fabric of the black family than anything Maddox or Wallace ever did. Let us ask all those generations of black families still on welfare. How are we doing now?",1,cyberbullying,,
I wonder how unemployed English majors feel about dumb fucks like chief keef making millions being an ignorant nigger,1,cyberbullying,,
"But here you are telling me that these dozen or so black activists don't know anything about race issues and are ""scapegoating"" because they want to focus internally on black families. It's laughable. You are a farce of a person.",1,cyberbullying,,
@MSantos_xo @yodaism fuck off you green old shit fuck I'm tired and wanna sleep. Dumb green nigger.,1,cyberbullying,,
Photo: d34thtr4p: and this is y i hate black people This is fucking disgusting. This is why niggers... http://tmblr.co/Z_Y2bvXo_itI,1,cyberbullying,,
FUCK SHIT ASS COCK NIGGERS I JSUT DROPPED MY FUCKIN DROID ON THE GROUND AND IT LANDED ON CONCRETE UGH GOD DAMMIT IM SUCH A DUMB CLUTZ UGH,1,cyberbullying,,
@sexandrum: Niggers talking shit in my mentions like they're relevant. Go back to your cotton fields dumb fucks. lol damn why u mad,1,cyberbullying,,
"@aardvarkwizard itâ€™s encoded racismâ€” whenever u hear no more handouts, insert â€œfor colored folksâ€ù at the end",1,cyberbullying,,
Can't stand a white nigger. They get on my nerves worse than anything. You look dumb as fuck and you sound like a dumbass. Please stop,1,cyberbullying,,
"@CoreyTurrell well since ""nigger"" is actually an ignorant person, black or white, yes, I'd say I agree that ignorant people are disgusting:P",1,cyberbullying,,
"@DB_nation10 You dumb fucking nigger, learn how to construct a proper sentence when you're going to insult someone. Now, go fuck yourself.",1,cyberbullying,,
DUMB ASS NIGGAS FROM DC I SWEATER GAWD I HATE NIGGERS SOMETIMES. GET MORGAN AND LLS THE FUCK OUTTA HERE!!!!!!!,1,cyberbullying,,
Quit living off your grandparents shit and grow the fuck up you big dumb mother fucker and quit acting like a nigger #growuplilbitch,1,cyberbullying,,
Fuck u dumb nigger,1,cyberbullying,,
"@NIGGER_IM_JESUS: @TrueSexFactss: 1 in 50 people claim to have had sex in an aeroplane."" I never fuck bitches in aeropostale""You Dumb",1,cyberbullying,,
Iâ€™m a middle aged white guy that grew up in the south and went to school in mostly black communities. Iâ€™ve never called someone a negro. To me itâ€™s a slight. Just my opinion.,1,cyberbullying,,
@brittd1178 Everybody get out and vote so we can get this nigger out of office! SHUT THE FUCK UP YOU STUPID RACIST DUMB ASS PRICK .,1,cyberbullying,,
You just tried to compare am apt description of a terrible place to calling black people niggers and I'm delusional? Disgusting.,1,cyberbullying,,
"You know, in 1970, George Romney, who was the secretary of housing and urban development under Nixon, , announced that the federal government had created a white noose around African-American neighborhoods - Negro neighborhoods, he called them - in central cities.",1,cyberbullying,,
"Lol but ur in one crazy ass state bro, I swear the first week u go there u gonna see on the news Florida man attacks wild bear or some shit like that",1,cyberbullying,,
Be careful you dumb fucks. When you use the word nigger. Because you don't realize it's a lie. Im the true king of Niggers.,1,cyberbullying,,
Niggers get real dumb when they see yellow bones they be like look at those milky legs I'd fuck her raw,1,cyberbullying,,
"What the fuck is it with all americans calling each other ""nigger"" even when you clearly aint black you dumb cunts",1,cyberbullying,,
"or sum'n RT @GambinoETP: Suck a niggers dick RT @tayyoung_: FUCK OBAMA, dumb ass nigger""",1,cyberbullying,,
JoeNasty2Point0: FUCK YOU NIGGER SUBBAN YOU BELONG IN A FUCKING HOLE NOT AN ICE RINKâ€ùEAT SHIT U DUMB RED NECK WOOOOO,1,cyberbullying,,
I didn't tweet that RT @ObeyDelgado: â€œ@_freaksANDgeekz: FUCK MONTGOMERY ND EVERY DUMB ASS NIGGER DAT LIVE THERE -â€ù you good?,1,cyberbullying,,
I can't believe them niggers called me dumb friday. Fuck that we all know I'm smart!,1,cyberbullying,,
I use to be wilding on his dumb ass my mother &amp; sister use to be don't do that to him lmfaooo fuck that nigger,1,cyberbullying,,
"East Africans can say nigger so proceed out this dumb topic and fuck off, if youâ€™re gonna get butt hurt about it looooool",1,cyberbullying,,
Dumb enough to fuck with a nigger.,1,cyberbullying,,
"@emuhlman they would just be like ""what the fuck why is gayley here dumb nigger""",1,cyberbullying,,
"As lazy as racists are, you'd think they'd choose ""black"" over ""colored"" or ""negro"" or ""nigger"". Black shaves time off your racism.",1,cyberbullying,,
"â€œ@ChewCanSam: Somebody get the camera off that dumb nigger before I flip the fuck out, Subban is a stupid piece of shitâ€ù Bostonians huh?",1,cyberbullying,,
"@Vooje_ no one can flood for that long... it's your nigger Internet dumb fuck, go look at your router logs and prove you were booted faggot",1,cyberbullying,,
I know very well how to use thix i quoted i know bec u were saying wrong and i cant remain quiet at wrong and secondly i also knows u and ur family background very well the snakes like u came first as a freind and then start distributing hate inothers and look like no one is as,1,cyberbullying,,
"He joins Candace Owens ,Terrence K.Williams, Diamond&Silk.. They are not black Republicans or black Conservatives. They've crossed the line into being totally white washed . They are the Anti-Black Black People. Malcolm X called them "" The House Negro"".",1,cyberbullying,,
@drexmcxtch â€” first impression: very cute â€” a nickname I'd give you: clorox im sorry bb â€” emoji that fits you: â€” do I like you: YES â€” youâ€™re my: one of my bsf â€” to be honest: sometimes ur annoying (in a good way) but i still love u smsm â€” have I ever disliked you: nope,1,cyberbullying,,
@CitySlicker_05: Who the fuck left the Sunny D out last night. I'm tired of the Nigger-Dumb yuck sunny D,1,cyberbullying,,
[i saw one of my moots do this and i wanted to try doing it too] tell me ur first impression of me and iâ€™ll tell u my impression of u as well :&gt;,1,cyberbullying,,
"@Freeyourmindkid Hell yes! He thinks all of us are stupid. If he felt bad about the kids in Syria, he should be letÃ¢Â€Â? https://t.co/245PTTD76b",1,cyberbullying,,
yes....he is....he doesn't deserve to die but any non black person who says nigga or nigger is disgusting. and so are those defending it https://twitter.com/emmynicg/status/817269263417442304,1,cyberbullying,,
"That is your opinion. Because racism is a serious problem in USA. So u guys have to be really sensitive. But I believe the ad producer does not did it on purpose. All colored people lead a happy life in China, sometimes Chinese treat them too good. I also have many black friends",1,cyberbullying,,
@AndrewM800 fuck off you led me on dumb nigger,1,cyberbullying,,
"but if they did get deleted, then your problematic, bored ass will say some shit about trying to cover up my sketchy past nobody can fucking win on twitter, I donâ€™t care. anything else, sugar? â€˜cause Iâ€™m bored of you now",1,cyberbullying,,
Fagget I do take if my self stupid I got self care plan that y sits home so I can properly do it ain't the same time that makes me lazy to a dumb retarded fuck like u. See how talking dumb nigger retArtid and plain out redundant!,1,cyberbullying,,
"Fat faceRT @Trey_LaScott: UMAD RT @The_April_Fool: Hey hoe how you doing? RT @tayyoung_: FUCK OBAMA, dumb ass nigger http://lockerz.com/s/259499560",1,cyberbullying,,
"u ever sit in back of bus, drink out colored fountain, sit in colored waiting rm. I guess u lived racism. I really did.",1,cyberbullying,,
Ur wife would say...first follow all sunnah then follow this one,1,cyberbullying,,
If I called a black dude in the street a â€œdirty negroâ€ù he would be offended and think Iâ€™m a racist. If I called a white dude a â€œdirty Caucasianâ€ù he would object to the â€œdirtyâ€ù part not Caucasian part. Negro when used as a descriptor has a negative racist connotation.,1,cyberbullying,,
@kalvinle_ @osephjays Fuck off to the blue mountains you dumb sand nigger,1,cyberbullying,,
"dat shit im tlkn bout! racism is stupid RT â€œ@iSopHisticAtioN: Why??? Why would you tweet this??RT @tayyoung_: FUCK OBAMA, dumb ass niggerâ€ù",1,cyberbullying,,
"First reform ur self before tweeting about others relegion u have no right to do so, no one is claming that my relegion is constitution of world... everyone is free to choose what they want... when cant see in ur own country then dont talk about world",1,cyberbullying,,
Dumb niggers that cut the springs on there car to make it lower &lt; that only fucks up your car even more,1,cyberbullying,,
"â€œ@Fastlikewebb: â€œ@tayyoung_: FUCK OBAMA, dumb ass niggerâ€ù &lt;&lt;&lt; ""So you Mad"" ???â€ù #YeahYouRealMad",1,cyberbullying,,
PAY ATTENTION TO THE WORDING.. First off in 1866 there weren't anyone called Native Americans period it was the Autochthonous American Indians and it was white people who changed who we are on the Census rolls called us Black or Negro. We went from Indians to African-American.Smh,1,cyberbullying,,
Always one dumb nigger that fucks things up for everyone else #TopBoy,1,cyberbullying,,
the difference is prevalent right there you dumb fuck. you know damn well if you said nigger. hard r and all youâ€™d get your ass beat. there isnâ€™t any respect in you saying nigga either. i hope you fuck around and say it in front of the wrong people and get your shit rocked,1,cyberbullying,,
"Heyy nourzz, first i miss u loads and second ur really one of the special people I met at uni and a person with the cutest and most adorable soul lysm",1,cyberbullying,,
Leaving your impression on people is the most important thing. Be that nigger like they say down south that made them feel dumb as fuck..,1,cyberbullying,,
Mys first month of life i got to the point where i was so scared to fall asleep like SCARED. One night i cried so hard bc i honestly did not think i would make it another night. Omg what a TIME. So yeah donâ€™t let anybody tell u to not let ur baby sleep in the bed w you,1,cyberbullying,,
"For ME personally if your ancestry is not one of which dealt with slavery, jim crow laws, institutional racism where the words Nigger, colored, Boy, were used on a daily...then No. But like I said thats for ME.",1,cyberbullying,,
Dumb ass niggers. I swear. Shut the fuck up!!,1,cyberbullying,,
"That ""dumb nigger"" was your president for the last 4 years, so get the fuck, @DylanKreiser.",1,cyberbullying,,
@TNTTROLL1 callin me a nigger lol but I'm spreading ignorance what a dumb fuck sit down old fart,1,cyberbullying,,
This response wasnâ€™t any better than ur first one u could have kept it,1,cyberbullying,,
And how the fuck am I gunna drink when I just passed the fuck out?! Dumb ass niggers making dumb nigger lyrics with their dumb nigger selves,1,cyberbullying,,
"I prefer my racism belligerent and out right ,like when old people call u colored in 2017 that's truth I don't like to be played with",1,cyberbullying,,
"@tatumisd stop the racism against Blacks, Colored, Negros, Afro Americans &amp; African Americans. #SuperintendentJP U R WRONG.",1,cyberbullying,,
@CandyLadyChel these dumb fucks taking the word nigger out of huck finn. how idiotic.,1,cyberbullying,,
"Its a niggers thing ain't it, fuck us over then fuck us up with a court case when we revolt against a fuckin dumb motherfuckin nigger",1,cyberbullying,,
"Just like a white person canâ€™t call me a Nigger, they dam sure should not be calling me a Negro. I gave you a list of identifications that we have been called in order by history. UNCF is a black organization founded in the 40s. You canâ€™t call me a negro! PERIOD!",1,cyberbullying,,
â€œ@Merideth_Bieber: @ducidni You Black people are so disgusting This probably why Hitler killed 5 million Niggersâ€ù your face is fucking nasty,1,cyberbullying,,
@BtooCold87 never said nigger bitch you just wanna believe what you hear just like every other dumb fuck that's on twitter you,1,cyberbullying,,
#Sprint is #Hiring! #Retail #Sales #Associate #Job in #Coon Rapids #MN  Apply now! http://t.co/0ISep8dx84,1,cyberbullying,,
#COSIGN RT@Greygoose wdga Fuck about that nigger vodka y'all dumb fuckas buying. We still killing the game in 99% of the states. So take tht,1,cyberbullying,,
@MikeSimsWalker This clown is on BLOCK!! RT @SamJags: @MikeSimsWalker FUCK YOU DUMB NIGGER!!!! JAGS SUCK FUCK YOU!!!,1,cyberbullying,,
Black Caucus??? Thought we r supposed to be colored blind. If it was white caucus all u would hear is racism.,1,cyberbullying,,
All they literally had to do was scroll past the posts. Like nobody is holding a gun to their head and saying they have to look at anything,1,cyberbullying,,
first impression: i wish i looked like youuu ur nickname in my head: khush ? do I like u: yesss ever had a crush on u: naah what color u remind me of: bright yellow just like the one which spread happiness,1,cyberbullying,,
"From now on, #Obama2012 staff will manage this account; tweets from the President will be signed ""-BO."" hahaha BO what a fuck up dumb nigger",1,cyberbullying,,
"SLAVERY ISNT A JOKE ARE YOU THAT DUMB TO EVEN SAY THAT? ""inner nigger"" you're a disgusting bitch fuck you https://twitter.com/eri82195_/status/659015706747473920",1,cyberbullying,,
"@EazyBoyJoe noones cryin, ur just gonna get ur ass beat. U dont talk shit. Ima fuck u up u dumb nigger learn to.shutup.",1,cyberbullying,,
Fuck red and white dumb ugly nigger name Wayne Positive trash soft ass nigga &amp; ugly ass Chris call 411pain pic.twitter.com/B7kL2hzkE6,1,cyberbullying,,
"I donâ€™t believe in racism of any kind. But I do find it ironic with all the riots, protests and murders happening as result, this is the one incident you pick up on. He was trespassing. Lucky he did not get shot, no matter what color he is.",1,cyberbullying,,
"@tayyoung_: FUCK OBAMA, dumb ass nigger uh...bitch!!!",1,cyberbullying,,
Dumb ugly nigger name Wayne Positive trash soft ass nigga positive trash fuck red and white dumb nigger pic.twitter.com/BOMwmmm9WN,1,cyberbullying,,
"You are one dumb bitch oh my god â€œ@tayyoung_: FUCK OBAMA, dumb ass niggerâ€ù",1,cyberbullying,,
@jabiralhujaifa thanks for favoriting that tweet that i retweeted! FUCK YOU DUMB CUNT BITCH ASS. NIGGER.,1,cyberbullying,,
"@tayyoung_: FUCK OBAMA, dumb ass niggerFuck yall hoes #TeamBarackObama Bitch!",1,cyberbullying,,
unfollow spree cus i wanna have a skinny ratio sorry but if i accidentally followed a jdg stan ur one of the first ones to go,1,cyberbullying,,
"You get no pass ese RT @ImAJesusTweeter: I'm not racist though,I dislike the nigger race,by nigger I mean the ignorant disgusting black folk",1,cyberbullying,,
"@tayyoung_: FUCK OBAMA, dumb ass nigger #ShitNooneSays",1,cyberbullying,,
THE FUCK? Don't wish dumb shit on me nigger.,1,cyberbullying,,
Stop saying the n word if youâ€™re not black. Itâ€™s disrespectful and disgusting. There are billions of other words that you can have in your vocabulary but â€œniggaâ€ù and â€œniggerâ€ù shouldnâ€™t be one of them.,1,cyberbullying,,
"@AmandaDupont what's your take on BEEF ? when @CassperNyovest says ""That Colored Nigga"".. that's #Racism u never refer to others by Race",1,cyberbullying,,
"exactly what the fuck I thought. â€œare you triggered?? my middle school teacher made us say NIGGER, it was horrible â€ù also this dumb bitch: â€œStevie Wonder being blind will forever be funny, itâ€™s so small. are you on crack??â€ù pic.twitter.com/tezb4UcQkk",1,cyberbullying,,
"hayyy first of all ur acc is sexc pls u have good tweets/rts ,,, ure also one of my oldest moots but we barely interact :( i hope we can get closer nd interact more !!",1,cyberbullying,,
Report me then bitch fuck u white boy im.da king he called me.dirty nigger ima dumb fuck I'm stuck nâ€? http://instagram.com/p/vkOjkeNhJv/,1,cyberbullying,,
this boy just called me a dumb nigger someone fuck his ass up,1,cyberbullying,,
Off my complexion ugly nigger name Wayne Positive trash soft ass nigga fuck louis dumb ugly nigger name Wayne pic.twitter.com/lzXpysAr6o,1,cyberbullying,,
"U ever went into your hotel room only to get called by the front, bc someone reported suspicious activity after following your mom her husband and son? This racism shit is real, hands full of luggage and shit same as everyone else. (Keep in mind Iâ€™m the only colored person)",1,cyberbullying,,
"@tayyoung_: FUCK OBAMA, dumb ass nigger smh... rude... just ignorant",1,cyberbullying,,
@_bradentaylor_ @ShevinYazel7 @_Devo33 @Raisin_Brann24 bitch you called her a nigger dumb fuck boy,1,cyberbullying,,
Just back the fuck off you dumb river nigger... Go kick your little soccer ball around.,1,cyberbullying,,
@youngwayne00 ur dumb as fuck nigger,1,cyberbullying,,
Why the fuck are you dumb niggers stealing a car at midnight? I hate my cotton picking race,1,cyberbullying,,
7 albums to know me Marvin Gaye - I Want You D'Angelo - Voodoo Stevie Wonder - Songs in the Key of Life The Beatles - The White Album Frank Ocean - Blonde Blood Orange - Negro Swan A Tribe Called Quest - The Low End Theory,1,cyberbullying,,
"some bitch just said "" fuck obama , dumb ass nigger "" I FEEL A ASS WHOOPN COMN HER WAY !",1,cyberbullying,,
"This dumb ass fucker really told me this is ""nigger territory"" like fuck you I'll defend my mom anywhere at any time!",1,cyberbullying,,
"Just know that Iâ€™m no longer sharing videos of whites barring Black people from entering the Black persons home or pool. Barge past them, continue about your day, and tell the property. If they donâ€™t do anything about it, THEN you tell social media so we can bully a termination",1,cyberbullying,,
"Look at this hating face lmao sure is living it up RT @TheReal_Rae: â€œ@tayyoung_: FUCK OBAMA, dumb ass niggerâ€ù I hope your location is off...",1,cyberbullying,,
â€œ@Fvnxy: Fuck Michael Brown that fat nigger deserved to get shotâ€ù yo. Are you fucking dumb?!,1,cyberbullying,,
"Trump, the police, and so called â€œsystemâ€ù doesnâ€™t have to do shit. Yâ€™all just doing all the hard work for them. Ruining communities and innocent peopleâ€™s hard work. Latinos y negros are doing more damage than white supramacists.",1,cyberbullying,,
@BillyGardell Bruh give me my memorization skills back for I beat yo pussy azz up ! I feel dumb you Nigger ... I donâ€™t fuck with you so ... so why did you do botch up my remembering skills,1,cyberbullying,,
Is my dad a brainwashed republican; yes! Does he believe anything @realDonaldTrump says; yes! As he doesnâ€™t see past anything other than the lies fed to him. I can show him what happened at a protest &amp; he will not listen. So fuck you Donald trump for brainwashing my father!,1,cyberbullying,,
"He can't be a server at our restaurant, that beard makes him look like a terrorist. Everyone laughs. #fuckthanksgiving",1,cyberbullying,,
some people forget to realize gypsy and that was not niggers who cares about chris brown stupid dumb fuck your gypsy be a gypsy,1,cyberbullying,,
"@ItsTheCons STOP THE WORLD HIPHOP IS GAY AS FUCK, AINT NOBODY EXPOSING SO IM LOOKING @ALL AS SUSPECTS #ZULUNATION R U Dumb Nigger?",1,cyberbullying,,
"Smh â€œ@CastroTrapMoney: Get raped and hop off a bridge hoe â€œ@Kayso5: Smh RT @tayyoung_: FUCK OBAMA, dumb ass niggerâ€ùâ€ù",1,cyberbullying,,
"Please note it's also because u were traveling with white skin. Unfortunately, indians perceive whites as tourists with money and colored people with a sense of threat. Smaller towns have smaller exposure to international racism. This is a broad observation. Not true for everyone",1,cyberbullying,,
"RT â€œ@tayyoung_: FUCK OBAMA, dumb ass niggerâ€ù deep down inside you wanna be black thts why ur @name is Tayyoung so I kno u didnt mean this",1,cyberbullying,,
"Go dance on the highway with Romney ""@tayyoung_: FUCK OBAMA, dumb ass nigger""",1,cyberbullying,,
"@tayyoung_: FUCK OBAMA, dumb ass niggersomebody snipe her shitttt lmao whoaaa racis as.ff !!!",1,cyberbullying,,
I was referring to a specific incident where a white Clemson coach (according to first hand accounts of former players) called a black player a nigger derogatorily. blacks have tried to take back that word. Racism should not be tolerated. It depends on how the word was used.,1,cyberbullying,,
I mean...GIVE THE COP A FUCKING PEPSI AND YOU WON'T GET SHOT! RACISM OVER! Terrible.,1,cyberbullying,,
"Damn RT @TheRealMarcC: Wow. Cab driver just called me an ""African Black Nigger"". Disgusting&amp;ignorant. Cab Number 1K92 can drive str8 to hell",1,cyberbullying,,
@JohnXBL STFU YOU DUMB FUCKING FUCK NIGGER,1,cyberbullying,,
@vainitycreature god i fucking hate you turn your music down you dumb nigger jesus christ i'm gonna rape you with a stick fucking fuck fuck,1,cyberbullying,,
"Yeah, yo pops touches you at night it's ok.. RT @tayyoung_: FUCK OBAMA, dumb ass nigger",1,cyberbullying,,
"@Rogue_Lynch: lmao Called @ShawnIsFuego a Nigger last night, i had to be dumb z00t haha Â« haha zacks bud got this nigga racist as fuck!",1,cyberbullying,,
"It was called ""the Negro Project"" before it was called PlannedParenthood. Margaret Sanger the founder wanted to put her buildings in low income areas and make black people trust white doctors as a means to push her eugenics. First pic is her letter to a trusted confidant.",1,cyberbullying,,
"A lady reporting on the Kobe Bryant incident just said, Los Angeles Niggers. I stunt know what to make of it. I don't know what channel this is but it shows MSN in the lower right corner. #racism #hate##racehateâ€? https://www.instagram.com/p/B7zH1-eAg2j/?igshid=1mwn4q4yfnivm",1,cyberbullying,,
@_cwade @austin_lyons hey I have no problem with beating the fuck outta a 40 year old. He needs to learn how to spell forreal. Dumb nigger,1,cyberbullying,,
some white guy called me beautiful negro princess,1,cyberbullying,,
@FtTyman @GTASeries @MrBossFTW shut the fuck up you dumb nigger,1,cyberbullying,,
", I hate FuckNiggas , like if you gon talk$hit you Might as Well back it up ..",1,cyberbullying,,
"I love U for getting the wrong idea. Don't get me wrong. But don't you think the color ""black"" is just so carnally wrong it would be better to be called a ""negro""?? I mean, your souls aren't darker than white peoples. Why own it more than necessary. That's the attitude cops hate.",1,cyberbullying,,
Dumb ass niggers..shut the fuck up!!!!!,1,cyberbullying,,
"FUCK!!! Why the fuck is my day turning worse? Some fucking dumb fuck of my family broke my nigger phone. So, now im phoneless. FUCK!!!",1,cyberbullying,,
"(2) to a divisive radio talk show host who referred President Obama as""Barack the Magic Negro"", and ""Halfrican-American"", who called African and South American Countries ""Shitholes"", who call Neo-Nazis ""Very Fine People"", who has a White Nationalist (Stephen Miller)...",1,cyberbullying,,
"Nigger means ignorant, unknowing.. IGNORANCE COMES IN ANY COLOR! You dumb fuck. &amp; you look like that ignorant fuck, now.",1,cyberbullying,,
ur gnna be one of my first moots there since itâ€™s new drop ur @,1,cyberbullying,,
@bossy_eri you dumb as fuck you fat nigger bitch. My last name is Koo so shut your fat porkchop eating ass up.,1,cyberbullying,,
Facts by a fellow Unionist. The â€œMagic Negroâ€ù was taken from an article from a Black reporter from the LA Times who called Obama that because of phenomenal white support,1,cyberbullying,,
@EndicottCollege while also saying â€œkill niggersâ€ù. It is disgusting and horrific that Henry wholeheartedly meant every word he said when he sent those messages. He has shown no sympathy or remorse for his horrific comments. As a black women this is sickening and disturbing.,1,cyberbullying,,
"Is it true though ? I don't put anything past those lying sobs. Don't they always invent a minority friend? ""__ from my family tested positive (and obviously never died because __ doesn't exist)"" is the new ""I have black friends who don't think I'm racist""",1,cyberbullying,,
"Your mother wants to suck his dick tho. RT @tayyoung_: FUCK OBAMA, dumb ass nigger",1,cyberbullying,,
Can we all just get out and vote for romney so we can get this nigger out of office!!!!â€ùgo fuck yourself you dumb raciest bitch,1,cyberbullying,,
"BITCHES ARE DUMB AS FUCK. ""Nigger"" and ""Nigga"" has NOTHING to do with skin color. Kill your fucking self.",1,cyberbullying,,
ME TOO FUCK IM SUCH A DUMB NIGGER,1,cyberbullying,,
"everyday, a nigger fucks a dumb blond",1,cyberbullying,,
i cant belive im still replaying for this- first sorry that english isnt my main language and my grammer is not the best.. and how the fact i asked someone question have to deal with that she got scammed.. and its so funny how ur the one who talking with me and not her,1,cyberbullying,,
"BLM is a racist organization that advocates violent assaults, including death, of white people based solely on their skin color. They are also advocating widespread vandalism & purging anything or anyone (past &amp; present) that doesnâ€™t align with their views. BLM is the black KKK",1,cyberbullying,,
"I totally agree that human history is vile, and something we should learn from and move away from. But Nick saying white people ARE savage. Meaning current white people, doesn't have anything to do with the past, it's just racist supremacy.",1,cyberbullying,,
No roe u dumb ass nigger who da fuck would F.e.B,1,cyberbullying,,
Donâ€™t @me about her. What she did was ignorant and distasteful. What she did is offensive. Now if us â€œniggersâ€ù went and called her a â€œdumb ass crackaâ€ù or say â€œshe fucks her cousinâ€ù then we wrong. Donâ€™t take up for her because she getting attacked because she chose to be ignorant,1,cyberbullying,,
"I said ""your people still like in caves, that OR THIS ONE BELOW"" and I uploaded a photo :) you went all ""thug life"" when talking about White people dying and you called the castles I showed you trash so, you truly hate us. The negro race cannot be changed. Get used to it",1,cyberbullying,,
"abt the opinion thing, ur one of my very first REAL moots (the kind u interact with a lot and that you dont forgeâ€? â€” kinda sad i donâ€™t know who this is gjdj but ilyt omg pls ur so cute i only interact with cool people so i bet â€?",1,cyberbullying,,
@phvntvsmvgoriv @sundsuu Would you prefer I say Massa. Oh I don't wana speak ill of my masse da white man. #housenigga #coon,1,cyberbullying,,
"Fifty years ago I got a lecture about don't say ""negro say black"" 'cause it sounds like the n word. Now, I guess it is African America. Have you ever even been to Africa? I've been called white (also cracker and honky) and it has never left a bruise.",1,cyberbullying,,
Lebron James is a stupid cocky ass dumb nigger. Would of made a good slave but stupid fucks wanted equality.,1,cyberbullying,,
"Can't be too dumb he's your president for another 4 years. Sucks for you...Ha!!!RT @tayyoung_: FUCK OBAMA, dumb ass nigger",1,cyberbullying,,
"God fucking damn, you niggers are all the same. Dumb ass fucks who can't afford to live tje right way, always stealing, lying, doing wrong.",1,cyberbullying,,
@BelowThisIs: @RiccyGee fuck you dumb ass nigger. But You Saying Rt For God Huh ?,1,cyberbullying,,
Niggas get over it if you act like a dumb fuck then y can't a white person call you a nigger your being one,1,cyberbullying,,
"I just had to report someone for the most disgusting, racist, &amp; prejudice tweets I have ever seen on Twitterâ€? calling a black a NIGGER?",1,cyberbullying,,
@TheRealJacquet it's not a fucking excuse it's fact look at his line he has a bunch of big dumb niggers who don't know what the fuck to do,1,cyberbullying,,
@GB_MILLI @GRs_Prince @FootySmith come meet me quick let's fight u stinking Nigerian cunt. I'm gonna fuck u up u dumb nigger,1,cyberbullying,,
"â€œ@tayyoung_: FUCK OBAMA, dumb ass niggerâ€ù&lt;~~~~~",1,cyberbullying,,
"Iâ€™m sick of yâ€™all saying:â€ùShe was youngâ€ù the time she was going around mocking black people, I was being bullied and called a nigger via internet. Iâ€™m a year older than her. Stop justifying her disgusting actions. You donâ€™t know whatâ€™s it like to be called burnt and runaway slave",1,cyberbullying,,
"i hate white people who say nigger so nonchalant then say ""oh I was kidding"" I'll slap the fuck outta you don't be dumb",1,cyberbullying,,
i didn't do the @s but ur the first one on there u finally beat nandu,1,cyberbullying,,
#BlameOneNotAll is bad because I should be able to hate entire demographics of people for the bad things individuals do to me! #racismyall,1,cyberbullying,,
Then why are you bringing up his past? What does it have to do with anything,1,cyberbullying,,
And honestly it confused me when I still saw black people and poc still supported him. It made me feel like it was okay? I donâ€™t wanna sound ignorant or anything. But his current and past actions speak so loudly and I canâ€™t support it any longer. I donâ€™t wanna give Tatiâ€™s video,1,cyberbullying,,
What a despicable & horrible decision! How do those TODAY that had NOTHING to do with slavery back 400 years ago OWE anything to ANYONE? Will the black community pay REPARATIONS to the parents of their DEAD children and babies that have died in the past weeks? WOW this is insane!,1,cyberbullying,,
"dumb ass blinded love fucking aint cool shit. move the fuck on, find some strippers in the club nigger. burn ur bank account. thx",1,cyberbullying,,
"Ignorance @its finest RT @Kristian_elise: 1st this...RT â€œ@tayyoung_: FUCK OBAMA, dumb ass niggerâ€ù",1,cyberbullying,,
"Regardless of whether she's a racist or not this is the United States, where we practice free speech. If this dumb white hoe wants to say nigger she absolutely has that right. The more these leftist fucks try to censor our speech the more we lose our freedom as Americans",1,cyberbullying,,
"I think most people would agree that the blue story incident is a more damaging form of racism, but even though both stories were covered, only the blatant racism was called out and condemned. The media need to realise racism isn't one idiot shouting ""nigger"" at a football match.",1,cyberbullying,,
"@5EarthQUakE nigger, nigga. Still dumb as fuck!",1,cyberbullying,,
You thought this was a read....however the book was closed. You are a black woman...which is why itâ€™s disgusting and disappointing to see you have â€œtoleranceâ€ù for racial jokes and thinking its funny to jokingly call yourself a nigger in a chat room full of white ppl https://twitter.com/DojaCat/status/1285689919030136837,1,cyberbullying,,
@dYahna_2 Fuck dumb niggers. Like we supposed to tweet about all the artists we ever liked everyday just in case they die.,1,cyberbullying,,
@HumorOrTruth your a fucking dumb fuck 4 years of o nigger the USA will have nothing left this why the USA is fucked cause of people like u,1,cyberbullying,,
"@orbc__jay I told you Jaycen, I'm not just a dumb nigger. I am very gifted .... But I'm ghetto as fuck and I don't care about proper grammer",1,cyberbullying,,
There's a thing called fuck off you dumb nigger,1,cyberbullying,,
You 2 dumb ugly fuck name wayne and ugly ass chris call 411pain ugly black peace of shit nigger name wayne &amp; chris pic.twitter.com/iVvIMdxMIm,1,cyberbullying,,
I get mad when black twitter always attacks Rih but then I remember they're ugly disgusting niggers who get shot for selling food stamps,1,cyberbullying,,
Then I would get your city under control. Rolling riots and looting for the past 5 weeks with a huge increase in murder and crime in general. You havenâ€™t done anything but let black men and women die. Let him come in and clean up your mess.,1,cyberbullying,,
Fuck this dumb ass nigger iece of shit. This bitch can blow me f,1,cyberbullying,,
QPR can suck a fat asian cock. Not guilty on racism charges u dumb fucks. #niggers,1,cyberbullying,,
black person: fucks up black ppl: wow that is fucked up smh just awfu- non blacks: ive always hated that NIGGER that ROACH that disgusting DARKIE. SKIN LIKE AN OIL SPILL,1,cyberbullying,,
"â€œ@tayyoung_: FUCK OBAMA, dumb ass niggerâ€ù &lt;-- pic.twitter.com/eO0Wvtbg",1,cyberbullying,,
I hit my toe on the coffee table! Fucking shit fucker bitch nigger dumb cunt fuck asshole jackass fucking bitch fucker.,1,cyberbullying,,
@CheckBBN_Out RT @Kitty_Kat_Kyle_: MITT ROMNEY IS NUMBER 1!!!!!! Fuck that dumb nigger obama,1,cyberbullying,,
"White people will hate you and compliment you at the same time like ""Go fuck those dumb niggers and their big black cocks,you whore""",1,cyberbullying,,
Fuck my so called mama for giving birth to the hoe &amp; fuck my so called daddy for being a dumb ass nigga &amp; raising a lil white bitch that donâ€™t even belong to him only for her to grow up &amp; say itâ€™s okay for her bf to call me a bitch &amp; nigger...shit fuck everybody,1,cyberbullying,,
"Israelites was chosen for a duty onto the LORD A nation of a speckled bird, predominantly Negro/Hispanic &amp; Natives of the north Americas, but there are remnants all over the earth, Not every so called black is from Shem, nor every white is from Esau, yet Esau's faith is sealed",1,cyberbullying,,
you girls can fuck these dumb niggers get pregnant they go jail and then you aint got nun,1,cyberbullying,,
"@AntiDARKSKINNED: Don't start with that I'm brown"" bullshit. You are black, you are a nigger. You are filthy &amp; disgusting.""I'll pray for u",1,cyberbullying,,
"@kylegotjokes @DrePharaoh Welp... RT ""@ChelseaAaronn: FUCK ALL THESE DUMB ASS NIGGERS THAT DECIDED TO FOLLOW ME!""",1,cyberbullying,,
of course you were born in serbia...you're as fucked as A Serbian Film #MKR,1,cyberbullying,,
"fuck you bitch, stop posting the same shit cunt headass nigger. bust yo ass dumb bitch cunt",1,cyberbullying,,
lmaooo!!!!!!â€œ@Bankroll_Bump #POWPOW U DUM FAT HOE â€œ@ms_dominicana FUCK LIL PHAT IF YOU ASK ME DUMB ASS NIGGER NAME IDGAF WHO MADâ€ùâ€ù,1,cyberbullying,,
Not for reads and dumb as fuck nigger retards,1,cyberbullying,,
"https://www.bradford-delong.com/2020/06/baldwin-the-fire-next-timenoted.html James Baldwin (1963): The Fire Next Time: 'You... are... what happened when the Negro left the land and came into what... Frazier called ""the cities of destruction"". You can only be destroyed by believing that you really are what the white world calls...",1,cyberbullying,,
"clearly she is craving Twitter attention â€œ@nettemichelle smh RT @tayyoung_: FUCK OBAMA, dumb ass niggerâ€ù",1,cyberbullying,,
â€œ@RAWbayy: @CampaignSosa300 shut up you almost killed a cop you dumb fucking niggerâ€ùnigga shut the fuck up,1,cyberbullying,,
"Btw a nigger isn't a black person, it's a way someone acts you dumb fuck, watch what you call someone",1,cyberbullying,,
"MSM playing the racecard to incite unrest between black &amp; white. They will never tell you their own connections with racist companies like Unilever. Unilever has a very bad racist past, they never excused themselves or paid anything. #racismegesprek",1,cyberbullying,,
Jr lost the game fuck you ya dumb tatted piece of shit fuck yourself you dumbass nigger.,1,cyberbullying,,
So because his teammates forgave him for saying nigger and I hate hate gays were supposed to forgive him too ? If he was black and said â€œ fuck you dumb ass crackersâ€ù would your response be the same ?,1,cyberbullying,,
"@Gnarly_Orange, i just gotta come in and warn ya. That guy is lying. Notch is a racist. Trick is, they disguise their racism behind statements like the tweet above to try and equate the oporession of colored people in the U.S. to things like freedom of speech.",1,cyberbullying,,
â€œ@daquanj35: @CapehartJ I'm black nigga. I ain't da nigger bitch'!â€ù//Ok. You're disgusting. Twitter needs to find your IP address &amp; ban you,1,cyberbullying,,
"Itâ€™s mos def a difference in nigga and nigger. The ER is banned, discontinued, endangered, extinct. The A brings daps and pounds, establishing relationships, or used to describe a fuck nigg A that done did some dumb or simple minded shit",1,cyberbullying,,
@HiImJackiee fuck you in the asshole dumb bitch nigger!!,1,cyberbullying,,
But shorts on some fuck shit... Dumb muther niggers....,1,cyberbullying,,
"so iâ€™m assuming youâ€™re still hurt by rms whole black hair incident, correct ? or do we pick and chose whose racism matters.",1,cyberbullying,,
"@WhitePowerr_ If you call a African American a ""nigger"" you are a dumb fucking bitch that should die. Kill yourself you ignorant fuck.",1,cyberbullying,,
"@aytanavazquez man fuck this bitch ass niggers how y'all doing i Lil Tunechi im a nuisance i go stupid, i go dumb like all three stoogies",1,cyberbullying,,
He prolly called him young negro with mental problems who beats up old white folks to get off on.,1,cyberbullying,,
Really dumb nigger here is actually happening what the fuck up,1,cyberbullying,,
How the hell are you going to call Kenya a nigger ? She's by racial you dumb fuck ! @skyleraye,1,cyberbullying,,
"Canadian way of saying black. Candadian non-white way of saying Nigger. We know the code words. Disgusting and oh so tired of it. Rememer the HR person in ON govt who passed on resume referring to the applicant as ""ghetto dude""?He was qualified. Words matter. #FireLaineyLui",1,cyberbullying,,
BYE BITCH #Obama RT @TracePeterson: Fuck Obama that dumb nigger I'm going to Switzerland... Thank you America for fucking are country,1,cyberbullying,,
Can you believe a white woman says we canâ€™t say frijoles negro because uhhh why? Itâ€™s called Spanish Karen.,1,cyberbullying,,
"Lol you mad bro îê’îê’îê’îê’îê’a nigga run this country Again RT @tayyoung_: FUCK OBAMA, dumb ass nigger""",1,cyberbullying,,
Curly's a true definition of a nigger a illiterate person dumb fuck,1,cyberbullying,,
Right now they are tearing down anything and everything. Even black heroes . What I am referring to is what has been brewing over the past decade .,1,cyberbullying,,
Like you must be dumb as fuck if you think nigga and nigger and the same thing like fr,1,cyberbullying,,
"â€œ@tayyoung_: FUCK OBAMA, dumb ass niggerâ€ù this Bitch here &lt;&lt;&lt;",1,cyberbullying,,
"The difference is that the American Revolution was not a revolution explicitly designed to defend slavery and white supremacy, while secession was, according to its own advocates, for that very purpose. Stephens called it the first government based on the inferiority of the negro",1,cyberbullying,,
RT @chancellorf @youngton27 you can never be to old to get wet you dumb nigger - shut the fuck up bitch,1,cyberbullying,,
Are people really still talking about the o2l house thing shut the fuck up there's nothing you can do about it dumb niggers,1,cyberbullying,,
"Osmosis, just another dumb fuck. Only got here job by being a woman. Why not pay back the idiot repubs and nominate a dem nigger.",1,cyberbullying,,
Coke like fuck....and dumb ass Charles wit the â€œit defleee opens ya upâ€ù. Nigger,1,cyberbullying,,
"Lmao #Nomercyâ€œ@indeeuhh: Aww someone better fuck this bitch up when she go to school tomorrow. RT @tayyoung_: FUCK OBAMA, dumb ass niggerâ€ù",1,cyberbullying,,
"WtfÂ»RT @SlyCooperton: Obama is a dumb nigger, fuck him all of the ppl he chose for house let him cuz there tired of hisbdumbass",1,cyberbullying,,
Stfu who says nigger all the time you sound dumb as fuck,1,cyberbullying,,
"Fuck nigger because they can't afford me , oR even can't buy me a damn thing. Don't have time dumb ass niggers that always wants something",1,cyberbullying,,
"Has 2 interesting events last year involving race. A group of know nothing kids 18-20 called out he's a white-negro referring to my kid. I called out, don't worry honey, just another racist Maori. Funny thing here, is that they weren't really racist in a meaning full way 1/2",1,cyberbullying,,
Trying to remember if anything happened to me on this day in the past to cause my anxiety or if itâ€™s just kicking up because of all the recent changes (which are all good!) happening for me atm? I know around the anniversary of relatives passing I get extremely upset but? Hm.,1,cyberbullying,,
"Nigga comes from Nigger. Black people need to stop referring to one another as that. Negro, Nigga, Nigger needs to stop. Its ALL disgusting! There's no taking power bake when we say this. It's just ignorant, let that word go. WS laugh @these dummies insulting themselves!",1,cyberbullying,,
Have u heard of the Toronto raptors. An NBA team u dumb fucks. It's about respect u fucking niggers,1,cyberbullying,,
Dumb little nigger needs to back the fuck off,1,cyberbullying,,
"Jerica I want to release anything and anyone who does not serve my highest good and well being. And also release past pain, trauma, any blocks that are holding me back from ascending.",1,cyberbullying,,
Lightskinned nigger â€œ@JennyDaRebel_: It's only a dumb fuck that'll see me and say I bleached.â€ù,1,cyberbullying,,
"@jevans9219: â€œ@tayyoung_: FUCK OBAMA, dumb ass niggerâ€ù woah der hoe.... You can't be mad at the bitch for being straight up",1,cyberbullying,,
"Then quit making comments like that, say itâ€™s wrong for anybody yo use the word, not just White people. Iâ€™m 55 years old and wasnâ€™t thst long ago they wanted called negro.",1,cyberbullying,,
I saw that video and skipped right past it. I know itâ€™s going to be the top video on that sound and iâ€™m so mad. Black girls donâ€™t get anything for ourselves. This sound was to celebrate black features and skin.,1,cyberbullying,,
"â€œ@OsamaBinHeemin: â€œ@tayyoung_: FUCK OBAMA, dumb ass niggerâ€ù Dont Get Lil Reesed Bitchâ€ù bitch",1,cyberbullying,,
"Ive been called a ""House Negro"" by several people on the left lmao, most of whom are white",1,cyberbullying,,
"Such a shame that some of my closest friend in med school is just telling bs everytime they posted something abt prevention of covid 19 but irl ga menerapkan yg seharusnya. Yasudahlah at the end of the day, just care and protect yourself and ur loved one first.",1,cyberbullying,,
"fuck all u dumb ass black bitches who keep getting HIV, u stupid ass stank pussy nigger bitches make my race look bad, im ashamed of u hoes",1,cyberbullying,,
Itâ€™s amazing how disgusting white people are #onhere stealing black folks pictures to use as cover to call us niggers.,1,cyberbullying,,
"Â«@_iShotBarbie_ Lmao tell her again RT @MzParkaMzParkuh: That's PRESIDENT nigga to you.. RT @tayyoung_: FUCK OBAMA, dumb ass niggerÂ»",1,cyberbullying,,
@Jazed13 @PaigeLeighhx3 thats gay as fuck. old niggers say dumb shit like that,1,cyberbullying,,
"â€œ@MchenryRoss11: one, they're 3D glasses you dumb fuck. 2, you're not ""rich"" by having ""bands"" by selling drugs. 3, you're no Sosa, niggerâ€ù",1,cyberbullying,,
you know what white people im sorry..because NIGGERS are truly DUMB AS FUCK! i swear if they fuck this up its ON FOREVER!,1,cyberbullying,,
fuck you niger it has been twenty years for you dumb ass to laugh about it,1,cyberbullying,,
"(Acts 29:16431) AND it is God's creation, the divine sanctified dark skinned ""Golden"" Negro Hebrew Nations of God's created people which are the genuine original ""real"" Kings and Priests of God today, trained by God and not by devil's possessed white men called theologians!",1,cyberbullying,,
"There goes dumb nigger thumping his foot all night again, got cats armed and ready like anyone gives a fuck about them.",1,cyberbullying,,
"It's BS that white people have more freedoms than colored human beings.This BS needs to stop. White thugs walk around with their big guns cus they have no balls intimidating everyone, but a colored man would be shot immidiately if seen like that. Racism dont u think!",1,cyberbullying,,
â€œ@holyhoe: @QueenHoneyC disgusting nigger get some talent whoreâ€ùlol shes not black...she's Asian,1,cyberbullying,,
"Only a nigger would say ""pause"" for my headbanging comment. Dumb fuck.",1,cyberbullying,,
"Its her favorite kind RT @APDOESIT: You know you like black Dick..""@tayyoung_: FUCK OBAMA, dumb ass nigger""",1,cyberbullying,,
"What these people with dyed black hair, niggers, Swedes and Chinese demand is absurd! They want sexual hegemony! We have said no and that there is the nastiest of Bombing Commands in Great Britain - beyond the disgusting albino Boris Johnson's control - to deal with it",1,cyberbullying,,
"#ShitRednecksSay RT @tayyoung_: FUCK OBAMA, dumb ass nigger",1,cyberbullying,,
"(Acts 29:18468) AND (the satanic diabolical ""enemy"") sowed (white species Nephilim heritage) TARES among the (divine dark skinned ""Golden"" Negro Hebrew Nations of God's creation called) Wheat (by God, also ""Good Seed"", and ""Sheep"" by God) in God's field which is the world"",",1,cyberbullying,,
"Just an astonishingly terrible take, as though Rev who is a legit force, is the only black person Trump can think of. Nor is base naming anything any African American seeks as settlement for relief against past government interference with their lives, based on Magna Carta rights",1,cyberbullying,,
"â€œ@Jizzy_Neutron: Chill RT ""@KING_COBBA: Obama what the fuck are u talking about u dumb niggerâ€ùâ€ù This is intelligent thinking.",1,cyberbullying,,
"just learned of the white DJ called ""Joey Negro"" and apparently it was only yesterday that he decided not to go by that name anymore lmaoooo",1,cyberbullying,,
@TreezyDidItOnEm @BillyMinaj you just dumb as fuck nigger.,1,cyberbullying,,
U got 10K u find a one bedroom 1200 a month first &amp; last plus desposit so just say 3000 just to move in now u have 7K ..u want some furniture rite? Thatâ€™s another 4K now u down to 3K u havenâ€™t even ate r paid ur other bills,1,cyberbullying,,
@neekroh Your picture creeps me the fuck out. #Coon xD,1,cyberbullying,,
"Your 3rd eye is not a sixth sence you DUMB FUCK! Its your pineal gland, dumb nigger!",1,cyberbullying,,
"@_hal3s: @victorialayne_ @KatieM0ats @baileytayl0r @itstaysmith mlk is another irrelevant nigger. Fuck you, dumb racist ignorant ass bitch",1,cyberbullying,,
@kkk_recruting fuck niggers! They are all dumb!,1,cyberbullying,,
You are literally saying blood alone and nothing else is what makes someone who they are unless that blood is nigger blood and in that case claim anything else if yr mixed bc being Black is disgusting I guess,1,cyberbullying,,
â€œ@Horny_Bastardd: I HATE LEBRON !!! YOU DUMB FUCKED UP HAIRLINE CLUTCH MOTHERFUCKER FUCK YOU NIGGERâ€ù,1,cyberbullying,,
"disgusting NIGGER @silvacaston loves white women... leave them alone!!! there are enough black women, back off Nigger!",1,cyberbullying,,
Fuck you lame Niggers! Y'all not Trill! Wanna know how? Cuz ya dumb ass don't follow @_Thuggerrr !! GO FOLLOW HER!,1,cyberbullying,,
"Back in the day they called it cooning. She presents herself as being (The acceptable black,) an Oreo. She fllatters white people by diminishing black people within her caste system. She is the highbrow black amongst the loathsome footshuffling negros.",1,cyberbullying,,
@sergiovee_ dumb nigger fuck shit bitch!,1,cyberbullying,,
So someone say nigger ww3 abiut to start but if im a illiterate dumb fuck and say nigga.....its all good im the best???? WTF?????,1,cyberbullying,,
"Ok Nigger RT @KupKakeKatie Im so over black people who say the word ""nigga"" but want racism to stop, I hate you dumb fucks.",1,cyberbullying,,
Thes niggers dumb as ALL fuck. Weep for the public school system.,1,cyberbullying,,
"@giavannacolby fuck you, dumb nigger.",1,cyberbullying,,
"I beat a kid 6-2 his reaction is... ""I hope i get a hit by a bus u over weight fat fuck dumb nigger"" so salty",1,cyberbullying,,
hi everyone i just want to be as transparent of a person as i can. so i want to say something before someone digs up anything on my past. when i was in the seventh grade i used to say the nword a lot. i was around a lot of black people and i thought it was okay. cont~,1,cyberbullying,,
@itzguccibitch &amp; I have changed. I grew the fuck up after your ass. You're still the same dumb nigger doing nothing with his life.,1,cyberbullying,,
"and that fact you coon contrarian ""objective"" ass niggers never call out ur friends cause yall in the same book club is BS. clearly that aint your comrade if they're that anti black racist, u dumb fucks.",1,cyberbullying,,
"sooooo u mad? you gon be aight RT @tayyoung_: FUCK OBAMA, dumb ass nigger",1,cyberbullying,,
"Ha! RT @DUBinc: Ok Nigger RT @KupKakeKatie Im so over black people who say the word ""nigga"" but want racism to stop, I hate you dumb fucks.",1,cyberbullying,,
"The amount of BLACK people defending Bill Maher is disgusting. He commented on being a ""house nigger"". That's racist af",1,cyberbullying,,
@PhilDiscenza nah fuck you. You dumb nigger,1,cyberbullying,,
Why would I want to stop anything bettering black people. Again youâ€™re too young to comprehend. Youâ€™re putting words in my mouth and going way too hard for nothing. You donâ€™t know my stance or me. Itâ€™s past your bed time.,1,cyberbullying,,
"â€œ@tayyoung_: FUCK OBAMA, dumb ass niggerâ€ù LOOK BITCH ! Why u keep throwing this word SUCK HIS NIGGA DICK U FAT HONKEY !",1,cyberbullying,,
Nigger Fuck Your Dumb Mob! Cos I Just Brought Suttin To Make 30mums Sob!,1,cyberbullying,,
Once again I donâ€™t give a fuck if you hate me lmao. You over here worried about MY dick lmao dumb ass nigger,1,cyberbullying,,
â€œ@CruelYear: Dumb ass tweet â€œ@dlat0n: Black people that get offended by the word nigger https://twitter.com/dlat0n/status/431765494065266688/photo/1â€ùâ€ùfuck thass supposed to mean?,1,cyberbullying,,
"â€œ@tayyoung_: FUCK OBAMA, dumb ass niggerâ€ù what do you expect she lives in a town of 250 people her mothers also her sister lol",1,cyberbullying,,
Stop! You racist fuck! Fucking dumb ass nigger!,1,cyberbullying,,
"I'm still fuckin a white girl this weekend knowin ya president black.. @tayyoung_: FUCK OBAMA, dumb ass nigger",1,cyberbullying,,
you scared me at first HAHAHAHHA btw goodluck finding ur ic or make the new one,1,cyberbullying,,
"we are well past the point where arming ourselves for self defense would be justified. I'm not going to say anything illegal should be done, since that would violate tos, but if you are going to be dragged off to a cia black site and have gods know what done to you...",1,cyberbullying,,
MORE COMMIE TERRORIST KOREAN NIGER TALK FOR HARVESTS TERRORIST ALAKSN METH HEAD COP CHURCH OWNS MY MIND FOR COLORED HIGH SCHOOL RACISM WANTS TRUMPS AMERICA SUED,1,cyberbullying,,
"She a ugly ass white hoe RT @Oct5thVeryOwn: â€œ@TRILLXBXTCH_: Shutup bxtch ! RT @tayyoung_: FUCK OBAMA, dumb ass niggerâ€ù FUCKING HILL BILLIES",1,cyberbullying,,
"@CARMODlE omg hi!! you were one of my first moots and are still one of my fav!! i love seeing your tweets on my tl bc youâ€™re rlly funny :)) and ur famous oomf, literally winning in life!! interact more? ily &lt;3",1,cyberbullying,,
this nigger is dumb as fuck,1,cyberbullying,,
lmao pow pow bri? RT: @Bankroll_Bump #POWPOW U DUM FAT HOE â€œ@ms_dominicana FUCK LIL PHAT IF YOU ASK ME DUMB ASS NIGGER NAME,1,cyberbullying,,
There is no racism in Trump! Get a new perspective! Ur lenses are colored! Or dirty...u can't see right!,1,cyberbullying,,
Remember black mob aka goodfellas or whatever the fuck you coons and niggers call your gang of thugs.....you started this shit to me. And I will not back down to a bunch of dumb niggers with guns.,1,cyberbullying,,
"I hope that pens fan dies, you don't call Wayne Simionds a dirty nigger he's Canadian you dumb fuck",1,cyberbullying,,
"[We must stand together against those who promote hatred and racism in Israel, Palestine, the U.S. and everywhere.] All bull$hit talk, bern, You are yet to come to #NYCsheletrs and see the hatred, and racism being perpetuated on poor &amp; homeless colored people so that .....",1,cyberbullying,,
Democrat Rep. Sheila Jackson Lee cites racism as source of United Airlines incident in a statement http://fxn.ws/2BVE6tO #FoxNews &gt;&gt;Most niggers do!!,1,cyberbullying,,
You 2 dumb ugly fuck nigger name wayne positive Trash soft ass nigga pic.twitter.com/5BZJq1nD9M,1,cyberbullying,,
"niggers are those who are igrant dumb fucks, who belive the are smart, when really they're doing the chasing [eg, drunk rat towards my rite]",1,cyberbullying,,
"Racism still alive and well more than ever RT @Ace_Muney: RT @tayyoung_: FUCK OBAMA, dumb ass nigger http://lockerz.com/s/259495988",1,cyberbullying,,
i dont see anything wrong RT @KrazyAzzK: Bitch what?! Dumb ass nigger RT @SoulSistaNokc fuck phone went dead and I cant find the charger,1,cyberbullying,,
"i dont see color, but when black folks get on track together, nothing gets past em, just incredible, never seen anything like it.",1,cyberbullying,,
"RT this trick!""@HoesHateHerv: EAT A DICKKKKKKKK ! Your gonna have mulatto kids ! â€œ@tayyoung_: FUCK OBAMA, dumb ass niggerâ€ù""",1,cyberbullying,,
Arabian whore RT @DTF_LikeCaillou: Fuck you too then . Dumb nigger RT @NiceHodgy Yall &lt;&lt;&lt;&lt;&lt; RT : You &gt;&gt;&gt; RT @WhatDaMoufDo: You &gt;,1,cyberbullying,,
"hi queen! first of all im rlly happy to be moots w u! seeing ur posts on my tl, esp the aesthetic themed threads, is one of my source of life ajjsgdhs. i hope we could interact more! anddd tbh i see u as a big sister here on twt . also, gl on ur exams! iâ€™ll be praying for ya",1,cyberbullying,,
old news whitey RT @_WSBG: ARE YOU SERIOUS? IVE BEEN LIED TO THIS WHOLE TIME RT @fuck_your_kind: @_wsbg N.Koreans arent Chinamen.Dumb Nigger,1,cyberbullying,,
"Awww she mad RT @D_Str8LiDat: Reporting live from white twitter RT @tayyoung_ FUCK OBAMA, dumb ass nigger",1,cyberbullying,,
"If there's anything I've learned over the past few months as I've listened to my Black friends, it's how much the police enjoy and look forward to certain aspects of the job. It sickens me.",1,cyberbullying,,
As originally stated. Black anything is not inherently bad. It is when black is implied as negative that it takes on the past of blakc = bad connotation.,1,cyberbullying,,
"@BHENDRIX3 you know what fuck nigga, dumb nigger bitch, coon, house niggra, wildcat, i learned these manners from you.",1,cyberbullying,,
"@Shelly_Smyth you dumb dickhead bitchh, dem ""niggers"" of America should fuck your shit up you stupid hoe. Racist headmouth. Ugly prick!",1,cyberbullying,,
"Sry bro I don't talk to teenagers Ur understanding level is not good Doesn't matter how much u love ur gf crush, one sided love, wife but family always comes first Nothing is more important than family chahey kaisi bi ho",1,cyberbullying,,
girl from nowhere is definitely one of those serial movies u wish u could just erase ur memories and watch it again for the first time,1,cyberbullying,,
what triggered this and also what does the black community have to do with anything controversial i've said in the past 24 hours (i'm assuming this is based off of my tweet saying kylie jenner is embarrassing),1,cyberbullying,,
"I was 9 when a elderly man called me and my mom a niggers in the parking lot of our grocery store, because he was trying to park illegally. I didn't really have another incident with racism until I got to highschool when one of my classmates wrote his racist manifesto.",1,cyberbullying,,
When u stop fucking wit a nigger...He goes back to that same dumb hoe he use To fuck wit...&amp; she thinks she winning bt she's jst da rebound,1,cyberbullying,,
@Jblohm3: Imma try to give up swearing for lent but it's gonna be hard fuck you dumb hoe ass bitch cunt pussy nigger,1,cyberbullying,,
#SourcesSay Fuck my life. Fuck Chris Paul. Fuck Houston for getting involved. Can't root for you no more dumb nigger.,1,cyberbullying,,
"You don't need white people to get shit done. Malcolm X called it: â€œThe worst enemy that the Negro have is this white man that runs around here drooling at the mouth professing to love Negros and calling himself a liberal, and it is following these white liberals that has...",1,cyberbullying,,
"Before Trump, dumb niggas just blamed everything on the Illuminati, voting was dumb bc niggas just assumed the secret societies had shit sewed up. Then Trump came like naw niggers I really have power Iâ€™m bout fuck shit up for the next 8 piece",1,cyberbullying,,
also fuck everything that dumb nigger has to say anyways bc he only likes yt boys and supports r kelly like tf,1,cyberbullying,,
"so, candi (stripper name by the way), upon scrolling less than 5 tweets down your timeline, i see u defending joe biden who literally said colored = poor. sorry sis racism isnt accidental, ever. and also, call brendon urie, i found someone with a forehead bigger than his.",1,cyberbullying,,
Hey Joseph you dumb fuck that hard R makes a difference actually ppl do not say nigger commonly they say nigga,1,cyberbullying,,
"Some girls are jus dumb, I see why niggers mind fuck em",1,cyberbullying,,
"@aIovesong @XAVIERLEEDS no they aren't. You called him a ""nigger"" with the intention to be insulting, that's complete different. Dumb fuck.",1,cyberbullying,,
Fuck you bitch my i want everybody on my page to get on this fool right now RT @cjriley78: @LilBtheGreat dumb ass nigger,1,cyberbullying,,
"â€œ@tayyoung_: FUCK OBAMA, dumb ass niggerâ€ù where TF is black twitter at? Please get this bitch",1,cyberbullying,,
"Like I said, it was the tip of the iceberg. I donâ€™t think I saw anyone unstanning him for solely this incident. The fact that he produced this song may have turned out to be false but that doesnâ€™t make up for anything heâ€™s done in the past and black fans owe him NOTHING because-",1,cyberbullying,,
Ur supposed to take pictures for proof even if itâ€™s ur first one dude,1,cyberbullying,,
mad nigger is mad. RT @Mr_Squire: @ImKittiees you can go fuck yourself as well. Your name's dumb as fuck....stay in your lane son.,1,cyberbullying,,
"It was covered by white moderate. He also warned us about the ""negro opposition"" who'd align themselves with that moderate. Malcolm called them the foxes to the Republican wolves.",1,cyberbullying,,
"Sinister thought but I must ask. Is 45 letting this pandemic run wild because it's hitting black and brown communities hard as well as big cities? I mean, his base is widely rural, right? Sorry, it's a horrid thought but I wouldn't put it past him. Anything to suppress the vote.",1,cyberbullying,,
nvm it was a dumb fucking fanboy nigger fuck.,1,cyberbullying,,
WHITE players only competed against WHITE players and in the so called Negro Leagues Black players only competed against BLACK players? There were many players who would not be in the Majors because of segregation. Still great but records do not count until integration of MLB,1,cyberbullying,,
"I need to get the FUCK outta Texas cause it's nothing but Ignorant droupout niggers, dumb tall tee wearing mexicans, &amp; Racist white people.",1,cyberbullying,,
Anything can be called â€œracist statementsâ€ù. â€œWhite privilegeâ€ù is racist speech. Black Sunday Black ice Black coffee. Do we really want to go there. Negro lake in Mobile? Oh we can do be offended if we want. Rap music offends me.,1,cyberbullying,,
LOL ILL FLAME THE FUCK OUTTA ALL THEM DUMB NIGGERS BUT YET THEYRE ON MY DICK ANY OTHER TIME? lol,1,cyberbullying,,
"@TaylorEllis272 Hahaha ""so ahh how bout I almost killed a nigger tonight"" your dumb as fuck",1,cyberbullying,,
Fuck Riko and Jade dumb niggers â€” Ok http://ask.fm/a/31afn2k5,1,cyberbullying,,
itâ€™s as if i need to be darker to be listened to. i should tell the women of color they arenâ€™t colored enough and their hair is too white girl looking so they canâ€™t really understand. itâ€™s ridiculousness &amp; why racism still continues. u need to be the bigger victim,1,cyberbullying,,
Why are you so mad? Calling names â€œ@badponyracing: @itsericalkelley yet u answered dumb fuck he was a worthless nigger going no where lmaoâ€ù,1,cyberbullying,,
"Nope. Just honest. Rush mocked a man w/ Parkinson's, had a radio segment called ""Barack the Magic Negro"", called Chelsea Clinton the White House dog when she was 13, &amp; is himself a walking cancer on the world. I won't for one second pretend that I care if he dies. Good riddance!",1,cyberbullying,,
RT @trillsuade: I hate Niggaas that act like bitches Ã°ÂŸÂ‘Â?Ã°ÂŸÂèÂ?,1,cyberbullying,,
"And when Amy Siskind got into it online 1 or 2 years ago with 2 Black women journalists that questioned her repub past, and caused them to be harassed by her followers, ecm jumped right to Amys defense without examining anything or listening to the Black women. Be careful. Very.",1,cyberbullying,,
@Impact_MiRx HAHA fuck you you dumb #nigger! That's what you guys get for being so cocky.,1,cyberbullying,,
"â€œR u not lik de Cushites(Colored race) 2 me,O people of Israel (White race)?â€ù declares de Lord.- Bible(Am.9:7). Am against racism,caste-ism!",1,cyberbullying,,
i'm 5'4 lmaooo ur the first one to tink im tall i love it here,1,cyberbullying,,
RACISM is wen u select ur white clothes to wash first b4 d colored ones. Say NO to Racism!!! Wash dem all 2geda:|-_-,1,cyberbullying,,
"RT @LarrySJones1: @stephenasmith - If Tim Tebow was Black, u'd b all over him like a Big Lipped Nigger on Barbeque'd Chicken"" disgusting",1,cyberbullying,,
"RACISM is wen u select ur white clothes,n wash dem before the black/colored ones!! Say NO to RACISM... Wash them together",1,cyberbullying,,
Coming outside for a grocery run is making me grateful to be quarantined after all. This white man just called a group of black women â€œfucking niggersâ€ù because HE bumped into them. Iâ€™d be fine being quarantined forever because people are disgusting!,1,cyberbullying,,
"Lol this girl is posting inspiration memes and black lives matter quotes. But when your white friend called us a negro in lecture, your ears stopped working and your gum stayed closed. KMFT",1,cyberbullying,,
@TheRevAl Hey Nigger Al Get the Fuck off the Air and go back in your Cave.You are One Dumd Burrhead. As Dumb as that Nigger Robinson .,1,cyberbullying,,
Weâ€™re in a society brain washed by the past and brain fucked by the present. Iâ€™m not black but I will do anything just to make the world equal for people of colour for people with different believes and from different countries I would sacrifice my life for you. FUCK RACISTS,1,cyberbullying,,
â€œ@PhonkyTown: TAKE THAT YOU FUCKING NIGGERS! ZIMMERMAN NOT GUILTY! YEAH BITCH FUCK TRAYVON DUMB ASS NIGGER https://twitter.com/PhonkyTown/status/356232317569744896/photo/1â€ù WOW.,1,cyberbullying,,
some racist fuck just called in and was talking about the dumb nigger tech and I was like uhhh I'm black he said oh shit and hung up lol,1,cyberbullying,,
@onedirection @NiallOfficial shut the fuck up dumb ass niggers omfg stop coping niall's tweets,1,cyberbullying,,
"nigga no one dodged you. Ur cheeks. Ur bio is ""I don't fuck with dumb niggers"" like how old are you? 10?",1,cyberbullying,,
Fuck man all these niggers in this class so dumb as shit they always bothering me for answers n shit like FUCKOFF,1,cyberbullying,,
cole been #1 in the game for at least a year now. love k dot but he ainâ€™t put out anything for like 2 years and thereâ€™s no way somebody is gonna tell me his contributions to the black panther is better than the shit cole has put out over the past year. fact.,1,cyberbullying,,
@dZ_SuWoo fuck off you dumb nigger,1,cyberbullying,,
"Hahaha they mad as fuck yal ---&gt; RT @tayyoung_: FUCK OBAMA, dumb ass nigger",1,cyberbullying,,
RT @koromonayy: Racism in America is both Overt and Covert.They may not call Colored people Niggers to their ... http://m.tmi.me/k40yF,1,cyberbullying,,
another dumb bitch nigger selling oxyclean. fuck off gnostic idiot. I live and breathe experience. burn in witches â€? http://spoti.fi/1NO4e6C,1,cyberbullying,,
Why. Itâ€™s reverse racism and harassment. So if a colored person walks into an Irish pub w an Obama shirt hecshould be harassed? I mean Iâ€™m sure it happens but itâ€™s wrong both ways. If u support trump ur deemed a racist. Itâ€™s not the truth,1,cyberbullying,,
@mgniii12 uhmm tell him don't be a dumb nigger sorry about that race I don't fuck with them,1,cyberbullying,,
@squeezinpeaches @NegativeDyllanP @_SQUISHY_ WERE. Whatever the fuck -kin . You're a damn human you dumb nigger,1,cyberbullying,,
"Lmao a bitch is maaad! #4moreyears RT @islandkidstef: ""@tayyoung_: FUCK OBAMA, dumb ass nigger"" TELL ME WHO HURT YOU....I NEED TO KNOW LMAOO",1,cyberbullying,,
"You're dumb af â€œ@lydialiskai: These people are flat out niggers. You don't burn a flag, especially an American flag. Go fuck yourselves.â€ù",1,cyberbullying,,
"gudnite twitter hoes, bitches, niggers, cunts &amp; dumb fucks!",1,cyberbullying,,
That nigger busy giving @MphO_ReZ mixed signals via tumblr pictures. FUCK tumblr ... He dumb AF,1,cyberbullying,,
"â€œ@2Goats1Cup: Bet you've sucked hella nigger dick in your life tho. RT ""@tayyoung_: FUCK OBAMA, dumb ass nigger""â€ù",1,cyberbullying,,
"He was gonna say ni a, you dumb fuck, he wasn't going to say nigger. They have different meanings.",1,cyberbullying,,
"Lmao u mad at your face. I'd be mad too you sea lion cub. â€œ@tayyoung_: FUCK OBAMA, dumb ass niggerâ€ù",1,cyberbullying,,
@juanfarias9 shut the fuck up you dumb sand nigger,1,cyberbullying,,
"a little while ago he said nigger in a video to be â€œfunnyâ€ù. despite my username, as a young FORMER black fan of his itâ€™s disgusting",1,cyberbullying,,
"FUCK OUT MY MENTIONS YOU DUMB NIGGER ""@TeeJayBruh: @LayupOnHoes_ NIGGA""",1,cyberbullying,,
"RT @tayyoung_: FUCK OBAMA, dumb ass nigger http://lockerz.com/s/259498313",1,cyberbullying,,
ur the first one ive met who doesnt like dinosaurs omg,1,cyberbullying,,
@ESPNNFL Fuck michael brown dumb nigger got what he deserved.,1,cyberbullying,,
@BlogForBlacks why would i give a fuck about some dumb nigger blog?,1,cyberbullying,,
@MzLongLeggz: http://yfrog.com/moh71cej Nigger Brown Colored Shorts A&amp;F racism is still alive and well! As if we needed any more proof!,1,cyberbullying,,
"RT @iNewYorker: @NittyGeez WRINKLED SKIN, WHAT THE FUCK YOU GO DO? I'LL BE HERE, DUMB NIGGER!&lt;This dude or chic is corny #waymanflow",1,cyberbullying,,
Ignorant nigger. What else is knew. Show some fuck humanism you dumb motherfucker,1,cyberbullying,,
"Ah, there we go. You're one of those tap dancing negros that wants to sound like white people when it's time for you to get called out. I hear you sport. I'm glad we cleared that up. I don't mind moving on. You're already lost. Cheers.",1,cyberbullying,,
What the fuck? You're dumb RT @Bray_2_Raw: @FreakingJae @tinytwerk hold up Jae it's alright I gave her a nigger card so she's good ight!!,1,cyberbullying,,
Nigga just tried me on the road. Back the fuck down dumb nigger. Lol,1,cyberbullying,,
fuck your lesbo looking dyke fuck ass bitch ass pussy nigger bitch fuck bitch nigger loving bitch pussy dumb fucking forehead bitch ass hoe,1,cyberbullying,,
"Kill yourself dumb bitch!!! RT @tayyoung_: FUCK OBAMA, dumb ass nigger",1,cyberbullying,,
,1,,,
